السنة هجري,السنة ميلادي,الإدارة العامة ,الرقم الوزاري,اسم المدرسة,السلطة,المرحلة,جنس المدرسة
1446,2025,الرياض,10101,ابتدائية الإمام مسلم,حكومي,المرحلة الإبتدائية,بنين
1446,2025,الرياض,10103,ابتدائية عبدالله بن سلام,حكومي,المرحلة الإبتدائية,بنين
1446,2025,الرياض,10103,ابتدائية عبدالله بن سلام,حكومي,المرحلة المتوسطة,بنين
1446,2025,الرياض,10107,ابتدائية أبي ذر الغفاري,حكومي,المرحلة الإبتدائية,بنين
1446,2025,الرياض,10109,ابتدائية الراغب الأصفهانى,حكومي,المرحلة الإبتدائية,بنين
1446,2025,الرياض,10110,ابتدائية أبي هريرة,حكومي,المرحلة الإبتدائية,بنين
1446,2025,الرياض,10111,ابتدائية الإمام محمد بن سعود,حكومي,المرحلة الإبتدائية,بنين
1446,2025,الرياض,10112,ابتدائية الإمام تركي بن عبدالله,حكومي,المرحلة الإبتدائية,بنين
1446,2025,الرياض,10113,ابتدائية الرمحية,حكومي,المرحلة الإبتدائية,بنين
1446,2025,الرياض,10113,ابتدائية الرمحية,حكومي,المرحلة المتوسطة,بنين
1446,2025,الرياض,10118,ابتدائية ابن خزيمة,حكومي,المرحلة الإبتدائية,بنين
1446,2025,الرياض,10122,ابتدائية ابن عباس,حكومي,المرحلة الإبتدائية,بنين
1446,2025,الرياض,10124,ابتدائية ابن كثير,حكومي,المرحلة الإبتدائية,بنين
1446,2025,الرياض,10125,ابتدائية ابن ماجه,حكومي,المرحلة الإبتدائية,بنين
1446,2025,الرياض,10126,ابتدائية ابن الهيثم,حكومي,المرحلة الإبتدائية,بنين
1446,2025,الرياض,10129,ابتدائية أبي سعيد الخدري,حكومي,المرحلة الإبتدائية,بنين
1446,2025,الرياض,10130,ابتدائية أبي عبيدة بن الجراح,حكومي,المرحلة الإبتدائية,بنين
1446,2025,الرياض,10131,ابتدائية أبي موسى الأشعري,حكومي,المرحلة الإبتدائية,بنين
1446,2025,الرياض,10132,ابتدائية أحد,حكومي,المرحلة الإبتدائية,بنين
1446,2025,الرياض,10133,ابتدائية أحمد بن حنبل,حكومي,المرحلة الإبتدائية,بنين
1446,2025,الرياض,10134,ابتدائية الأحنف بن قيس,حكومي,المرحلة الإبتدائية,بنين
1446,2025,الرياض,10141,ابتدائية أبي داود,حكومي,المرحلة الإبتدائية,بنين
1446,2025,الرياض,10143,ابتدائية الإمام سعود الكبير,حكومي,المرحلة الإبتدائية,بنين
1446,2025,الرياض,10145,ابتدائية أم القرى,حكومي,المرحلة الإبتدائية,بنين
1446,2025,الرياض,10146,ابتدائية الأندلس,حكومي,المرحلة الإبتدائية,بنين
1446,2025,الرياض,10147,ابتدائية الأنصار,حكومي,المرحلة الإبتدائية,بنين
1446,2025,الرياض,10149,ابتدائية بلال بن رباح,حكومي,المرحلة الإبتدائية,بنين
1446,2025,الرياض,10149,ابتدائية بلال بن رباح,حكومي,المرحلة المتوسطة,بنين
1446,2025,الرياض,10151,ابتدائية الترمذي,حكومي,المرحلة الإبتدائية,بنين
1446,2025,الرياض,10152,ابتدائية التسهيل,حكومي,المرحلة الإبتدائية,بنين
1446,2025,الرياض,10154,ابتدائية التوفيق,حكومي,المرحلة الإبتدائية,بنين
1446,2025,الرياض,10155,ابتدائية التيسير,حكومي,المرحلة الإبتدائية,بنين
1446,2025,الرياض,10156,ابتدائية ثابت بن قيس,حكومي,المرحلة الإبتدائية,بنين
1446,2025,الرياض,10157,ابتدائية جابر بن حيان,حكومي,المرحلة الإبتدائية,بنين
1446,2025,الرياض,10158,ابتدائية جابر بن عبدالله,حكومي,المرحلة الإبتدائية,بنين
1446,2025,الرياض,10161,ابتدائية جبل النور,حكومي,المرحلة الإبتدائية,بنين
1446,2025,الرياض,10162,ابتدائية جرير,حكومي,المرحلة الإبتدائية,بنين
1446,2025,الرياض,10163,ابتدائية جعفر بن أبي طالب,حكومي,المرحلة الإبتدائية,بنين
1446,2025,الرياض,10165,ابتدائية حاتم الطائي,حكومي,المرحلة الإبتدائية,بنين
1446,2025,الرياض,10165,ابتدائية حاتم الطائي,حكومي,المرحلة المتوسطة,بنين
1446,2025,الرياض,10166,ابتدائية الحارث بن كلدة,حكومي,المرحلة الإبتدائية,بنين
1446,2025,الرياض,10169,ابتدائية حراء,حكومي,المرحلة الإبتدائية,بنين
1446,2025,الرياض,10171,ابتدائية حسان بن ثابت,حكومي,المرحلة الإبتدائية,بنين
1446,2025,الرياض,10173,ابتدائية الحسين بن علي,حكومي,المرحلة الإبتدائية,بنين
1446,2025,الرياض,10174,ابتدائية حمزة بن عبد المطلب,حكومي,المرحلة الإبتدائية,بنين
1446,2025,الرياض,10175,ابتدائية مجمع الملك سعود بن عبد العزيز,حكومي,المرحلة الإبتدائية,بنين
1446,2025,الرياض,10176,ابتدائية البديعة,حكومي,المرحلة الإبتدائية,بنين
1446,2025,الرياض,10178,ابتدائية الربوة,حكومي,المرحلة الإبتدائية,بنين
1446,2025,الرياض,10179,ابتدائية الروضة,حكومي,المرحلة الإبتدائية,بنين
1446,2025,الرياض,10180,ابتدائية سلطانة,حكومي,المرحلة الإبتدائية,بنين
1446,2025,الرياض,10182,ابتدائية قوات الأمن الخاصة,حكومي,المرحلة الإبتدائية,بنين
1446,2025,الرياض,10182,ابتدائية قوات الأمن الخاصة,حكومي,المرحلة المتوسطة,بنين
1446,2025,الرياض,10184,ابتدائية النظيم,حكومي,المرحلة الإبتدائية,بنين
1446,2025,الرياض,10185,ابتدائية خالد بن الوليد,حكومي,المرحلة الإبتدائية,بنين
1446,2025,الرياض,10187,ابتدائية خباب بن الأرت,حكومي,المرحلة الإبتدائية,بنين
1446,2025,الرياض,10190,ابتدائية الخوارزمي,حكومي,المرحلة الإبتدائية,بنين
1446,2025,الرياض,10194,ابتدائية زمزم,حكومي,المرحلة الإبتدائية,بنين
1446,2025,الرياض,10196,ابتدائية زيد بن ثابت,حكومي,المرحلة الإبتدائية,بنين
1446,2025,الرياض,10196,ابتدائية زيد بن ثابت,حكومي,المرحلة المتوسطة,بنين
1446,2025,الرياض,10200,ابتدائية سعد بن أبي وقاص,حكومي,المرحلة الإبتدائية,بنين
1446,2025,الرياض,10202,ابتدائية سعد بن معاذ,حكومي,المرحلة الإبتدائية,بنين
1446,2025,الرياض,10204,ابتدائية علي بن أبي طالب,حكومي,المرحلة الإبتدائية,بنين
1446,2025,الرياض,10205,ابتدائية سلمان الفارسي,حكومي,المرحلة الإبتدائية,بنين
1446,2025,الرياض,10206,ابتدائية سليمان بن عبدالملك,حكومي,المرحلة الإبتدائية,بنين
1446,2025,الرياض,10208,ابتدائية السيرة,حكومي,المرحلة الإبتدائية,بنين
1446,2025,الرياض,10209,ابتدائية سيف الدولة الحمداني,حكومي,المرحلة الإبتدائية,بنين
1446,2025,الرياض,10211,ابتدائية الشهداء,حكومي,المرحلة الإبتدائية,بنين
1446,2025,الرياض,10212,ابتدائية الصالحية,حكومي,المرحلة الإبتدائية,بنين
1446,2025,الرياض,10213,ابتدائية الصفا,حكومي,المرحلة الإبتدائية,بنين
1446,2025,الرياض,10214,ابتدائية صقر قريش,حكومي,المرحلة الإبتدائية,بنين
1446,2025,الرياض,10215,ابتدائية صلاح الدين الأيوبي,حكومي,المرحلة الإبتدائية,بنين
1446,2025,الرياض,10216,ابتدائية صهيب بن سنان,حكومي,المرحلة الإبتدائية,بنين
1446,2025,الرياض,10217,ابتدائية طارق بن زياد,حكومي,المرحلة الإبتدائية,بنين
1446,2025,الرياض,10218,ابتدائية الطبري,حكومي,المرحلة الإبتدائية,بنين
1446,2025,الرياض,10220,ابتدائية طيبة,حكومي,المرحلة الإبتدائية,بنين
1446,2025,الرياض,10221,ابتدائية عامر بن ربيعة,حكومي,المرحلة الإبتدائية,بنين
1446,2025,الرياض,10222,ابتدائية عبادة بن الصامت,حكومي,المرحلة الإبتدائية,بنين
1446,2025,الرياض,10224,ابتدائية عبدالرحمن بن عوف,حكومي,المرحلة الإبتدائية,بنين
1446,2025,الرياض,10225,ابتدائية عبدالله بن رواحة,حكومي,المرحلة الإبتدائية,بنين
1446,2025,الرياض,10226,ابتدائية عبدالله بن الزبير,حكومي,المرحلة الإبتدائية,بنين
1446,2025,الرياض,10227,ابتدائية عبدالله بن عمر,حكومي,المرحلة الإبتدائية,بنين
1446,2025,الرياض,10228,ابتدائية عبدالله بن مسعود,حكومي,المرحلة الإبتدائية,بنين
1446,2025,الرياض,10229,ابتدائية عبدالملك بن مروان,حكومي,المرحلة الإبتدائية,بنين
1446,2025,الرياض,10231,ابتدائية عرفات,حكومي,المرحلة الإبتدائية,بنين
1446,2025,الرياض,10232,ابتدائية عروة بن الزبير,حكومي,المرحلة الإبتدائية,بنين
1446,2025,الرياض,10235,ابتدائية عقبة بن نافع,حكومي,المرحلة الإبتدائية,بنين
1446,2025,الرياض,10236,ابتدائية عكاظ,حكومي,المرحلة الإبتدائية,بنين
1446,2025,الرياض,10237,ابتدائية العلاء بن الحضرمي,حكومي,المرحلة الإبتدائية,بنين
1446,2025,الرياض,10238,ابتدائية العليا,حكومي,المرحلة الإبتدائية,بنين
1446,2025,الرياض,10240,ابتدائية عمار بن ياسر,حكومي,المرحلة الإبتدائية,بنين
1446,2025,الرياض,10242,ابتدائية عمران بن حصين,حكومي,المرحلة الإبتدائية,بنين
1446,2025,الرياض,10243,ابتدائية عمرو بن العاص,حكومي,المرحلة الإبتدائية,بنين
1446,2025,الرياض,10246,ابتدائية الفجر,حكومي,المرحلة الإبتدائية,بنين
1446,2025,الرياض,10247,ابتدائية الفرزدق,حكومي,المرحلة الإبتدائية,بنين
1446,2025,الرياض,10248,ابتدائية مجمع الفهد,حكومي,المرحلة الإبتدائية,بنين
1446,2025,الرياض,10249,ابتدائية الفيصلية,حكومي,المرحلة الإبتدائية,بنين
1446,2025,الرياض,10255,ابتدائية الكرامة,حكومي,المرحلة الإبتدائية,بنين
1446,2025,الرياض,10256,ابتدائية كعب بن مالك,حكومي,المرحلة الإبتدائية,بنين
1446,2025,الرياض,10260,ابتدائية المثنى بن حارثة,حكومي,المرحلة الإبتدائية,بنين
1446,2025,الرياض,10263,ابتدائية إمام الدعوة,حكومي,المرحلة الإبتدائية,بنين
1446,2025,الرياض,10264,ابتدائية محمد بن القاسم,حكومي,المرحلة الإبتدائية,بنين
1446,2025,الرياض,10266,ابتدائية المدينة المنورة,حكومي,المرحلة الإبتدائية,بنين
1446,2025,الرياض,10267,ابتدائية المربع,حكومي,المرحلة الإبتدائية,بنين
1446,2025,الرياض,10271,ابتدائية معاوية بن أبى سفيان,حكومي,المرحلة الإبتدائية,بنين
1446,2025,الرياض,10272,ابتدائية معاذ بن جبل,حكومي,المرحلة الإبتدائية,بنين
1446,2025,الرياض,10274,ابتدائية معهد العاصمة النموذجي,حكومي,المرحلة الإبتدائية,بنين
1446,2025,الرياض,10275,ابتدائية حجر بن عدي,حكومي,المرحلة الإبتدائية,بنين
1446,2025,الرياض,10279,ابتدائية عبدالله الجارالله,حكومي,المرحلة الإبتدائية,بنين
1446,2025,الرياض,10282,ابتدائية النابغة الذبياني,حكومي,المرحلة الإبتدائية,بنين
1446,2025,الرياض,10283,ابتدائية النعمان بن بشير,حكومي,المرحلة الإبتدائية,بنين
1446,2025,الرياض,10287,ابتدائية الوليد بن عبدالملك,حكومي,المرحلة الإبتدائية,بنين
1446,2025,الرياض,10290,ابتدائية عرقة,حكومي,المرحلة الإبتدائية,بنين
1446,2025,الرياض,10292,ابتدائية وادي حنيفة,حكومي,المرحلة الإبتدائية,بنين
1446,2025,الرياض,10293,ابتدائية العماجية,حكومي,المرحلة الإبتدائية,بنين
1446,2025,الرياض,10293,ابتدائية العماجية,حكومي,المرحلة المتوسطة,بنين
1446,2025,الرياض,10295,ابتدائية ملهم,حكومي,المرحلة الإبتدائية,بنين
1446,2025,الرياض,10297,ابتدائية عبدالرحمن بن القاسم,حكومي,المرحلة الإبتدائية,بنين
1446,2025,الرياض,10299,ابتدائية الحاكم,حكومي,المرحلة الإبتدائية,بنين
1446,2025,الرياض,10300,ابتدائية الدارقطنى,حكومي,المرحلة الإبتدائية,بنين
1446,2025,الرياض,10301,ابتدائية سعيد بن زيد بن نفيل,حكومي,المرحلة الإبتدائية,بنين
1446,2025,الرياض,10304,ابتدائية الملك عبدالله بن عبدالعزيز,حكومي,المرحلة الإبتدائية,بنين
1446,2025,الرياض,10306,ابتدائية عين جالوت,حكومي,المرحلة الإبتدائية,بنين
1446,2025,الرياض,10307,ابتدائية غرناطة,حكومي,المرحلة الإبتدائية,بنين
1446,2025,الرياض,10308,ابتدائية الهيثمي,حكومي,المرحلة الإبتدائية,بنين
1446,2025,الرياض,10309,ابتدائية مجمع الأمير أحمد بن عبدالعزيز,حكومي,المرحلة الإبتدائية,بنين
1446,2025,الرياض,10311,ابتدائية الأبرار,حكومي,المرحلة الإبتدائية,بنين
1446,2025,الرياض,10313,ابتدائية أبي بصير,حكومي,المرحلة الإبتدائية,بنين
1446,2025,الرياض,10314,ابتدائية أسد بن الفرات,حكومي,المرحلة الإبتدائية,بنين
1446,2025,الرياض,10316,ابتدائية ذات السلاسل,حكومي,المرحلة الإبتدائية,بنين
1446,2025,الرياض,10317,ابتدائية سهيل بن عمرو,حكومي,المرحلة الإبتدائية,بنين
1446,2025,الرياض,10318,ابتدائية شريح القاضي,حكومي,المرحلة الإبتدائية,بنين
1446,2025,الرياض,10321,ابتدائية مجمع الملك عبدالله بن عبد العزيز,حكومي,المرحلة الإبتدائية,بنين
1446,2025,الرياض,10323,ابتدائية منى,حكومي,المرحلة الإبتدائية,بنين
1446,2025,الرياض,10324,ابتدائية هارون الرشيد,حكومي,المرحلة الإبتدائية,بنين
1446,2025,الرياض,10326,ابتدائية سراقة بن مالك,حكومي,المرحلة الإبتدائية,بنين
1446,2025,الرياض,10327,ابتدائية أبي الطيب المتنبي,حكومي,المرحلة الإبتدائية,بنين
1446,2025,الرياض,10329,ابتدائية أبي دجانة,حكومي,المرحلة الإبتدائية,بنين
1446,2025,الرياض,10330,ابتدائية ربعي بن عامر,حكومي,المرحلة الإبتدائية,بنين
1446,2025,الرياض,10330,ابتدائية ربعي بن عامر,حكومي,المرحلة المتوسطة,بنين
1446,2025,الرياض,10331,ابتدائية أبي الدرداء,حكومي,المرحلة الإبتدائية,بنين
1446,2025,الرياض,10333,ابتدائية حماد بن سلمة,حكومي,المرحلة الإبتدائية,بنين
1446,2025,الرياض,10334,ابتدائية علقمة بن قيس,حكومي,المرحلة الإبتدائية,بنين
1446,2025,الرياض,10335,ابتدائية الليث بن سعد,حكومي,المرحلة الإبتدائية,بنين
1446,2025,الرياض,10338,ابتدائية الطفيل بن عمرو,حكومي,المرحلة الإبتدائية,بنين
1446,2025,الرياض,10339,ابتدائية عاصم بن ثابت,حكومي,المرحلة الإبتدائية,بنين
1446,2025,الرياض,10340,ابتدائية عبدالله بن حذافة السهمي,حكومي,المرحلة الإبتدائية,بنين
1446,2025,الرياض,10341,ابتدائية عمير بن الحمام,حكومي,المرحلة الإبتدائية,بنين
1446,2025,الرياض,10342,ابتدائية محمد بن مسلمة,حكومي,المرحلة الإبتدائية,بنين
1446,2025,الرياض,10345,ابتدائية الشعبي,حكومي,المرحلة الإبتدائية,بنين
1446,2025,الرياض,10346,ابتدائية سهل بن سعد,حكومي,المرحلة الإبتدائية,بنين
1446,2025,الرياض,10347,ابتدائية سعد بن الربيع,حكومي,المرحلة الإبتدائية,بنين
1446,2025,الرياض,10347,ابتدائية سعد بن الربيع,حكومي,المرحلة المتوسطة,بنين
1446,2025,الرياض,10348,ابتدائية أبي سفيان بن الحارث,حكومي,المرحلة الإبتدائية,بنين
1446,2025,الرياض,10348,ابتدائية أبي سفيان بن الحارث,حكومي,المرحلة المتوسطة,بنين
1446,2025,الرياض,10349,ابتدائية أبي قتادة,حكومي,المرحلة الإبتدائية,بنين
1446,2025,الرياض,10352,ابتدائية أبي العاص بن الربيع,حكومي,المرحلة الإبتدائية,بنين
1446,2025,الرياض,10353,ابتدائية إياس بن معاوية,حكومي,المرحلة الإبتدائية,بنين
1446,2025,الرياض,10355,ابتدائية حكيم بن حزام,حكومي,المرحلة الإبتدائية,بنين
1446,2025,الرياض,10356,ابتدائية الأمير نايف بن عبد العزيز,حكومي,المرحلة الإبتدائية,بنين
1446,2025,الرياض,10356,ابتدائية الأمير نايف بن عبد العزيز,حكومي,المرحلة الثانوية,بنين
1446,2025,الرياض,10356,ابتدائية الأمير نايف بن عبد العزيز,حكومي,المرحلة المتوسطة,بنين
1446,2025,الرياض,10359,ابتدائية معوذ بن عمرو,حكومي,المرحلة الإبتدائية,بنين
1446,2025,الرياض,10360,ابتدائية أويس القرني,حكومي,المرحلة الإبتدائية,بنين
1446,2025,الرياض,10361,ابتدائية ابن حبان,حكومي,المرحلة الإبتدائية,بنين
1446,2025,الرياض,10364,ابتدائية ابن عبدربه الأندلسي,حكومي,المرحلة الإبتدائية,بنين
1446,2025,الرياض,10366,ابتدائية أبي أمامة الباهلي,حكومي,المرحلة الإبتدائية,بنين
1446,2025,الرياض,10370,ابتدائية ربيعة الرأي,حكومي,المرحلة الإبتدائية,بنين
1446,2025,الرياض,10371,ابتدائية عبدالله بن عبداللطيف,حكومي,المرحلة الإبتدائية,بنين
1446,2025,الرياض,10372,ابتدائية عقيل بن أبى طالب,حكومي,المرحلة الإبتدائية,بنين
1446,2025,الرياض,10373,ابتدائية قس بن ساعدة,حكومي,المرحلة الإبتدائية,بنين
1446,2025,الرياض,10374,ابتدائية لسان الدين الخطيب,حكومي,المرحلة الإبتدائية,بنين
1446,2025,الرياض,10377,ابتدائية مالك بن سنان,حكومي,المرحلة الإبتدائية,بنين
1446,2025,الرياض,10379,ابتدائية عقبة بن عامر,حكومي,المرحلة الإبتدائية,بنين
1446,2025,الرياض,10383,ابتدائية وائل بن حجر,حكومي,المرحلة الإبتدائية,بنين
1446,2025,الرياض,10384,ابتدائية الهجرة,حكومي,المرحلة الإبتدائية,بنين
1446,2025,الرياض,10386,ابتدائية عمير بن أبي وقاص,حكومي,المرحلة الإبتدائية,بنين
1446,2025,الرياض,10387,ابتدائية عمرو بن قيس,حكومي,المرحلة الإبتدائية,بنين
1446,2025,الرياض,10391,ابتدائية عباد بن بشر,حكومي,المرحلة الإبتدائية,بنين
1446,2025,الرياض,10393,ابتدائية مجمع جرير البجلي التعليمي,حكومي,المرحلة الإبتدائية,بنين
1446,2025,الرياض,10396,ابتدائية الحكم بن هشام,حكومي,المرحلة الإبتدائية,بنين
1446,2025,الرياض,10398,ابتدائية جبير بن مطعم,حكومي,المرحلة الإبتدائية,بنين
1446,2025,الرياض,10399,ابتدائية جابر بن سمرة,حكومي,المرحلة الإبتدائية,بنين
1446,2025,الرياض,10401,ابتدائية التلمساني,حكومي,المرحلة الإبتدائية,بنين
1446,2025,الرياض,10402,ابتدائية المهدية الأولى للبنين,حكومي,المرحلة الإبتدائية,بنين
1446,2025,الرياض,10406,ابتدائية حبيب بن زيد,حكومي,المرحلة الإبتدائية,بنين
1446,2025,الرياض,10407,ابتدائية حذيفة بن محصن,حكومي,المرحلة الإبتدائية,بنين
1446,2025,الرياض,10409,ابتدائية سعد بن خارجة,حكومي,المرحلة الإبتدائية,بنين
1446,2025,الرياض,10410,ابتدائية سمرة بن جندب,حكومي,المرحلة الإبتدائية,بنين
1446,2025,الرياض,10412,ابتدائية الطفيل بن الحارث,حكومي,المرحلة الإبتدائية,بنين
1446,2025,الرياض,10415,ابتدائية عبدالله بن جبير,حكومي,المرحلة الإبتدائية,بنين
1446,2025,الرياض,10418,ابتدائية عمر بن عكرمة,حكومي,المرحلة الإبتدائية,بنين
1446,2025,الرياض,10419,ابتدائية عمرو بن معد يكرب,حكومي,المرحلة الإبتدائية,بنين
1446,2025,الرياض,10420,ابتدائية الفضل بن العباس,حكومي,المرحلة الإبتدائية,بنين
1446,2025,الرياض,10422,ابتدائية المنذر بن قيس,حكومي,المرحلة الإبتدائية,بنين
1446,2025,الرياض,10423,ابتدائية أبي زيد الأنصاري,حكومي,المرحلة الإبتدائية,بنين
1446,2025,الرياض,10425,ابتدائية المبرد,حكومي,المرحلة الإبتدائية,بنين
1446,2025,الرياض,10429,ابتدائية نوفل بن الحارث,حكومي,المرحلة الإبتدائية,بنين
1446,2025,الرياض,10433,ابتدائية عبدالله الخليفي,حكومي,المرحلة الإبتدائية,بنين
1446,2025,الرياض,10434,ابتدائية مالك بن الحويرث,حكومي,المرحلة الإبتدائية,بنين
1446,2025,الرياض,10435,ابتدائية عمرو بن ثابت,حكومي,المرحلة الإبتدائية,بنين
1446,2025,الرياض,10436,ابتدائية المنصورة,حكومي,المرحلة الإبتدائية,بنين
1446,2025,الرياض,10440,ابتدائية ابن البيطار,حكومي,المرحلة الإبتدائية,بنين
1446,2025,الرياض,10443,ابتدائية ابن المقرب,حكومي,المرحلة الإبتدائية,بنين
1446,2025,الرياض,10444,ابتدائية عكرمة,حكومي,المرحلة الإبتدائية,بنين
1446,2025,الرياض,10447,ابتدائية مجمع محمد بن أحمد الرشيد,حكومي,المرحلة الإبتدائية,بنين
1446,2025,الرياض,10448,ابتدائية الحجاز,حكومي,المرحلة الإبتدائية,بنين
1446,2025,الرياض,10450,ابتدائية الصحابة,حكومي,المرحلة الإبتدائية,بنين
1446,2025,الرياض,10451,ابتدائية المقريزي,حكومي,المرحلة الإبتدائية,بنين
1446,2025,الرياض,10453,ابتدائية النواس بن سمعان,حكومي,المرحلة الإبتدائية,بنين
1446,2025,الرياض,10455,ابتدائية الحارث بن مالك الأنصاري,حكومي,المرحلة الإبتدائية,بنين
1446,2025,الرياض,10457,ابتدائية ضرار بن الخطاب,حكومي,المرحلة الإبتدائية,بنين
1446,2025,الرياض,10459,ابتدائية وهب المزنى,حكومي,المرحلة الإبتدائية,بنين
1446,2025,الرياض,10460,ابتدائية مالك بن الريب,حكومي,المرحلة الإبتدائية,بنين
1446,2025,الرياض,10461,ابتدائية مدينة الملك عبدالعزيز,حكومي,المرحلة الإبتدائية,بنين
1446,2025,الرياض,10461,ابتدائية مدينة الملك عبدالعزيز,حكومي,المرحلة المتوسطة,بنين
1446,2025,الرياض,10465,ابتدائية خارجة بن زيد,حكومي,المرحلة الإبتدائية,بنين
1446,2025,الرياض,10466,ابتدائية مجمع الأمير سلطان بن عبدالعزيز,حكومي,المرحلة الإبتدائية,بنين
1446,2025,الرياض,10468,ابتدائية مسلمة بن عبدالملك,حكومي,المرحلة الإبتدائية,بنين
1446,2025,الرياض,10471,ابتدائية سعد بن خيثمة,حكومي,المرحلة الإبتدائية,بنين
1446,2025,الرياض,10472,ابتدائية هشام بن حكيم,حكومي,المرحلة الإبتدائية,بنين
1446,2025,الرياض,10477,ابتدائية العمارية,حكومي,المرحلة الإبتدائية,بنين
1446,2025,الرياض,10477,ابتدائية العمارية,حكومي,المرحلة المتوسطة,بنين
1446,2025,الرياض,10480,ابتدائية العيينة,حكومي,المرحلة الإبتدائية,بنين
1446,2025,الرياض,10481,السعودية الابتدائية بالغاط - بنين,حكومي,المرحلة الإبتدائية,بنين
1446,2025,الرياض,10482,الوسيعة الابتدائية بالغاط - بنين,حكومي,المرحلة الإبتدائية,بنين
1446,2025,الرياض,10484,ابتدائية الغيلانة,حكومي,المرحلة الإبتدائية,بنين
1446,2025,الرياض,10485,ابتدائية حضار,حكومي,المرحلة الإبتدائية,بنين
1446,2025,الرياض,10487,ابتدائية خالد بن سعيد,حكومي,المرحلة الإبتدائية,بنين
1446,2025,الرياض,10488,ابتدائية يحيى بن حكيم,حكومي,المرحلة الإبتدائية,بنين
1446,2025,الرياض,10488,ابتدائية يحيى بن حكيم,حكومي,المرحلة المتوسطة,بنين
1446,2025,الرياض,10490,ابتدائية جو,حكومي,المرحلة الإبتدائية,بنين
1446,2025,الرياض,10491,ابتدائية حريملاء,حكومي,المرحلة الإبتدائية,بنين
1446,2025,الرياض,10492,ابتدائية خزيمة بن ثابت,حكومي,المرحلة الإبتدائية,بنين
1446,2025,الرياض,10493,ابتدائية حفر العتش,حكومي,المرحلة الإبتدائية,بنين
1446,2025,الرياض,10493,ابتدائية حفر العتش,حكومي,المرحلة الثانوية,بنين
1446,2025,الرياض,10493,ابتدائية حفر العتش,حكومي,المرحلة المتوسطة,بنين
1446,2025,الرياض,10494,ابتدائية رغبة,حكومي,المرحلة الإبتدائية,بنين
1446,2025,الرياض,10494,ابتدائية رغبة,حكومي,المرحلة الثانوية,بنين
1446,2025,الرياض,10494,ابتدائية رغبة,حكومي,المرحلة المتوسطة,بنين
1446,2025,الرياض,10495,ابتدائية رماح,حكومي,المرحلة الإبتدائية,بنين
1446,2025,الرياض,10496,ابتدائية قيس بن سعد,حكومي,المرحلة الإبتدائية,بنين
1446,2025,الرياض,10498,ابتدائية سدوس,حكومي,المرحلة الإبتدائية,بنين
1446,2025,الرياض,10499,ابتدائية شخيب,حكومي,المرحلة الإبتدائية,بنين
1446,2025,الرياض,10499,ابتدائية شخيب,حكومي,المرحلة المتوسطة,بنين
1446,2025,الرياض,10500,ابتدائية المغيرة بن شعبة,حكومي,المرحلة الإبتدائية,بنين
1446,2025,الرياض,10501,ابتدائية البديع بضرماء,حكومي,المرحلة الإبتدائية,بنين
1446,2025,الرياض,10504,ابتدائية قصور آل مقبل,حكومي,المرحلة الإبتدائية,بنين
1446,2025,الرياض,10507,ابتدائية حبيب بن مسلمة,حكومي,المرحلة الإبتدائية,بنين
1446,2025,الرياض,10507,ابتدائية حبيب بن مسلمة,حكومي,المرحلة المتوسطة,بنين
1446,2025,الرياض,10509,مليح الابتدائية - بنين,حكومي,المرحلة الإبتدائية,بنين
1446,2025,الرياض,10509,مليح الابتدائية - بنين,حكومي,المرحلة المتوسطة,بنين
1446,2025,الرياض,10510,ابتدائية الجبيلة,حكومي,المرحلة الإبتدائية,بنين
1446,2025,الرياض,10510,ابتدائية الجبيلة,حكومي,المرحلة المتوسطة,بنين
1446,2025,الرياض,10512,ابتدائية الإمام الذهبي,حكومي,المرحلة الإبتدائية,بنين
1446,2025,الرياض,10517,ابتدائية التضامن الإسلامي,حكومي,المرحلة الإبتدائية,بنين
1446,2025,الرياض,10518,ابتدائية سعد,حكومي,المرحلة الإبتدائية,بنين
1446,2025,الرياض,10518,ابتدائية سعد,حكومي,المرحلة الثانوية,بنين
1446,2025,الرياض,10518,ابتدائية سعد,حكومي,المرحلة المتوسطة,بنين
1446,2025,الرياض,10521,ابتدائية هيت,حكومي,المرحلة الإبتدائية,بنين
1446,2025,الرياض,10521,ابتدائية هيت,حكومي,المرحلة المتوسطة,بنين
1446,2025,الرياض,10522,ابتدائية الدرعية لتحفيظ القرآن الكريم,حكومي,المرحلة الإبتدائية,بنين
1446,2025,الرياض,10524,ابتدائية أبي بن كعب لتحفيظ القران الكريم,حكومي,المرحلة الإبتدائية,بنين
1446,2025,الرياض,10525,ابتدائية حفص لتحفيظ القران الكريم,حكومي,المرحلة الإبتدائية,بنين
1446,2025,الرياض,10526,ابتدائية عاصم لتحفيظ القران الكريم,حكومي,المرحلة الإبتدائية,بنين
1446,2025,الرياض,10529,ابتدائية الإمام نافع لتحفيظ القران الكريم,حكومي,المرحلة الإبتدائية,بنين
1446,2025,الرياض,10530,ابتدائية مجمع صالح الراجحي لتحفيظ القرآن الكريم,حكومي,المرحلة الإبتدائية,بنين
1446,2025,الرياض,10531,ابتدائية أبي بكر بن عياش لتحفيظ القرآن الكريم,حكومي,المرحلة الإبتدائية,بنين
1446,2025,الرياض,10532,ابتدائية خلف بن هشام لتحفيظ القرآن الكريم,حكومي,المرحلة الإبتدائية,بنين
1446,2025,الرياض,10532,ابتدائية خلف بن هشام لتحفيظ القرآن الكريم,حكومي,المرحلة المتوسطة,بنين
1446,2025,الرياض,10533,ابتدائية ثادق لتحفيظ القرآن الكريم,حكومي,المرحلة الإبتدائية,بنين
1446,2025,الرياض,10533,ابتدائية ثادق لتحفيظ القرآن الكريم,حكومي,المرحلة المتوسطة,بنين
1446,2025,الرياض,10539,متوسطة محمد بن عبدالوهاب,حكومي,المرحلة المتوسطة,بنين
1446,2025,الرياض,10540,متوسطة الدرعية,حكومي,المرحلة المتوسطة,بنين
1446,2025,الرياض,10543,متوسطة ابن الجوزي,حكومي,المرحلة المتوسطة,بنين
1446,2025,الرياض,10544,متوسطة ابن خلدون,حكومي,المرحلة المتوسطة,بنين
1446,2025,الرياض,10546,متوسطة ابن زيدون,حكومي,المرحلة المتوسطة,بنين
1446,2025,الرياض,10547,متوسطة ابن قدامة,حكومي,المرحلة المتوسطة,بنين
1446,2025,الرياض,10548,متوسطة ابن المعتز,حكومي,المرحلة المتوسطة,بنين
1446,2025,الرياض,10549,متوسطة عبدالله بن المقفع,حكومي,المرحلة المتوسطة,بنين
1446,2025,الرياض,10550,متوسطة الإمام أبي حنيفة,حكومي,المرحلة المتوسطة,بنين
1446,2025,الرياض,10551,متوسطة الإمام مالك,حكومي,المرحلة المتوسطة,بنين
1446,2025,الرياض,10552,متوسطة عامر بن الجراح,حكومي,المرحلة الإبتدائية,بنين
1446,2025,الرياض,10552,متوسطة عامر بن الجراح,حكومي,المرحلة المتوسطة,بنين
1446,2025,الرياض,10553,متوسطة الأوزاعي,حكومي,المرحلة المتوسطة,بنين
1446,2025,الرياض,10555,متوسطة البراء بن مالك,حكومي,المرحلة المتوسطة,بنين
1446,2025,الرياض,10556,متوسطة البيهقي,حكومي,المرحلة المتوسطة,بنين
1446,2025,الرياض,10557,متوسطة تميم الدارى,حكومي,المرحلة المتوسطة,بنين
1446,2025,الرياض,10558,متوسطة نعيم بن مسعود,حكومي,المرحلة المتوسطة,بنين
1446,2025,الرياض,10559,متوسطة الثالثة,حكومي,المرحلة المتوسطة,بنين
1446,2025,الرياض,10560,متوسطة الثانية,حكومي,المرحلة المتوسطة,بنين
1446,2025,الرياض,10561,متوسطة جبل طويق,حكومي,المرحلة المتوسطة,بنين
1446,2025,الرياض,10563,متوسطة حنين,حكومي,المرحلة المتوسطة,بنين
1446,2025,الرياض,10564,متوسطة السويدي,حكومي,المرحلة المتوسطة,بنين
1446,2025,الرياض,10565,متوسطة الشفا,حكومي,المرحلة المتوسطة,بنين
1446,2025,الرياض,10566,متوسطة النسيم,حكومي,المرحلة المتوسطة,بنين
1446,2025,الرياض,10567,متوسطة النظيم,حكومي,المرحلة المتوسطة,بنين
1446,2025,الرياض,10568,متوسطة ذي النورين,حكومي,المرحلة المتوسطة,بنين
1446,2025,الرياض,10570,متوسطة سعد بن معاذ,حكومي,المرحلة المتوسطة,بنين
1446,2025,الرياض,10573,متوسطة الإمام الشافعي,حكومي,المرحلة المتوسطة,بنين
1446,2025,الرياض,10574,متوسطة الشرفية,حكومي,المرحلة المتوسطة,بنين
1446,2025,الرياض,10575,متوسطة عمر بن الخطاب,حكومي,المرحلة المتوسطة,بنين
1446,2025,الرياض,10576,متوسطة الغزالي,حكومي,المرحلة المتوسطة,بنين
1446,2025,الرياض,10577,متوسطة الفتح,حكومي,المرحلة المتوسطة,بنين
1446,2025,الرياض,10578,متوسطة فلسطين,حكومي,المرحلة المتوسطة,بنين
1446,2025,الرياض,10579,متوسطة المتوكل,حكومي,المرحلة المتوسطة,بنين
1446,2025,الرياض,10580,متوسطة مجاهد,حكومي,المرحلة الثانوية,بنين
1446,2025,الرياض,10580,متوسطة مجاهد,حكومي,المرحلة المتوسطة,بنين
1446,2025,الرياض,10581,متوسطة المسعودي,حكومي,المرحلة المتوسطة,بنين
1446,2025,الرياض,10583,متوسطة مجمع الفهد,حكومي,المرحلة المتوسطة,بنين
1446,2025,الرياض,10584,متوسطة معهد العاصمة النموذجي,حكومي,المرحلة المتوسطة,بنين
1446,2025,الرياض,10585,متوسطة مكة المكرمة,حكومي,المرحلة المتوسطة,بنين
1446,2025,الرياض,10586,متوسطة الملك خالد,حكومي,المرحلة المتوسطة,بنين
1446,2025,الرياض,10587,متوسطة الملك سعود بن عبد العزيز,حكومي,المرحلة المتوسطة,بنين
1446,2025,الرياض,10589,متوسطة الملك فيصل بن عبد العزيز,حكومي,المرحلة المتوسطة,بنين
1446,2025,الرياض,10590,متوسطة قباء,حكومي,المرحلة المتوسطة,بنين
1446,2025,الرياض,10591,متوسطة الناصرية,حكومي,المرحلة المتوسطة,بنين
1446,2025,الرياض,10592,متوسطة نجد,حكومي,المرحلة المتوسطة,بنين
1446,2025,الرياض,10593,متوسطة الإمام النسائي,حكومي,المرحلة الإبتدائية,بنين
1446,2025,الرياض,10593,متوسطة الإمام النسائي,حكومي,المرحلة المتوسطة,بنين
1446,2025,الرياض,10594,متوسطة النموذجية,حكومي,المرحلة المتوسطة,بنين
1446,2025,الرياض,10595,متوسطة الواقدي,حكومي,المرحلة المتوسطة,بنين
1446,2025,الرياض,10596,متوسطة عرقة,حكومي,المرحلة المتوسطة,بنين
1446,2025,الرياض,10597,متوسطة حي الحزم,حكومي,المرحلة المتوسطة,بنين
1446,2025,الرياض,10598,متوسطة محمد بن الحنفية,حكومي,المرحلة المتوسطة,بنين
1446,2025,الرياض,10600,متوسطة ابن حجرالعسقلاني,حكومي,المرحلة المتوسطة,بنين
1446,2025,الرياض,10602,متوسطة ثمامة الحنفي,حكومي,المرحلة المتوسطة,بنين
1446,2025,الرياض,10603,متوسطة عبدالرحمن الناصر,حكومي,المرحلة المتوسطة,بنين
1446,2025,الرياض,10607,متوسطة رجاء بن حيوة,حكومي,المرحلة المتوسطة,بنين
1446,2025,الرياض,10608,متوسطة سيبويه,حكومي,المرحلة المتوسطة,بنين
1446,2025,الرياض,10610,متوسطة مجمع جرير البجلي التعليمي,حكومي,المرحلة المتوسطة,بنين
1446,2025,الرياض,10611,متوسطة ابن بشر,حكومي,المرحلة المتوسطة,بنين
1446,2025,الرياض,10614,متوسطة العليا,حكومي,المرحلة المتوسطة,بنين
1446,2025,الرياض,10615,متوسطة الإمام أحمد بن حنبل,حكومي,المرحلة المتوسطة,بنين
1446,2025,الرياض,10616,متوسطة ابن رجب الحنبلي,حكومي,المرحلة المتوسطة,بنين
1446,2025,الرياض,10619,متوسطة عمورية,حكومي,المرحلة الإبتدائية,بنين
1446,2025,الرياض,10619,متوسطة عمورية,حكومي,المرحلة المتوسطة,بنين
1446,2025,الرياض,10620,متوسطة عمير بن وهب,حكومي,المرحلة المتوسطة,بنين
1446,2025,الرياض,10622,متوسطة الأمير سلطان بن عبدالعزيز,حكومي,المرحلة المتوسطة,بنين
1446,2025,الرياض,10623,متوسطة سعيد بن المسيب,حكومي,المرحلة المتوسطة,بنين
1446,2025,الرياض,10624,متوسطة الإمام فيصل بن تركى,حكومي,المرحلة المتوسطة,بنين
1446,2025,الرياض,10625,متوسطة الإمام الطحاوي,حكومي,المرحلة المتوسطة,بنين
1446,2025,الرياض,10626,متوسطة ابن سعد,حكومي,المرحلة المتوسطة,بنين
1446,2025,الرياض,10627,متوسطة ابن قتيبة,حكومي,المرحلة المتوسطة,بنين
1446,2025,الرياض,10628,متوسطة أسامة بن منقذ,حكومي,المرحلة المتوسطة,بنين
1446,2025,الرياض,10629,متوسطة الدارمي,حكومي,المرحلة المتوسطة,بنين
1446,2025,الرياض,10630,متوسطة سفيان بن عيينة,حكومي,المرحلة المتوسطة,بنين
1446,2025,الرياض,10632,متوسطة الهمداني,حكومي,المرحلة المتوسطة,بنين
1446,2025,الرياض,10633,متوسطة مجمع الملك سعود بن عبد العزيز,حكومي,المرحلة المتوسطة,بنين
1446,2025,الرياض,10635,متوسطة مجمع الملك عبدالله بن عبد العزيز,حكومي,المرحلة المتوسطة,بنين
1446,2025,الرياض,10637,متوسطة العباس,حكومي,المرحلة الإبتدائية,بنين
1446,2025,الرياض,10637,متوسطة العباس,حكومي,المرحلة المتوسطة,بنين
1446,2025,الرياض,10639,متوسطة عثمان بن طلحة,حكومي,المرحلة المتوسطة,بنين
1446,2025,الرياض,10641,متوسطة عروة بن مسعود,حكومي,المرحلة المتوسطة,بنين
1446,2025,الرياض,10642,متوسطة الإمام الطبراني,حكومي,المرحلة المتوسطة,بنين
1446,2025,الرياض,10643,متوسطة حمزة بن عمرو,حكومي,المرحلة المتوسطة,بنين
1446,2025,الرياض,10644,متوسطة البراء بن عازب,حكومي,المرحلة المتوسطة,بنين
1446,2025,الرياض,10646,متوسطة يوسف بن تاشفين,حكومي,المرحلة المتوسطة,بنين
1446,2025,الرياض,10647,متوسطة حافظ الحكمي,حكومي,المرحلة المتوسطة,بنين
1446,2025,الرياض,10648,متوسطة شرحبيل بن حسنة,حكومي,المرحلة المتوسطة,بنين
1446,2025,الرياض,10649,متوسطة ابن الحاجب,حكومي,المرحلة المتوسطة,بنين
1446,2025,الرياض,10650,متوسطة الحارث بن هشام,حكومي,المرحلة المتوسطة,بنين
1446,2025,الرياض,10651,متوسطة البزار,حكومي,المرحلة المتوسطة,بنين
1446,2025,الرياض,10652,متوسطة عوف بن الحارث,حكومي,المرحلة المتوسطة,بنين
1446,2025,الرياض,10653,متوسطة عمير بن سعد,حكومي,المرحلة المتوسطة,بنين
1446,2025,الرياض,10654,متوسطة مالك بن ثابت,حكومي,المرحلة المتوسطة,بنين
1446,2025,الرياض,10655,متوسطة صقر الجزيرة,حكومي,المرحلة المتوسطة,بنين
1446,2025,الرياض,10657,متوسطة عبدالرحمن بن الحارث,حكومي,المرحلة المتوسطة,بنين
1446,2025,الرياض,10658,متوسطة عمرو بن شعيب,حكومي,المرحلة المتوسطة,بنين
1446,2025,الرياض,10659,متوسطة المدائن,حكومي,المرحلة الإبتدائية,بنين
1446,2025,الرياض,10659,متوسطة المدائن,حكومي,المرحلة المتوسطة,بنين
1446,2025,الرياض,10660,متوسطة أوس بن ثابت,حكومي,المرحلة المتوسطة,بنين
1446,2025,الرياض,10661,متوسطة ابن باديس,حكومي,المرحلة المتوسطة,بنين
1446,2025,الرياض,10662,متوسطة عطاء بن أبى رباح,حكومي,المرحلة المتوسطة,بنين
1446,2025,الرياض,10663,متوسطة قيس بن عبيد,حكومي,المرحلة المتوسطة,بنين
1446,2025,الرياض,10664,متوسطة سعيد بن عامر,حكومي,المرحلة المتوسطة,بنين
1446,2025,الرياض,10665,متوسطة أبي  حيان الأندلسي,حكومي,المرحلة المتوسطة,بنين
1446,2025,الرياض,10667,متوسطة رافع بن مالك,حكومي,المرحلة المتوسطة,بنين
1446,2025,الرياض,10668,متوسطة ابن الوردي,حكومي,المرحلة المتوسطة,بنين
1446,2025,الرياض,10669,متوسطة الوادي,حكومي,المرحلة المتوسطة,بنين
1446,2025,الرياض,10670,متوسطة الإمام البيضاوي,حكومي,المرحلة المتوسطة,بنين
1446,2025,الرياض,10671,متوسطة حطين,حكومي,المرحلة المتوسطة,بنين
1446,2025,الرياض,10672,متوسطة النيسابوري,حكومي,المرحلة المتوسطة,بنين
1446,2025,الرياض,10673,متوسطة حي السلام,حكومي,المرحلة المتوسطة,بنين
1446,2025,الرياض,10675,متوسطة عمر المختار,حكومي,المرحلة المتوسطة,بنين
1446,2025,الرياض,10676,متوسطة أبي مسلم الخولاني,حكومي,المرحلة المتوسطة,بنين
1446,2025,الرياض,10678,متوسطة قدامة بن مظعون,حكومي,المرحلة المتوسطة,بنين
1446,2025,الرياض,10680,متوسطة قدامة بن عبدالله,حكومي,المرحلة المتوسطة,بنين
1446,2025,الرياض,10681,متوسطة السمح بن مالك,حكومي,المرحلة المتوسطة,بنين
1446,2025,الرياض,10682,متوسطة المروزي,حكومي,المرحلة المتوسطة,بنين
1446,2025,الرياض,10683,متوسطة السروات,حكومي,المرحلة المتوسطة,بنين
1446,2025,الرياض,10685,متوسطة ابن جماعة,حكومي,المرحلة المتوسطة,بنين
1446,2025,الرياض,10686,متوسطة سمرقند,حكومي,المرحلة المتوسطة,بنين
1446,2025,الرياض,10690,متوسطة عبدالملك بن عمر بن عبدالعزيز,حكومي,المرحلة المتوسطة,بنين
1446,2025,الرياض,10691,متوسطة هشام بن أبي العاص,حكومي,المرحلة المتوسطة,بنين
1446,2025,الرياض,10692,متوسطة الرمال الأولى للبنين,حكومي,المرحلة المتوسطة,بنين
1446,2025,الرياض,10693,متوسطة البيعة,حكومي,المرحلة المتوسطة,بنين
1446,2025,الرياض,10694,متوسطة الأمين,حكومي,المرحلة المتوسطة,بنين
1446,2025,الرياض,10695,متوسطة الحسن بن سفيان,حكومي,المرحلة المتوسطة,بنين
1446,2025,الرياض,10698,متوسطة سهل بن بيضاء,حكومي,المرحلة المتوسطة,بنين
1446,2025,الرياض,10699,متوسطة عمر بن أبي سلمة,حكومي,المرحلة المتوسطة,بنين
1446,2025,الرياض,10700,متوسطة مجمع الأمير سلطان بن عبدالعزيز,حكومي,المرحلة المتوسطة,بنين
1446,2025,الرياض,10702,متوسطة بشر بن البراء,حكومي,المرحلة المتوسطة,بنين
1446,2025,الرياض,10703,متوسطة أبي القاسم الرافعي,حكومي,المرحلة المتوسطة,بنين
1446,2025,الرياض,10704,متوسطة حماد بن زيد,حكومي,المرحلة المتوسطة,بنين
1446,2025,الرياض,10710,متوسطة الغاط - بنين,حكومي,المرحلة المتوسطة,بنين
1446,2025,الرياض,10711,متوسطة الغطغط,حكومي,المرحلة الثانوية,بنين
1446,2025,الرياض,10711,متوسطة الغطغط,حكومي,المرحلة المتوسطة,بنين
1446,2025,الرياض,10712,متوسطة المزاحمية,حكومي,المرحلة المتوسطة,بنين
1446,2025,الرياض,10714,متوسطة ثادق,حكومي,المرحلة المتوسطة,بنين
1446,2025,الرياض,10716,متوسطة جو,حكومي,المرحلة الثانوية,بنين
1446,2025,الرياض,10716,متوسطة جو,حكومي,المرحلة المتوسطة,بنين
1446,2025,الرياض,10722,متوسطة رماح,حكومي,المرحلة المتوسطة,بنين
1446,2025,الرياض,10725,متوسطة شوية,حكومي,المرحلة الثانوية,بنين
1446,2025,الرياض,10725,متوسطة شوية,حكومي,المرحلة المتوسطة,بنين
1446,2025,الرياض,10726,متوسطة ضرماء,حكومي,المرحلة المتوسطة,بنين
1446,2025,الرياض,10730,متوسطة ملهم,حكومي,المرحلة الثانوية,بنين
1446,2025,الرياض,10730,متوسطة ملهم,حكومي,المرحلة المتوسطة,بنين
1446,2025,الرياض,10756,متوسطة عبدالرحمن الفريان لتحفيظ القرآن الكريم,حكومي,المرحلة الإبتدائية,بنين
1446,2025,الرياض,10756,متوسطة عبدالرحمن الفريان لتحفيظ القرآن الكريم,حكومي,المرحلة المتوسطة,بنين
1446,2025,الرياض,10758,متوسطة الإمام الدوري لتحفيظ القرآن الكريم,حكومي,المرحلة المتوسطة,بنين
1446,2025,الرياض,10759,متوسطة هشام بن عمار  لتحفيظ القرآن الكريم,حكومي,المرحلة المتوسطة,بنين
1446,2025,الرياض,10760,متوسطة الإمام السوسي لتحفيظ القران الكريم,حكومي,المرحلة المتوسطة,بنين
1446,2025,الرياض,10761,متوسطة الإمام شعبة لتحفيظ القرآن الكريم,حكومي,المرحلة المتوسطة,بنين
1446,2025,الرياض,10762,متوسطة عبدالله بن حبيب لتحفيظ القرآن الكريم,حكومي,المرحلة المتوسطة,بنين
1446,2025,الرياض,10763,متوسطة مجمع صالح الراجحي لتحفيظ القرآن الكريم,حكومي,المرحلة المتوسطة,بنين
1446,2025,الرياض,10796,ثانوية الرمال الأولى للبنين,حكومي,المرحلة الثانوية,بنين
1446,2025,الرياض,10868,ابتدائية عبدالرحمن الفريان لتحفيظ القرآن الكريم,حكومي,المرحلة الإبتدائية,بنين
1446,2025,الرياض,10909,ابتدائية الأبناء الأولى,حكومي,المرحلة الإبتدائية,بنين
1446,2025,الرياض,10910,ابتدائية الأبناء بطريق الخرج,حكومي,المرحلة الإبتدائية,بنين
1446,2025,الرياض,10912,ابتدائية الأبناء بقاعدة الملك سلمان للإسناد البحري,حكومي,المرحلة الإبتدائية,بنين
1446,2025,الرياض,10914,متوسطة الأبناء بالرياض,حكومي,المرحلة المتوسطة,بنين
1446,2025,الرياض,10915,متوسطة الأبناء بطريق الخرج,حكومي,المرحلة المتوسطة,بنين
1446,2025,الرياض,10916,متوسطة الأبناء بالحرس الملكي,حكومي,المرحلة الإبتدائية,بنين
1446,2025,الرياض,10916,متوسطة الأبناء بالحرس الملكي,حكومي,المرحلة المتوسطة,بنين
1446,2025,الرياض,10917,متوسطة الأبناء بقاعدة الملك سلمان للإسناد البحري,حكومي,المرحلة المتوسطة,بنين
1446,2025,الرياض,10919,متوسطة الأبناء بكلية الملك عبدالعزيز الحربية,حكومي,المرحلة المتوسطة,بنين
1446,2025,الرياض,10938,متوسطة عبدالله بن أسلم,حكومي,المرحلة المتوسطة,بنين
1446,2025,الرياض,10945,ابتدائية عبدالله بن عون,حكومي,المرحلة الإبتدائية,بنين
1446,2025,الرياض,10949,ابتدائية جمال الدين بن هشام,حكومي,المرحلة الإبتدائية,بنين
1446,2025,الرياض,10950,ابتدائية قيس بن أبي حازم,حكومي,المرحلة الإبتدائية,بنين
1446,2025,الرياض,10951,ابتدائية القاضي يوسف,حكومي,المرحلة الإبتدائية,بنين
1446,2025,الرياض,10952,ابتدائية عبدالله بن الطفيل,حكومي,المرحلة الإبتدائية,بنين
1446,2025,الرياض,10954,ابتدائية عائذ بن عمرو,حكومي,المرحلة الإبتدائية,بنين
1446,2025,الرياض,10955,ابتدائية إبراهيم بن يزيد,حكومي,المرحلة الإبتدائية,بنين
1446,2025,الرياض,10956,ابتدائية حماد بن أبي حنيفة,حكومي,المرحلة الإبتدائية,بنين
1446,2025,الرياض,10957,ابتدائية اسحاق بن إبراهيم,حكومي,المرحلة الإبتدائية,بنين
1446,2025,الرياض,10958,ابتدائية سهيل بن أبي صالح,حكومي,المرحلة الإبتدائية,بنين
1446,2025,الرياض,10961,ابتدائية أبي حنيفة,حكومي,المرحلة الإبتدائية,بنين
1446,2025,الرياض,10963,ابتدائية الأمير مساعد بن عبدالعزيز لتحفيظ القرآن الكريم,حكومي,المرحلة الإبتدائية,بنين
1446,2025,الرياض,10964,ابتدائية الأمير مشاري بن عبدالعزيز لتحفيظ القرآن الكريم,حكومي,المرحلة الإبتدائية,بنين
1446,2025,الرياض,10964,ابتدائية الأمير مشاري بن عبدالعزيز لتحفيظ القرآن الكريم,حكومي,المرحلة المتوسطة,بنين
1446,2025,الرياض,10965,متوسطة أبي حاتم الرازي,حكومي,المرحلة المتوسطة,بنين
1446,2025,الرياض,10966,متوسطة أبي برزة الأسلمي,حكومي,المرحلة المتوسطة,بنين
1446,2025,الرياض,10967,متوسطة نعيم بن حماد,حكومي,المرحلة المتوسطة,بنين
1446,2025,الرياض,10968,متوسطة سعيد بن منصور,حكومي,المرحلة المتوسطة,بنين
1446,2025,الرياض,10969,متوسطة مجمع الأمير متعب بن عبدالعزيز,حكومي,المرحلة الثانوية,بنين
1446,2025,الرياض,10969,متوسطة مجمع الأمير متعب بن عبدالعزيز,حكومي,المرحلة المتوسطة,بنين
1446,2025,الرياض,10970,متوسطة عمرو بن مهاجر,حكومي,المرحلة المتوسطة,بنين
1446,2025,الرياض,10975,متوسطة الأمير مساعد بن عبدالعزيز لتحفيظ القرآن الكريم,حكومي,المرحلة المتوسطة,بنين
1446,2025,الرياض,10984,ابتدائية الوليد بن قيس,حكومي,المرحلة الإبتدائية,بنين
1446,2025,الرياض,10985,ابتدائية زيد بن الصلت,حكومي,المرحلة الإبتدائية,بنين
1446,2025,الرياض,10987,متوسطة النعمان بن مالك,حكومي,المرحلة المتوسطة,بنين
1446,2025,الرياض,10988,متوسطة حسان بن أبي سنان,حكومي,المرحلة المتوسطة,بنين
1446,2025,الرياض,10990,متوسطة الحارث بن بلال,حكومي,المرحلة المتوسطة,بنين
1446,2025,الرياض,10991,متوسطة المهدية الأولى للبنين,حكومي,المرحلة المتوسطة,بنين
1446,2025,الرياض,11020,متوسطة أسد بن خويلد,حكومي,المرحلة المتوسطة,بنين
1446,2025,الرياض,11081,متوسطة عبدالرحمن بن ثوبان,حكومي,المرحلة المتوسطة,بنين
1446,2025,الرياض,11109,متوسطة رباح بن الربيع الليلية,حكومي,المرحلة المتوسطة,بنين
1446,2025,الرياض,11221,متوسطة عمرو بن دينار,حكومي,المرحلة المتوسطة,بنين
1446,2025,الرياض,11239,متوسطة ميمون بن مهران,حكومي,المرحلة المتوسطة,بنين
1446,2025,الرياض,11244,ابتدائية محمود بن الربيع,حكومي,المرحلة الإبتدائية,بنين
1446,2025,الرياض,11246,ابتدائية ثابت البناني,حكومي,المرحلة الإبتدائية,بنين
1446,2025,الرياض,11247,ابتدائية محمد المانع,حكومي,المرحلة الإبتدائية,بنين
1446,2025,الرياض,11253,ابتدائية حريملاء لتحفيظ القران الكريم,حكومي,المرحلة الإبتدائية,بنين
1446,2025,الرياض,11253,ابتدائية حريملاء لتحفيظ القران الكريم,حكومي,المرحلة المتوسطة,بنين
1446,2025,الرياض,11254,ابتدائية عماد الدين زنكي,حكومي,المرحلة الإبتدائية,بنين
1446,2025,الرياض,11255,متوسطة مجمع محمد بن أحمد الرشيد,حكومي,المرحلة المتوسطة,بنين
1446,2025,الرياض,11256,متوسطة أبي واقد الليثي,حكومي,المرحلة المتوسطة,بنين
1446,2025,الرياض,11259,متوسطة أبي بردة بن نيار,حكومي,المرحلة المتوسطة,بنين
1446,2025,الرياض,11261,متوسطة الراغب الأصفهاني,حكومي,المرحلة المتوسطة,بنين
1446,2025,الرياض,11262,متوسطة البغوي,حكومي,المرحلة المتوسطة,بنين
1446,2025,الرياض,11263,متوسطة الخلال,حكومي,المرحلة المتوسطة,بنين
1446,2025,الرياض,11284,ابتدائية سليمان بن مهران لتحفيظ القرآن الكريم,حكومي,المرحلة الإبتدائية,بنين
1446,2025,الرياض,11284,ابتدائية سليمان بن مهران لتحفيظ القرآن الكريم,حكومي,المرحلة المتوسطة,بنين
1446,2025,الرياض,11306,ابتدائية عبدالرحمن بن هرمز لتحفيظ القرآن الكريم,حكومي,المرحلة الإبتدائية,بنين
1446,2025,الرياض,11310,ابتدائية هشام بن عمار لتحفيظ القرآن الكريم,حكومي,المرحلة الإبتدائية,بنين
1446,2025,الرياض,11324,ابتدائية طليب بن عمرو,حكومي,المرحلة الإبتدائية,بنين
1446,2025,الرياض,11346,ابتدائية إبراهيم بن محمد,حكومي,المرحلة الإبتدائية,بنين
1446,2025,الرياض,11348,ابتدائية محمد بن الحسن,حكومي,المرحلة الإبتدائية,بنين
1446,2025,الرياض,11350,ابتدائية زيد بن الدثنة,حكومي,المرحلة الإبتدائية,بنين
1446,2025,الرياض,11351,ابتدائية أبي نعيم,حكومي,المرحلة الإبتدائية,بنين
1446,2025,الرياض,11354,ابتدائية الربيع بن مسلم,حكومي,المرحلة الإبتدائية,بنين
1446,2025,الرياض,11357,ابتدائية المزي,حكومي,المرحلة الإبتدائية,بنين
1446,2025,الرياض,11363,ابتدائية شجاع بن وهب,حكومي,المرحلة الإبتدائية,بنين
1446,2025,الرياض,11364,متوسطة إبراهيم النخعي,حكومي,المرحلة المتوسطة,بنين
1446,2025,الرياض,11365,متوسطة قيس بن عاصم,حكومي,المرحلة المتوسطة,بنين
1446,2025,الرياض,11367,متوسطة يونس بن عبيد,حكومي,المرحلة المتوسطة,بنين
1446,2025,الرياض,11368,متوسطة بقي بن مخلد,حكومي,المرحلة المتوسطة,بنين
1446,2025,الرياض,11369,متوسطة عبدالرزاق بن همام,حكومي,المرحلة الثانوية,بنين
1446,2025,الرياض,11369,متوسطة عبدالرزاق بن همام,حكومي,المرحلة المتوسطة,بنين
1446,2025,الرياض,11372,ابتدائية رافع بن خديج,حكومي,المرحلة الإبتدائية,بنين
1446,2025,الرياض,11411,ابتدائية أبي العالية,حكومي,المرحلة الإبتدائية,بنين
1446,2025,الرياض,11430,متوسطة مجمع العليان,حكومي,المرحلة المتوسطة,بنين
1446,2025,الرياض,11431,ابتدائية مجمع العليان,حكومي,المرحلة الإبتدائية,بنين
1446,2025,الرياض,11442,ابتدائية زياد بن سعد,حكومي,المرحلة الإبتدائية,بنين
1446,2025,الرياض,11443,متوسطة الدار البيضاء,حكومي,المرحلة المتوسطة,بنين
1446,2025,الرياض,11445,ابتدائية محمد بن مجاهد لتحفيظ القران الكريم,حكومي,المرحلة الإبتدائية,بنين
1446,2025,الرياض,11458,ابتدائية الجافورة,حكومي,المرحلة الإبتدائية,بنين
1446,2025,الرياض,11458,ابتدائية الجافورة,حكومي,المرحلة المتوسطة,بنين
1446,2025,الرياض,11462,ابتدائية بديل بن ورقاء,حكومي,المرحلة الإبتدائية,بنين
1446,2025,الرياض,11463,متوسطة الأنباري,حكومي,المرحلة المتوسطة,بنين
1446,2025,الرياض,11467,ابتدائية زرارة بن أبي أوفى,حكومي,المرحلة الإبتدائية,بنين
1446,2025,الرياض,11472,متوسطة زهير بن أبي أمية,حكومي,المرحلة المتوسطة,بنين
1446,2025,الرياض,11478,ابتدائية رماح لتحفيظ القرآن الكريم,حكومي,المرحلة الإبتدائية,بنين
1446,2025,الرياض,11482,ابتدائية شبل بن عباد  لتحفيظ القرآن الكريم,حكومي,المرحلة الإبتدائية,بنين
1446,2025,الرياض,11483,ابتدائية أبي عبدالرحمن السلمي لتحفيظ القرآن الكريم,حكومي,المرحلة الإبتدائية,بنين
1446,2025,الرياض,11516,متوسطة الحارث بن نوفل,حكومي,المرحلة المتوسطة,بنين
1446,2025,الرياض,11518,متوسطة ابن أبي شيبة,حكومي,المرحلة المتوسطة,بنين
1446,2025,الرياض,11519,ابتدائية عامر بن عوف,حكومي,المرحلة الإبتدائية,بنين
1446,2025,الرياض,11527,متوسطة واثلة بن الخطاب,حكومي,المرحلة المتوسطة,بنين
1446,2025,الرياض,11551,ابتدائية المزاحمية  لتحفيظ القرآن الكريم,حكومي,المرحلة الإبتدائية,بنين
1446,2025,الرياض,11551,ابتدائية المزاحمية  لتحفيظ القرآن الكريم,حكومي,المرحلة المتوسطة,بنين
1446,2025,الرياض,11572,متوسطة بشير بن أبي مسعود,حكومي,المرحلة المتوسطة,بنين
1446,2025,الرياض,11577,متوسطة الوليد بن عبادة,حكومي,المرحلة المتوسطة,بنين
1446,2025,الرياض,11578,متوسطة حبيب بن ربيعة,حكومي,المرحلة المتوسطة,بنين
1446,2025,الرياض,11581,ابتدائية عثمان بن سعيد لتحفيظ القران الكريم,حكومي,المرحلة الإبتدائية,بنين
1446,2025,الرياض,11582,ابتدائية قالون لتحفيظ القران الكريم,حكومي,المرحلة الإبتدائية,بنين
1446,2025,الرياض,11584,الغاط الابتدائية لتحفيظ القرآن - بنين,حكومي,المرحلة الإبتدائية,بنين
1446,2025,الرياض,11590,متوسطة زياد بن عبدالله,حكومي,المرحلة المتوسطة,بنين
1446,2025,الرياض,11602,متوسطة جعفر بن الزبير,حكومي,المرحلة المتوسطة,بنين
1446,2025,الرياض,11603,متوسطة حمد الجاسر,حكومي,المرحلة المتوسطة,بنين
1446,2025,الرياض,11617,ابتدائية خليفة بن بشر,حكومي,المرحلة الإبتدائية,بنين
1446,2025,الرياض,11624,متوسطة الخطيب البغدادي,حكومي,المرحلة المتوسطة,بنين
1446,2025,الرياض,11654,ابتدائية الندوة,حكومي,المرحلة الإبتدائية,بنين
1446,2025,الرياض,11683,ابتدائية البراء بن أوس,حكومي,المرحلة الإبتدائية,بنين
1446,2025,الرياض,11705,متوسطة جبر بن عتيك,حكومي,المرحلة المتوسطة,بنين
1446,2025,الرياض,11738,ابتدائية ضرار بن الأزور,حكومي,المرحلة الإبتدائية,بنين
1446,2025,الرياض,11739,ابتدائية أوس بن الأرقم,حكومي,المرحلة الإبتدائية,بنين
1446,2025,الرياض,11742,ابتدائية سليمان بن يسار,حكومي,المرحلة الإبتدائية,بنين
1446,2025,الرياض,11747,متوسطة عبدالله بن أبي بكر,حكومي,المرحلة المتوسطة,بنين
1446,2025,الرياض,11749,متوسطة إياس بن عدي,حكومي,المرحلة المتوسطة,بنين
1446,2025,الرياض,11756,متوسطة المروج,حكومي,المرحلة المتوسطة,بنين
1446,2025,الرياض,11757,متوسطة مروان بن محمد,حكومي,المرحلة المتوسطة,بنين
1446,2025,الرياض,11760,متوسطة مصعب بن الزبير,حكومي,المرحلة المتوسطة,بنين
1446,2025,الرياض,11943,ابتدائية حسان بن قيس,حكومي,المرحلة الإبتدائية,بنين
1446,2025,الرياض,11951,ابتدائية عبدالله بن عبدالوهاب,حكومي,المرحلة الإبتدائية,بنين
1446,2025,الرياض,11959,ابتدائية عبدالله خياط,حكومي,المرحلة الإبتدائية,بنين
1446,2025,الرياض,11962,ابتدائية سالم بن عوف,حكومي,المرحلة الإبتدائية,بنين
1446,2025,الرياض,11967,ابتدائية عمران بن تميم لتحفيظ القرآن الكريم,حكومي,المرحلة الإبتدائية,بنين
1446,2025,الرياض,12189,ابتدائية الفضيل بن عياض,حكومي,المرحلة الإبتدائية,بنين
1446,2025,الرياض,12192,ابتدائية عبدالله بن أبي طلحة,حكومي,المرحلة الإبتدائية,بنين
1446,2025,الرياض,12193,ابتدائية ثابت بن حزم,حكومي,المرحلة الإبتدائية,بنين
1446,2025,الرياض,12194,متوسطة عطاء بن يسار,حكومي,المرحلة المتوسطة,بنين
1446,2025,الرياض,12205,متوسطة حي البرية,حكومي,المرحلة المتوسطة,بنين
1446,2025,الرياض,12601,ابتدائية مجاهد بن جبر,حكومي,المرحلة الإبتدائية,بنين
1446,2025,الرياض,12601,ابتدائية مجاهد بن جبر,حكومي,المرحلة المتوسطة,بنين
1446,2025,الرياض,12602,ابتدائية سعيد بن السائب,حكومي,المرحلة الإبتدائية,بنين
1446,2025,الرياض,12606,ابتدائية محمد بن مسلم,حكومي,المرحلة الإبتدائية,بنين
1446,2025,الرياض,12611,متوسطة يزيد بن ابي عثمان,حكومي,المرحلة المتوسطة,بنين
1446,2025,الرياض,12613,متوسطة عبدالعزيز بن عمير,حكومي,المرحلة الإبتدائية,بنين
1446,2025,الرياض,12613,متوسطة عبدالعزيز بن عمير,حكومي,المرحلة المتوسطة,بنين
1446,2025,الرياض,12621,ابتدائية خالد بن زيد,حكومي,المرحلة الإبتدائية,بنين
1446,2025,الرياض,12622,متوسطة عباد بن كثير,حكومي,المرحلة المتوسطة,بنين
1446,2025,الرياض,13901,الروضة الأولى بالغاط,حكومي,رياض الأطفال,بنات
1446,2025,الرياض,13903,الابتدائية الأولى,حكومي,المرحلة الإبتدائية,بنات
1446,2025,الرياض,13903,الابتدائية الأولى,حكومي,رياض الأطفال,بنات
1446,2025,الرياض,13904,الابتدائية الثانية بالغاط,حكومي,المرحلة الإبتدائية,بنات
1446,2025,الرياض,13904,الابتدائية الثانية بالغاط,حكومي,رياض الأطفال,بنات
1446,2025,الرياض,13905,"ابتدائية مليح ""عام""",حكومي,المرحلة الإبتدائية,بنات
1446,2025,الرياض,13905,"ابتدائية مليح ""عام""",حكومي,رياض الأطفال,بنات
1446,2025,الرياض,13906,ابتدائية تحفيظ القرآن بالغاط,حكومي,المرحلة الإبتدائية,بنات
1446,2025,الرياض,13907,إبتدائية العبدلية,حكومي,المرحلة الإبتدائية,بنات
1446,2025,الرياض,13907,إبتدائية العبدلية,حكومي,رياض الأطفال,بنات
1446,2025,الرياض,13911,المتوسطة الأولى بالغاط,حكومي,المرحلة المتوسطة,بنات
1446,2025,الرياض,13925,الإبتدائية الثالثة,حكومي,المرحلة الإبتدائية,بنات
1446,2025,الرياض,13925,الإبتدائية الثالثة,حكومي,رياض الأطفال,بنات
1446,2025,الرياض,13926,المتوسطة الثانية بالغاط,حكومي,المرحلة المتوسطة,بنات
1446,2025,الرياض,14101,ابتدائية الحسين بن علي,حكومي,المرحلة الإبتدائية,بنين
1446,2025,الرياض,14104,ابتدائية عبدالله بن رواحه,حكومي,المرحلة الإبتدائية,بنين
1446,2025,الرياض,14105,ابتدائية عثمان بن عفان,حكومي,المرحلة الإبتدائية,بنين
1446,2025,الرياض,14107,ابتدائية أبوبكر الصديق,حكومي,المرحلة الإبتدائية,بنين
1446,2025,الرياض,14112,ابتدائية عبدالله بن مسعود,حكومي,المرحلة الإبتدائية,بنين
1446,2025,الرياض,14114,ابتدائية المقرن,حكومي,المرحلة الإبتدائية,بنين
1446,2025,الرياض,14115,ابتدائية النايفية,حكومي,المرحلة الإبتدائية,بنين
1446,2025,الرياض,14115,ابتدائية النايفية,حكومي,المرحلة المتوسطة,بنين
1446,2025,الرياض,14116,ابتدائية عبدالملك بن مروان,حكومي,المرحلة الإبتدائية,بنين
1446,2025,الرياض,14117,ابتدائية عمار بن ياسر,حكومي,المرحلة الإبتدائية,بنين
1446,2025,الرياض,14120,ابتدائية سلمان الفارسي,حكومي,المرحلة الإبتدائية,بنين
1446,2025,الرياض,14121,ابتدائية عبدالرحمن بن عوف,حكومي,المرحلة الإبتدائية,بنين
1446,2025,الرياض,14125,ابتدائية خالد بن الوليد,حكومي,المرحلة الإبتدائية,بنين
1446,2025,الرياض,14126,ابتدائية طارق بن زياد,حكومي,المرحلة الإبتدائية,بنين
1446,2025,الرياض,14127,ابتدائية الشيخ عبدالعزيز بن باز,حكومي,المرحلة الإبتدائية,بنين
1446,2025,الرياض,14133,ابتدائية الطوال,حكومي,المرحلة الإبتدائية,بنين
1446,2025,الرياض,14134,ابتدائية الهمجة,حكومي,المرحلة الإبتدائية,بنين
1446,2025,الرياض,14137,ابتدائية تحفيظ القرآن الكريم بليلى,حكومي,المرحلة الإبتدائية,بنين
1446,2025,الرياض,14138,متوسطة بدر,حكومي,المرحلة المتوسطة,بنين
1446,2025,الرياض,14139,متوسطة حطين,حكومي,المرحلة المتوسطة,بنين
1446,2025,الرياض,14141,متوسطة القطين,حكومي,المرحلة المتوسطة,بنين
1446,2025,الرياض,14142,متوسطة العجلية,حكومي,المرحلة الثانوية,بنين
1446,2025,الرياض,14142,متوسطة العجلية,حكومي,المرحلة المتوسطة,بنين
1446,2025,الرياض,14143,متوسطة الغيل,حكومي,المرحلة الثانوية,بنين
1446,2025,الرياض,14143,متوسطة الغيل,حكومي,المرحلة المتوسطة,بنين
1446,2025,الرياض,14147,متوسطة القادسية,حكومي,المرحلة المتوسطة,بنين
1446,2025,الرياض,14148,متوسطة أحد,حكومي,المرحلة المتوسطة,بنين
1446,2025,الرياض,14149,متوسطة مروان,حكومي,المرحلة الإبتدائية,بنين
1446,2025,الرياض,14149,متوسطة مروان,حكومي,المرحلة الثانوية,بنين
1446,2025,الرياض,14149,متوسطة مروان,حكومي,المرحلة المتوسطة,بنين
1446,2025,الرياض,14150,متوسطة الهمجة,حكومي,المرحلة الثانوية,بنين
1446,2025,الرياض,14150,متوسطة الهمجة,حكومي,المرحلة المتوسطة,بنين
1446,2025,الرياض,14196,ابتدائية ابن كثير لتحفيظ القرآن بليلى,حكومي,المرحلة الإبتدائية,بنين
1446,2025,الرياض,14196,ابتدائية ابن كثير لتحفيظ القرآن بليلى,حكومي,المرحلة المتوسطة,بنين
1446,2025,الرياض,14197,متوسطة الفحيل,حكومي,المرحلة المتوسطة,بنين
1446,2025,الرياض,14198,متوسطة الفيصلية,حكومي,المرحلة الإبتدائية,بنين
1446,2025,الرياض,14198,متوسطة الفيصلية,حكومي,المرحلة المتوسطة,بنين
1446,2025,الرياض,14199,متوسطة الخالدية,حكومي,المرحلة الإبتدائية,بنين
1446,2025,الرياض,14199,متوسطة الخالدية,حكومي,المرحلة المتوسطة,بنين
1446,2025,الرياض,14222,ابتدائية علي بن أبي طالب,حكومي,المرحلة الإبتدائية,بنين
1446,2025,الرياض,14222,ابتدائية علي بن أبي طالب,حكومي,المرحلة المتوسطة,بنين
1446,2025,الرياض,14501,الروضة الأولى بليلى,حكومي,رياض الأطفال,بنات
1446,2025,الرياض,14502,الروضة الأولى بالبديع,حكومي,رياض الأطفال,بنات
1446,2025,الرياض,14503,الروضة الأولى بالأحمر,حكومي,رياض الأطفال,بنات
1446,2025,الرياض,14504,ابتدائية الأولى بليلى,حكومي,المرحلة الإبتدائية,بنات
1446,2025,الرياض,14505,ابتدائية الثانية بليلى,حكومي,المرحلة الإبتدائية,بنات
1446,2025,الرياض,14505,ابتدائية الثانية بليلى,حكومي,رياض الأطفال,بنات
1446,2025,الرياض,14506,ابتدائية الثالثة بليلى,حكومي,المرحلة الإبتدائية,بنات
1446,2025,الرياض,14506,ابتدائية الثالثة بليلى,حكومي,المرحلة المتوسطة,بنات
1446,2025,الرياض,14507,الابتدائية الرابعة بليلى,حكومي,المرحلة الإبتدائية,بنات
1446,2025,الرياض,14508,ابتدائية الخامسة بليلى,حكومي,المرحلة الإبتدائية,بنات
1446,2025,الرياض,14509,ابتدائية السادسة بليلى,حكومي,المرحلة الإبتدائية,بنات
1446,2025,الرياض,14510,ابتدائية الخالدية الأولى,حكومي,المرحلة الإبتدائية,بنات
1446,2025,الرياض,14510,ابتدائية الخالدية الأولى,حكومي,المرحلة المتوسطة,بنات
1446,2025,الرياض,14512,ابتدائية رفاع,حكومي,المرحلة الإبتدائية,بنات
1446,2025,الرياض,14512,ابتدائية رفاع,حكومي,رياض الأطفال,بنات
1446,2025,الرياض,14515,ابتدائية الغيل,حكومي,المرحلة الإبتدائية,بنات
1446,2025,الرياض,14515,ابتدائية الغيل,حكومي,المرحلة الثانوية,بنات
1446,2025,الرياض,14515,ابتدائية الغيل,حكومي,المرحلة المتوسطة,بنات
1446,2025,الرياض,14515,ابتدائية الغيل,حكومي,رياض الأطفال,بنات
1446,2025,الرياض,14518,ابتدائية ال طلة,حكومي,المرحلة الإبتدائية,بنات
1446,2025,الرياض,14518,ابتدائية ال طلة,حكومي,رياض الأطفال,بنات
1446,2025,الرياض,14522,ابتدائية الثالثة بالأحمر,حكومي,المرحلة الإبتدائية,بنات
1446,2025,الرياض,14527,ابتدائية سويدان,حكومي,المرحلة الإبتدائية,بنات
1446,2025,الرياض,14527,ابتدائية سويدان,حكومي,رياض الأطفال,بنات
1446,2025,الرياض,14528,ابتدائية الأولى بالبديع,حكومي,المرحلة الإبتدائية,بنات
1446,2025,الرياض,14528,ابتدائية الأولى بالبديع,حكومي,المرحلة المتوسطة,بنات
1446,2025,الرياض,14529,ابتدائية الثانية بالبديع الشمالي,حكومي,المرحلة الإبتدائية,بنات
1446,2025,الرياض,14529,ابتدائية الثانية بالبديع الشمالي,حكومي,المرحلة المتوسطة,بنات
1446,2025,الرياض,14530,ابتدائية الثالثة بالبديع الشمالي,حكومي,المرحلة الإبتدائية,بنات
1446,2025,الرياض,14530,ابتدائية الثالثة بالبديع الشمالي,حكومي,رياض الأطفال,بنات
1446,2025,الرياض,14532,ابتدائية الأولى بالهدار,حكومي,المرحلة الإبتدائية,بنات
1446,2025,الرياض,14532,ابتدائية الأولى بالهدار,حكومي,رياض الأطفال,بنات
1446,2025,الرياض,14533,ابتدائية الثانية بالهدار,حكومي,المرحلة الإبتدائية,بنات
1446,2025,الرياض,14533,ابتدائية الثانية بالهدار,حكومي,رياض الأطفال,بنات
1446,2025,الرياض,14536,ابتدائية تحفيظ القرآن الأولى بليلى,حكومي,المرحلة الإبتدائية,بنات
1446,2025,الرياض,14536,ابتدائية تحفيظ القرآن الأولى بليلى,حكومي,المرحلة المتوسطة,بنات
1446,2025,الرياض,14537,متوسطة الرابعة بليلى,حكومي,المرحلة المتوسطة,بنات
1446,2025,الرياض,14538,ابتدائية الفيصلية,حكومي,المرحلة الإبتدائية,بنات
1446,2025,الرياض,14539,ابتدائية النايفية,حكومي,المرحلة الإبتدائية,بنات
1446,2025,الرياض,14539,ابتدائية النايفية,حكومي,المرحلة المتوسطة,بنات
1446,2025,الرياض,14541,ابتدائية العجلية,حكومي,المرحلة الإبتدائية,بنات
1446,2025,الرياض,14541,ابتدائية العجلية,حكومي,المرحلة الثانوية,بنات
1446,2025,الرياض,14541,ابتدائية العجلية,حكومي,المرحلة المتوسطة,بنات
1446,2025,الرياض,14541,ابتدائية العجلية,حكومي,رياض الأطفال,بنات
1446,2025,الرياض,14544,ابتدائية تحفيظ القرآن بالهدار,حكومي,المرحلة الإبتدائية,بنات
1446,2025,الرياض,14545,ابتدائية السابعة بليلى,حكومي,المرحلة الإبتدائية,بنات
1446,2025,الرياض,14545,ابتدائية السابعة بليلى,حكومي,رياض الأطفال,بنات
1446,2025,الرياض,14547,ابتدائية الهمجة,حكومي,المرحلة الإبتدائية,بنات
1446,2025,الرياض,14549,متوسطة الثانية بليلى,حكومي,المرحلة المتوسطة,بنات
1446,2025,الرياض,14550,متوسطة القطين,حكومي,المرحلة الثانوية,بنات
1446,2025,الرياض,14550,متوسطة القطين,حكومي,المرحلة المتوسطة,بنات
1446,2025,الرياض,14551,متوسطة الخرفة,حكومي,المرحلة الإبتدائية,بنات
1446,2025,الرياض,14551,متوسطة الخرفة,حكومي,المرحلة المتوسطة,بنات
1446,2025,الرياض,14551,متوسطة الخرفة,حكومي,رياض الأطفال,بنات
1446,2025,الرياض,14552,متوسطة مروان,حكومي,المرحلة الثانوية,بنات
1446,2025,الرياض,14552,متوسطة مروان,حكومي,المرحلة المتوسطة,بنات
1446,2025,الرياض,14555,متوسطة الأحمر,حكومي,المرحلة الثانوية,بنات
1446,2025,الرياض,14555,متوسطة الأحمر,حكومي,المرحلة المتوسطة,بنات
1446,2025,الرياض,14556,متوسطة الأولى بالهدار,حكومي,المرحلة الثانوية,بنات
1446,2025,الرياض,14556,متوسطة الأولى بالهدار,حكومي,المرحلة المتوسطة,بنات
1446,2025,الرياض,14559,متوسطة الثالثة بليلى,حكومي,المرحلة المتوسطة,بنات
1446,2025,الرياض,14573,ابتدائية الثامنة بليلى,حكومي,المرحلة الإبتدائية,بنات
1446,2025,الرياض,14591,الروضة الثانية بليلى,حكومي,رياض الأطفال,بنات
1446,2025,الرياض,14607,متوسطة الهمجة,حكومي,المرحلة الثانوية,بنات
1446,2025,الرياض,14607,متوسطة الهمجة,حكومي,المرحلة المتوسطة,بنات
1446,2025,الرياض,14618,ابتدائية تحفيظ القرآن الكريم الثانية بليلى,حكومي,المرحلة الإبتدائية,بنات
1446,2025,الرياض,14618,ابتدائية تحفيظ القرآن الكريم الثانية بليلى,حكومي,رياض الأطفال,بنات
1446,2025,الرياض,14628,ابتدائية الطوال,حكومي,المرحلة الإبتدائية,بنات
1446,2025,الرياض,15101,ابتدائية الربوة,حكومي,المرحلة الإبتدائية,بنين
1446,2025,الرياض,15101,ابتدائية الربوة,حكومي,المرحلة المتوسطة,بنين
1446,2025,الرياض,15105,ابتدائية التوفيق,حكومي,المرحلة الإبتدائية,بنين
1446,2025,الرياض,15108,ابتدائية الحريق الثانية,حكومي,المرحلة الإبتدائية,بنين
1446,2025,الرياض,15109,ابتدائية النجاح,حكومي,المرحلة الإبتدائية,بنين
1446,2025,الرياض,15110,ابتدائية الحلوة الأولى,حكومي,المرحلة الإبتدائية,بنين
1446,2025,الرياض,15116,ابتدائية زيد بن ثابت,حكومي,المرحلة الإبتدائية,بنين
1446,2025,الرياض,15117,ابتدائية ابن القيم,حكومي,المرحلة الإبتدائية,بنين
1446,2025,الرياض,15118,ابتدائية العبيدية,حكومي,المرحلة الإبتدائية,بنين
1446,2025,الرياض,15118,ابتدائية العبيدية,حكومي,المرحلة المتوسطة,بنين
1446,2025,الرياض,15123,ابتدائية القويع,حكومي,المرحلة الإبتدائية,بنين
1446,2025,الرياض,15124,ابتدائية المثعب,حكومي,المرحلة الإبتدائية,بنين
1446,2025,الرياض,15124,ابتدائية المثعب,حكومي,المرحلة المتوسطة,بنين
1446,2025,الرياض,15125,ابتدائية المفيجر,حكومي,المرحلة الإبتدائية,بنين
1446,2025,الرياض,15127,ابتدائية الحوطة الأولى,حكومي,المرحلة الإبتدائية,بنين
1446,2025,الرياض,15128,ابتدائية الحوطة الثانية,حكومي,المرحلة الإبتدائية,بنين
1446,2025,الرياض,15128,ابتدائية الحوطة الثانية,حكومي,المرحلة المتوسطة,بنين
1446,2025,الرياض,15129,ابتدائية زياد,حكومي,المرحلة الإبتدائية,بنين
1446,2025,الرياض,15129,ابتدائية زياد,حكومي,المرحلة المتوسطة,بنين
1446,2025,الرياض,15130,ابتدائية مصدة,حكومي,المرحلة الإبتدائية,بنين
1446,2025,الرياض,15130,ابتدائية مصدة,حكومي,المرحلة المتوسطة,بنين
1446,2025,الرياض,15131,ابتدائية تحفيظ القرآن الكريم بالحريق,حكومي,المرحلة الإبتدائية,بنين
1446,2025,الرياض,15132,ابتدائية تحفيظ القرآن الكريم بحوطة بني تميم,حكومي,المرحلة الإبتدائية,بنين
1446,2025,الرياض,15133,متوسطة الحريق,حكومي,المرحلة المتوسطة,بنين
1446,2025,الرياض,15134,متوسطة الحلوة,حكومي,المرحلة المتوسطة,بنين
1446,2025,الرياض,15135,متوسطة الحيانية,حكومي,المرحلة الإبتدائية,بنين
1446,2025,الرياض,15135,متوسطة الحيانية,حكومي,المرحلة الثانوية,بنين
1446,2025,الرياض,15135,متوسطة الحيانية,حكومي,المرحلة المتوسطة,بنين
1446,2025,الرياض,15137,متوسطة ابن تيمية,حكومي,المرحلة المتوسطة,بنين
1446,2025,الرياض,15144,متوسطة نعام,حكومي,المرحلة الإبتدائية,بنين
1446,2025,الرياض,15144,متوسطة نعام,حكومي,المرحلة الثانوية,بنين
1446,2025,الرياض,15144,متوسطة نعام,حكومي,المرحلة المتوسطة,بنين
1446,2025,الرياض,15148,متوسطة تحفيظ القرآن بحوطة بني تميم,حكومي,المرحلة الإبتدائية,بنين
1446,2025,الرياض,15148,متوسطة تحفيظ القرآن بحوطة بني تميم,حكومي,المرحلة المتوسطة,بنين
1446,2025,الرياض,15191,ابتدائية أبي بن كعب لتحفيظ القرآن الكريم,حكومي,المرحلة الإبتدائية,بنين
1446,2025,الرياض,15193,ابتدائية الأبناء بالحريق,حكومي,المرحلة الإبتدائية,بنين
1446,2025,الرياض,15501,الروضة الأولى,حكومي,رياض الأطفال,بنات
1446,2025,الرياض,15502,الروضـة الثانية (الحريق),حكومي,رياض الأطفال,بنات
1446,2025,الرياض,15504,ابتدائية الفرشة,حكومي,المرحلة الإبتدائية,بنات
1446,2025,الرياض,15506,الابتدائية الأولى بحوطة بني تميم,حكومي,المرحلة الإبتدائية,بنات
1446,2025,الرياض,15506,الابتدائية الأولى بحوطة بني تميم,حكومي,المرحلة الثانوية,بنات
1446,2025,الرياض,15507,الابتدائية الثانية بحوطة بني تميم,حكومي,المرحلة الإبتدائية,بنات
1446,2025,الرياض,15507,الابتدائية الثانية بحوطة بني تميم,حكومي,المرحلة المتوسطة,بنات
1446,2025,الرياض,15509,الابتدائية الرابعة بالحلوة,حكومي,المرحلة الإبتدائية,بنات
1446,2025,الرياض,15509,الابتدائية الرابعة بالحلوة,حكومي,رياض الأطفال,بنات
1446,2025,الرياض,15512,الابتدائية السابعة بالحلة,حكومي,المرحلة الإبتدائية,بنات
1446,2025,الرياض,15513,الابتدائية الثامنة بالسلامية,حكومي,المرحلة الإبتدائية,بنات
1446,2025,الرياض,15513,الابتدائية الثامنة بالسلامية,حكومي,رياض الأطفال,بنات
1446,2025,الرياض,15514,الابتدائية التاسعة بالحلوة,حكومي,المرحلة الإبتدائية,بنات
1446,2025,الرياض,15514,الابتدائية التاسعة بالحلوة,حكومي,رياض الأطفال,بنات
1446,2025,الرياض,15515,الابتدائية العاشرة بأسفل الباطن,حكومي,المرحلة الإبتدائية,بنات
1446,2025,الرياض,15515,الابتدائية العاشرة بأسفل الباطن,حكومي,رياض الأطفال,بنات
1446,2025,الرياض,15518,ابتدائية مصدة,حكومي,المرحلة الإبتدائية,بنات
1446,2025,الرياض,15518,ابتدائية مصدة,حكومي,رياض الأطفال,بنات
1446,2025,الرياض,15520,ابتدائية الحيانية,حكومي,المرحلة الإبتدائية,بنات
1446,2025,الرياض,15520,ابتدائية الحيانية,حكومي,المرحلة الثانوية,بنات
1446,2025,الرياض,15520,ابتدائية الحيانية,حكومي,المرحلة المتوسطة,بنات
1446,2025,الرياض,15521,ابتدائية النهيتية,حكومي,المرحلة الإبتدائية,بنات
1446,2025,الرياض,15524,الابتدائية الثانية بالحريق,حكومي,المرحلة الإبتدائية,بنات
1446,2025,الرياض,15525,الابتدائية الثالثة بالحريق,حكومي,المرحلة الإبتدائية,بنات
1446,2025,الرياض,15525,الابتدائية الثالثة بالحريق,حكومي,رياض الأطفال,بنات
1446,2025,الرياض,15526,الابتدائية  الأولى بنعام,حكومي,المرحلة الإبتدائية,بنات
1446,2025,الرياض,15528,ابتدائية  المفيجر,حكومي,المرحلة الإبتدائية,بنات
1446,2025,الرياض,15528,ابتدائية  المفيجر,حكومي,رياض الأطفال,بنات
1446,2025,الرياض,15529,ابتدائية التحفيظ الاولي بحوطة بني تميم,حكومي,المرحلة الإبتدائية,بنات
1446,2025,الرياض,15530,ابتدائية تحفيظ القرآن الكريم بالحريق,حكومي,المرحلة الإبتدائية,بنات
1446,2025,الرياض,15531,الابتدائية الحادية عشرة,حكومي,المرحلة الإبتدائية,بنات
1446,2025,الرياض,15531,الابتدائية الحادية عشرة,حكومي,رياض الأطفال,بنات
1446,2025,الرياض,15532,الابتدائية الثانية عشرة,حكومي,المرحلة الإبتدائية,بنات
1446,2025,الرياض,15532,الابتدائية الثانية عشرة,حكومي,رياض الأطفال,بنات
1446,2025,الرياض,15534,ابتدائية تحفيظ الحلوة,حكومي,المرحلة الإبتدائية,بنات
1446,2025,الرياض,15534,ابتدائية تحفيظ الحلوة,حكومي,المرحلة المتوسطة,بنات
1446,2025,الرياض,15535,ابتدائية تحفيظ القرآن الكريم الثانية بحوطة بني تميم,حكومي,المرحلة الإبتدائية,بنات
1446,2025,الرياض,15536,ابتدائية الربوة,حكومي,المرحلة الإبتدائية,بنات
1446,2025,الرياض,15536,ابتدائية الربوة,حكومي,المرحلة المتوسطة,بنات
1446,2025,الرياض,15537,ابتدائية تحفيظ القرآن الثالثة بحوطة بني تميم,حكومي,المرحلة الإبتدائية,بنات
1446,2025,الرياض,15537,ابتدائية تحفيظ القرآن الثالثة بحوطة بني تميم,حكومي,المرحلة المتوسطة,بنات
1446,2025,الرياض,15538,الابتدائية الثالثة عشر,حكومي,المرحلة الإبتدائية,بنات
1446,2025,الرياض,15538,الابتدائية الثالثة عشر,حكومي,رياض الأطفال,بنات
1446,2025,الرياض,15542,متوسطة الحلوة,حكومي,المرحلة المتوسطة,بنات
1446,2025,الرياض,15543,متوسطة نعام,حكومي,المرحلة المتوسطة,بنات
1446,2025,الرياض,15545,متوسطة الحريق,حكومي,المرحلة المتوسطة,بنات
1446,2025,الرياض,15546,متوسطة التحفيظ الأولى بالحوطة,حكومي,المرحلة المتوسطة,بنات
1446,2025,الرياض,15547,متوسطة مصدة,حكومي,المرحلة الثانوية,بنات
1446,2025,الرياض,15547,متوسطة مصدة,حكومي,المرحلة المتوسطة,بنات
1446,2025,الرياض,15548,المتوسطة الثالثة,حكومي,المرحلة الثانوية,بنات
1446,2025,الرياض,15548,المتوسطة الثالثة,حكومي,المرحلة المتوسطة,بنات
1446,2025,الرياض,15551,المتوسطة الرابعة بالحوطة,حكومي,المرحلة المتوسطة,بنات
1446,2025,الرياض,15552,ابتدائية الرجبة,حكومي,المرحلة الإبتدائية,بنات
1446,2025,الرياض,15588,ابتدائية العبيديات,حكومي,المرحلة الإبتدائية,بنات
1446,2025,الرياض,15588,ابتدائية العبيديات,حكومي,المرحلة المتوسطة,بنات
1446,2025,الرياض,15588,ابتدائية العبيديات,حكومي,رياض الأطفال,بنات
1446,2025,الرياض,15592,الروضة الرابعة(السلامية),حكومي,رياض الأطفال,بنات
1446,2025,الرياض,15599,ابتدائية أبوعشره,حكومي,المرحلة الإبتدائية,بنات
1446,2025,الرياض,15602,الروضة التاسعة(نعام),حكومي,رياض الأطفال,بنات
1446,2025,الرياض,15603,الروضة الثالثة عشر(الربوة),حكومي,رياض الأطفال,بنات
1446,2025,الرياض,16101,ابتدائية التوضحية,حكومي,المرحلة الإبتدائية,بنين
1446,2025,الرياض,16101,ابتدائية التوضحية,حكومي,المرحلة المتوسطة,بنين
1446,2025,الرياض,16102,ابتدائية الحزم,حكومي,المرحلة الإبتدائية,بنين
1446,2025,الرياض,16105,ابتدائية السهباء,حكومي,المرحلة الإبتدائية,بنين
1446,2025,الرياض,16107,ابتدائية ثمامة بن آثال,حكومي,المرحلة الإبتدائية,بنين
1446,2025,الرياض,16109,ابتدائية حمزة بن عبدالمطلب,حكومي,المرحلة الإبتدائية,بنين
1446,2025,الرياض,16112,ابتدائية القادسية,حكومي,المرحلة الإبتدائية,بنين
1446,2025,الرياض,16113,ابتدائية مصعب بن عمير,حكومي,المرحلة الإبتدائية,بنين
1446,2025,الرياض,16115,ابتدائية الملك عبدالعزيز,حكومي,المرحلة الإبتدائية,بنين
1446,2025,الرياض,16117,ابتدائية الوليد بن عبد الملك,حكومي,المرحلة الإبتدائية,بنين
1446,2025,الرياض,16119,ابتدائية الحديبية,حكومي,المرحلة الإبتدائية,بنين
1446,2025,الرياض,16121,ابتدائية الأندلس,حكومي,المرحلة الإبتدائية,بنين
1446,2025,الرياض,16122,ابتدائية القدس,حكومي,المرحلة الإبتدائية,بنين
1446,2025,الرياض,16123,ابتدائية علي بن أبي طالب,حكومي,المرحلة الإبتدائية,بنين
1446,2025,الرياض,16124,ابتدائية عمر بن الخطاب,حكومي,المرحلة الإبتدائية,بنين
1446,2025,الرياض,16125,ابتدائية أسامة بن زيد,حكومي,المرحلة الإبتدائية,بنين
1446,2025,الرياض,16126,ابتدائية بلال بن رباح,حكومي,المرحلة الإبتدائية,بنين
1446,2025,الرياض,16127,ابتدائية عمر بن عبد العزيز,حكومي,المرحلة الإبتدائية,بنين
1446,2025,الرياض,16127,ابتدائية عمر بن عبد العزيز,حكومي,المرحلة المتوسطة,بنين
1446,2025,الرياض,16128,ابتدائية المغيرة بن شعبة,حكومي,المرحلة الإبتدائية,بنين
1446,2025,الرياض,16129,ابتدائية الراشدية,حكومي,المرحلة الإبتدائية,بنين
1446,2025,الرياض,16129,ابتدائية الراشدية,حكومي,المرحلة المتوسطة,بنين
1446,2025,الرياض,16132,ابتدائية أنس بن مالك,حكومي,المرحلة الإبتدائية,بنين
1446,2025,الرياض,16133,ابتدائية صلاح الدين الأيوبي,حكومي,المرحلة الإبتدائية,بنين
1446,2025,الرياض,16134,ابتدائية طارق بن زياد,حكومي,المرحلة الإبتدائية,بنين
1446,2025,الرياض,16136,ابتدائية حسان بن ثابت,حكومي,المرحلة الإبتدائية,بنين
1446,2025,الرياض,16137,ابتدائية معاذ بن جبل,حكومي,المرحلة الإبتدائية,بنين
1446,2025,الرياض,16139,ابتدائية سعيد بن زيد,حكومي,المرحلة الإبتدائية,بنين
1446,2025,الرياض,16139,ابتدائية سعيد بن زيد,حكومي,المرحلة المتوسطة,بنين
1446,2025,الرياض,16140,ابتدائية طلحة بن عبيدالله,حكومي,المرحلة الإبتدائية,بنين
1446,2025,الرياض,16141,ابتدائية ابن القيم,حكومي,المرحلة الإبتدائية,بنين
1446,2025,الرياض,16146,ابتدائية الملك فيصل,حكومي,المرحلة الإبتدائية,بنين
1446,2025,الرياض,16147,ابتدائية ابن عباس,حكومي,المرحلة الإبتدائية,بنين
1446,2025,الرياض,16147,ابتدائية ابن عباس,حكومي,المرحلة المتوسطة,بنين
1446,2025,الرياض,16148,ابتدائية ابن تيمية,حكومي,المرحلة الإبتدائية,بنين
1446,2025,الرياض,16149,ابتدائية أبي عبيدة عامر بن الجراح,حكومي,المرحلة الإبتدائية,بنين
1446,2025,الرياض,16151,ابتدائية الرفايع,حكومي,المرحلة الإبتدائية,بنين
1446,2025,الرياض,16151,ابتدائية الرفايع,حكومي,المرحلة المتوسطة,بنين
1446,2025,الرياض,16153,ابتدائية السلمية,حكومي,المرحلة الإبتدائية,بنين
1446,2025,الرياض,16154,ابتدائية الشديدة,حكومي,المرحلة الإبتدائية,بنين
1446,2025,الرياض,16155,ابتدائية الضبيعة,حكومي,المرحلة الإبتدائية,بنين
1446,2025,الرياض,16156,ابتدائية العقيمي,حكومي,المرحلة الإبتدائية,بنين
1446,2025,الرياض,16158,ابتدائية نجد,حكومي,المرحلة الإبتدائية,بنين
1446,2025,الرياض,16159,ابتدائية الناصفة,حكومي,المرحلة الإبتدائية,بنين
1446,2025,الرياض,16160,ابتدائية أحمد بن حنبل,حكومي,المرحلة الإبتدائية,بنين
1446,2025,الرياض,16162,ابتدائية اليمامة,حكومي,المرحلة الإبتدائية,بنين
1446,2025,الرياض,16163,ابتدائية زميقة,حكومي,المرحلة الإبتدائية,بنين
1446,2025,الرياض,16163,ابتدائية زميقة,حكومي,المرحلة المتوسطة,بنين
1446,2025,الرياض,16164,ابتدائية ماوان,حكومي,المرحلة الإبتدائية,بنين
1446,2025,الرياض,16165,ابتدائية نعجان,حكومي,المرحلة الإبتدائية,بنين
1446,2025,الرياض,16166,ابتدائية البرة,حكومي,المرحلة الإبتدائية,بنين
1446,2025,الرياض,16168,ابتدائية الواحة,حكومي,المرحلة الإبتدائية,بنين
1446,2025,الرياض,16168,ابتدائية الواحة,حكومي,المرحلة المتوسطة,بنين
1446,2025,الرياض,16169,ابتدائية ابن كثير لتحفيظ القرآن الكريم الكريم,حكومي,المرحلة الإبتدائية,بنين
1446,2025,الرياض,16170,ابتدائية زيد بن ثابت لتحفيظ القرآن الكريم,حكومي,المرحلة الإبتدائية,بنين
1446,2025,الرياض,16171,ابتدائية عثمان بن عفان لتحفيظ القرآن الكريم,حكومي,المرحلة الإبتدائية,بنين
1446,2025,الرياض,16172,متوسطة البدع,حكومي,المرحلة الثانوية,بنين
1446,2025,الرياض,16172,متوسطة البدع,حكومي,المرحلة المتوسطة,بنين
1446,2025,الرياض,16173,متوسطة أبي دجانة,حكومي,المرحلة المتوسطة,بنين
1446,2025,الرياض,16174,متوسطة حطين,حكومي,المرحلة المتوسطة,بنين
1446,2025,الرياض,16175,متوسطة حنين,حكومي,المرحلة المتوسطة,بنين
1446,2025,الرياض,16176,متوسطة المدينة المنورة,حكومي,المرحلة الإبتدائية,بنين
1446,2025,الرياض,16176,متوسطة المدينة المنورة,حكومي,المرحلة المتوسطة,بنين
1446,2025,الرياض,16177,متوسطة ابن خلدون,حكومي,المرحلة المتوسطة,بنين
1446,2025,الرياض,16178,متوسطة الأمير مقرن بن عبدالعزيز,حكومي,المرحلة المتوسطة,بنين
1446,2025,الرياض,16179,متوسطة الملك خالد,حكومي,المرحلة المتوسطة,بنين
1446,2025,الرياض,16180,متوسطة الشيخ محمد بن إبراهيم,حكومي,المرحلة المتوسطة,بنين
1446,2025,الرياض,16182,متوسطة الخوارزمي,حكومي,المرحلة المتوسطة,بنين
1446,2025,الرياض,16183,متوسطة أبي أيوب الأنصاري,حكومي,المرحلة المتوسطة,بنين
1446,2025,الرياض,16186,متوسطة السيح,حكومي,المرحلة المتوسطة,بنين
1446,2025,الرياض,16187,متوسطة الأمير نايف بن عبدالعزيز,حكومي,المرحلة المتوسطة,بنين
1446,2025,الرياض,16188,متوسطة الحسن البصري,حكومي,المرحلة المتوسطة,بنين
1446,2025,الرياض,16190,متوسطة الإمام محمد بن عبدالوهاب,حكومي,المرحلة المتوسطة,بنين
1446,2025,الرياض,16191,متوسطة الملك سعود,حكومي,المرحلة المتوسطة,بنين
1446,2025,الرياض,16194,متوسطة السلمية,حكومي,المرحلة الثانوية,بنين
1446,2025,الرياض,16194,متوسطة السلمية,حكومي,المرحلة المتوسطة,بنين
1446,2025,الرياض,16195,متوسطة الرازي,حكومي,المرحلة المتوسطة,بنين
1446,2025,الرياض,16196,متوسطة الضبيعة,حكومي,المرحلة الثانوية,بنين
1446,2025,الرياض,16196,متوسطة الضبيعة,حكومي,المرحلة المتوسطة,بنين
1446,2025,الرياض,16197,متوسطة الهياثم,حكومي,المرحلة الإبتدائية,بنين
1446,2025,الرياض,16197,متوسطة الهياثم,حكومي,المرحلة المتوسطة,بنين
1446,2025,الرياض,16198,متوسطة اليمامة,حكومي,المرحلة الثانوية,بنين
1446,2025,الرياض,16198,متوسطة اليمامة,حكومي,المرحلة المتوسطة,بنين
1446,2025,الرياض,16199,متوسطة ابن العميد,حكومي,المرحلة الثانوية,بنين
1446,2025,الرياض,16199,متوسطة ابن العميد,حكومي,المرحلة المتوسطة,بنين
1446,2025,الرياض,16201,متوسطة نعجان,حكومي,المرحلة الثانوية,بنين
1446,2025,الرياض,16201,متوسطة نعجان,حكومي,المرحلة المتوسطة,بنين
1446,2025,الرياض,16204,متوسطة الصديق الليلية,حكومي,المرحلة الثانوية,بنين
1446,2025,الرياض,16207,متوسطة أبي بن كعب لتحفيظ القرآن الكريم,حكومي,المرحلة المتوسطة,بنين
1446,2025,الرياض,16234,ابتدائية الأبناء,حكومي,المرحلة الإبتدائية,بنين
1446,2025,الرياض,16235,متوسطة الأبناء,حكومي,المرحلة الثانوية,بنين
1446,2025,الرياض,16235,متوسطة الأبناء,حكومي,المرحلة المتوسطة,بنين
1446,2025,الرياض,16246,متوسطة الإمام الشافعي,حكومي,المرحلة المتوسطة,بنين
1446,2025,الرياض,16260,متوسطة الأمير فيصل بن فهد,حكومي,المرحلة المتوسطة,بنين
1446,2025,الرياض,16267,ابتدائية عبدالملك بن مروان,حكومي,المرحلة الإبتدائية,بنين
1446,2025,الرياض,16268,متوسطة عبد الكريم الجهيمان,حكومي,المرحلة المتوسطة,بنين
1446,2025,الرياض,16270,متوسطة الأمير عبد الرحمن بن ناصر,حكومي,المرحلة المتوسطة,بنين
1446,2025,الرياض,16272,ابتدائية عبدالله بن رواحة,حكومي,المرحلة الإبتدائية,بنين
1446,2025,الرياض,16281,ابتدائية عقبة بن نافع,حكومي,المرحلة الإبتدائية,بنين
1446,2025,الرياض,16283,ابتدائية عبدالله بن الزبير لتحفيظ القرآن الكريم,حكومي,المرحلة الإبتدائية,بنين
1446,2025,الرياض,16286,ابتدائية سلمان الفارسي,حكومي,المرحلة الإبتدائية,بنين
1446,2025,الرياض,16306,متوسطة صقر قريش,حكومي,المرحلة المتوسطة,بنين
1446,2025,الرياض,16307,متوسطة عبدالرحمن الغافقي,حكومي,المرحلة المتوسطة,بنين
1446,2025,الرياض,16312,ابتدائية هشام بن عبدالملك,حكومي,المرحلة الإبتدائية,بنين
1446,2025,الرياض,16314,ابتدائية الإمام مسلم,حكومي,المرحلة الإبتدائية,بنين
1446,2025,الرياض,16317,ابتدائية عبادة بن الصامت,حكومي,المرحلة الإبتدائية,بنين
1446,2025,الرياض,16330,متوسطة أحد,حكومي,المرحلة المتوسطة,بنين
1446,2025,الرياض,16341,ابتدائية الرياض,حكومي,المرحلة الإبتدائية,بنين
1446,2025,الرياض,16501,الروضة الأولى _بحي السلام,حكومي,رياض الأطفال,بنات
1446,2025,الرياض,16502,الروضة الثانية بإسكان المصانع الحربية,حكومي,رياض الأطفال,بنات
1446,2025,الرياض,16503,روضة أم كلثوم بنت أبي بكر بالقاعدة العسكرية,حكومي,رياض الأطفال,بنات
1446,2025,الرياض,16505,الروضة الرابعة_الاندلس,حكومي,رياض الأطفال,بنات
1446,2025,الرياض,16506,الروضة التاسعة_حي النهضة,حكومي,رياض الأطفال,بنات
1446,2025,الرياض,16507,الروضة السابعة_الفيصلية,حكومي,رياض الأطفال,بنات
1446,2025,الرياض,16508,الروضة السادسة_النهضة,حكومي,رياض الأطفال,بنات
1446,2025,الرياض,16509,روضة قاعدة الأمير سلطان الجوية,حكومي,رياض الأطفال,بنات
1446,2025,الرياض,16512,الابتدائية الثالثة,حكومي,المرحلة الإبتدائية,بنات
1446,2025,الرياض,16512,الابتدائية الثالثة,حكومي,رياض الأطفال,بنات
1446,2025,الرياض,16513,الابتدائية الرابعة,حكومي,المرحلة الإبتدائية,بنات
1446,2025,الرياض,16514,الابتدائية الخامسة,حكومي,المرحلة الإبتدائية,بنات
1446,2025,الرياض,16514,الابتدائية الخامسة,حكومي,رياض الأطفال,بنات
1446,2025,الرياض,16516,الابتدائية السابعة,حكومي,المرحلة الإبتدائية,بنات
1446,2025,الرياض,16517,الابتدائية الثامنة,حكومي,المرحلة الإبتدائية,بنات
1446,2025,الرياض,16519,الابتدائية العاشرة,حكومي,المرحلة الإبتدائية,بنات
1446,2025,الرياض,16520,الابتدائية الحادية عشر,حكومي,المرحلة الإبتدائية,بنات
1446,2025,الرياض,16522,الابتدائية الثالثة عشر,حكومي,المرحلة الإبتدائية,بنات
1446,2025,الرياض,16523,الابتدائية الرابعة عشر,حكومي,المرحلة الإبتدائية,بنات
1446,2025,الرياض,16523,الابتدائية الرابعة عشر,حكومي,رياض الأطفال,بنات
1446,2025,الرياض,16524,الابتدائية الخامسة عشر,حكومي,المرحلة الإبتدائية,بنات
1446,2025,الرياض,16525,الابتدائية السادسة عشر,حكومي,المرحلة الإبتدائية,بنات
1446,2025,الرياض,16526,الابتدائية السابعة عشر,حكومي,المرحلة الإبتدائية,بنات
1446,2025,الرياض,16528,الابتدائية التاسعة عشر,حكومي,المرحلة الإبتدائية,بنات
1446,2025,الرياض,16529,ابتدائية السهباء(بنات),حكومي,المرحلة الإبتدائية,بنات
1446,2025,الرياض,16529,ابتدائية السهباء(بنات),حكومي,المرحلة المتوسطة,بنات
1446,2025,الرياض,16530,ابتدائية أم المؤمنين زينب,حكومي,المرحلة الإبتدائية,بنات
1446,2025,الرياض,16530,ابتدائية أم المؤمنين زينب,حكومي,المرحلة الثانوية,بنات
1446,2025,الرياض,16530,ابتدائية أم المؤمنين زينب,حكومي,المرحلة المتوسطة,بنات
1446,2025,الرياض,16531,ابتدائية حي القطار الأولى,حكومي,المرحلة الإبتدائية,بنات
1446,2025,الرياض,16531,ابتدائية حي القطار الأولى,حكومي,رياض الأطفال,بنات
1446,2025,الرياض,16533,ابتدائية الشديدة(بنات),حكومي,المرحلة الإبتدائية,بنات
1446,2025,الرياض,16533,ابتدائية الشديدة(بنات),حكومي,رياض الأطفال,بنات
1446,2025,الرياض,16534,ابتدائية اليمامة الأولى,حكومي,المرحلة الإبتدائية,بنات
1446,2025,الرياض,16535,ابتدائية اليمامة الثانية,حكومي,المرحلة الإبتدائية,بنات
1446,2025,الرياض,16535,ابتدائية اليمامة الثانية,حكومي,رياض الأطفال,بنات
1446,2025,الرياض,16536,الابتدائية السابعة والعشرون,حكومي,المرحلة الإبتدائية,بنات
1446,2025,الرياض,16536,الابتدائية السابعة والعشرون,حكومي,رياض الأطفال,بنات
1446,2025,الرياض,16537,ابتدائية السلمية(بنات),حكومي,المرحلة الإبتدائية,بنات
1446,2025,الرياض,16537,ابتدائية السلمية(بنات),حكومي,رياض الأطفال,بنات
1446,2025,الرياض,16538,ابتدائية أم المؤمنين سودة,حكومي,المرحلة الإبتدائية,بنات
1446,2025,الرياض,16538,ابتدائية أم المؤمنين سودة,حكومي,المرحلة المتوسطة,بنات
1446,2025,الرياض,16540,ابتدائية الرفيعة(بنات),حكومي,المرحلة الإبتدائية,بنات
1446,2025,الرياض,16540,ابتدائية الرفيعة(بنات),حكومي,المرحلة الثانوية,بنات
1446,2025,الرياض,16540,ابتدائية الرفيعة(بنات),حكومي,المرحلة المتوسطة,بنات
1446,2025,الرياض,16541,ابتدائية الناصفة(بنات),حكومي,المرحلة الإبتدائية,بنات
1446,2025,الرياض,16542,ابتدائية المنيفية,حكومي,المرحلة الإبتدائية,بنات
1446,2025,الرياض,16543,ابتدائية الهياثم الأولى,حكومي,المرحلة الإبتدائية,بنات
1446,2025,الرياض,16544,ابتدائية الهياثم الثانية,حكومي,المرحلة الإبتدائية,بنات
1446,2025,الرياض,16544,ابتدائية الهياثم الثانية,حكومي,رياض الأطفال,بنات
1446,2025,الرياض,16545,ابتدائية الحزم (بنات ),حكومي,المرحلة الإبتدائية,بنات
1446,2025,الرياض,16545,ابتدائية الحزم (بنات ),حكومي,رياض الأطفال,بنات
1446,2025,الرياض,16546,ابتدائية الضبيعة(بنات),حكومي,المرحلة الإبتدائية,بنات
1446,2025,الرياض,16546,ابتدائية الضبيعة(بنات),حكومي,رياض الأطفال,بنات
1446,2025,الرياض,16547,ابتدائية نعجان(بنات),حكومي,المرحلة الإبتدائية,بنات
1446,2025,الرياض,16547,ابتدائية نعجان(بنات),حكومي,رياض الأطفال,بنات
1446,2025,الرياض,16548,الابتدائية الأولى بالدلم,حكومي,المرحلة الإبتدائية,بنات
1446,2025,الرياض,16549,الابتدائية الثانية بالدلم,حكومي,المرحلة الإبتدائية,بنات
1446,2025,الرياض,16549,الابتدائية الثانية بالدلم,حكومي,رياض الأطفال,بنات
1446,2025,الرياض,16550,الابتدائية الثالثة بالدلم,حكومي,المرحلة الإبتدائية,بنات
1446,2025,الرياض,16550,الابتدائية الثالثة بالدلم,حكومي,رياض الأطفال,بنات
1446,2025,الرياض,16551,الابتدائية الرابعة بالدلم,حكومي,المرحلة الإبتدائية,بنات
1446,2025,الرياض,16552,الابتدائية الخامسة بالدلم,حكومي,المرحلة الإبتدائية,بنات
1446,2025,الرياض,16552,الابتدائية الخامسة بالدلم,حكومي,رياض الأطفال,بنات
1446,2025,الرياض,16553,الابتدائية السادسة بالدلم,حكومي,المرحلة الإبتدائية,بنات
1446,2025,الرياض,16553,الابتدائية السادسة بالدلم,حكومي,المرحلة المتوسطة,بنات
1446,2025,الرياض,16555,ابتدائية الرغيب(بنات),حكومي,المرحلة الإبتدائية,بنات
1446,2025,الرياض,16556,الابتدائية العاشرة بالدلم,حكومي,المرحلة الإبتدائية,بنات
1446,2025,الرياض,16556,الابتدائية العاشرة بالدلم,حكومي,رياض الأطفال,بنات
1446,2025,الرياض,16557,الابتدائية الحادية عشر بالدلم,حكومي,المرحلة الإبتدائية,بنات
1446,2025,الرياض,16559,ابتدائية ماوان(بنات),حكومي,المرحلة الإبتدائية,بنات
1446,2025,الرياض,16560,الابتدائية العشرون,حكومي,المرحلة الإبتدائية,بنات
1446,2025,الرياض,16561,ابتدائية العالية(بنات),حكومي,المرحلة الإبتدائية,بنات
1446,2025,الرياض,16562,الابتدائية الأولى لتحفيظ القرآن الكريم,حكومي,المرحلة الإبتدائية,بنات
1446,2025,الرياض,16564,الابتدائية الحادية والعشرون,حكومي,المرحلة الإبتدائية,بنات
1446,2025,الرياض,16566,الابتدائية التاسعة بالدلم,حكومي,المرحلة الإبتدائية,بنات
1446,2025,الرياض,16566,الابتدائية التاسعة بالدلم,حكومي,المرحلة المتوسطة,بنات
1446,2025,الرياض,16567,الابتدائية الثانية والعشرون,حكومي,المرحلة الإبتدائية,بنات
1446,2025,الرياض,16567,الابتدائية الثانية والعشرون,حكومي,المرحلة المتوسطة,بنات
1446,2025,الرياض,16568,الابتدائية الثالثة والعشرون,حكومي,المرحلة الإبتدائية,بنات
1446,2025,الرياض,16570,ابتدائية العقيمي(بنات),حكومي,المرحلة الإبتدائية,بنات
1446,2025,الرياض,16571,ابتدائية التوضيحية( بنات ),حكومي,المرحلة الإبتدائية,بنات
1446,2025,الرياض,16571,ابتدائية التوضيحية( بنات ),حكومي,المرحلة المتوسطة,بنات
1446,2025,الرياض,16573,ابتدائية الروضة,حكومي,المرحلة الإبتدائية,بنات
1446,2025,الرياض,16573,ابتدائية الروضة,حكومي,رياض الأطفال,بنات
1446,2025,الرياض,16574,الابتدائية الثانية لتحفيظ القرآن الكريم,حكومي,المرحلة الإبتدائية,بنات
1446,2025,الرياض,16575,ابتدائية الراشدية( بنات ),حكومي,المرحلة الإبتدائية,بنات
1446,2025,الرياض,16575,ابتدائية الراشدية( بنات ),حكومي,المرحلة المتوسطة,بنات
1446,2025,الرياض,16576,الابتدائية الخامسة والعشرون,حكومي,المرحلة الإبتدائية,بنات
1446,2025,الرياض,16577,الابتدائية السادسة والعشرون,حكومي,المرحلة الإبتدائية,بنات
1446,2025,الرياض,16579,الابتدائية الثانية لتحفيظ القران الكريم  بالدلم,حكومي,المرحلة الإبتدائية,بنات
1446,2025,الرياض,16580,الابتدائية الثامنة والعشرون,حكومي,المرحلة الإبتدائية,بنات
1446,2025,الرياض,16580,الابتدائية الثامنة والعشرون,حكومي,رياض الأطفال,بنات
1446,2025,الرياض,16581,ابتدائية النايفية,حكومي,المرحلة الإبتدائية,بنات
1446,2025,الرياض,16582,الابتدائية الحادية والثلاثون,حكومي,المرحلة الإبتدائية,بنات
1446,2025,الرياض,16583,الابتدائية الرابعة عشر بالدلم,حكومي,المرحلة الإبتدائية,بنات
1446,2025,الرياض,16583,الابتدائية الرابعة عشر بالدلم,حكومي,رياض الأطفال,بنات
1446,2025,الرياض,16584,الابتدائية الرابعة والثلاثون,حكومي,المرحلة الإبتدائية,بنات
1446,2025,الرياض,16586,الابتدائية الثانية والثلاثون,حكومي,المرحلة الإبتدائية,بنات
1446,2025,الرياض,16587,ابتدائية خديجة بنت خويلد,حكومي,المرحلة الإبتدائية,بنات
1446,2025,الرياض,16588,الابتدائية الخامسة لتحفيظ القرآن الكريم,حكومي,المرحلة الإبتدائية,بنات
1446,2025,الرياض,16589,ابتدائية القاعدة الجوية الأولى,حكومي,المرحلة الإبتدائية,بنات
1446,2025,الرياض,16589,ابتدائية القاعدة الجوية الأولى,حكومي,رياض الأطفال,بنات
1446,2025,الرياض,16591,الابتدائية الخامسة والثلاثون,حكومي,المرحلة الإبتدائية,بنات
1446,2025,الرياض,16592,الابتدائية السادسة والثلاثون,حكومي,المرحلة الإبتدائية,بنات
1446,2025,الرياض,16592,الابتدائية السادسة والثلاثون,حكومي,المرحلة المتوسطة,بنات
1446,2025,الرياض,16594,الابتدائية الرابعة لتحفيظ القران الكريم,حكومي,المرحلة الإبتدائية,بنات
1446,2025,الرياض,16596,المتوسطة الأولى,حكومي,المرحلة المتوسطة,بنات
1446,2025,الرياض,16598,المتوسطة الثالثة الخرج,حكومي,المرحلة المتوسطة,بنات
1446,2025,الرياض,16599,المتوسطة الرابعة,حكومي,المرحلة المتوسطة,بنات
1446,2025,الرياض,16600,المتوسطة الخامسة,حكومي,المرحلة المتوسطة,بنات
1446,2025,الرياض,16601,المتوسطة السادسة,حكومي,المرحلة المتوسطة,بنات
1446,2025,الرياض,16602,المتوسطة السابعة,حكومي,المرحلة المتوسطة,بنات
1446,2025,الرياض,16604,متوسطة حي القطار,حكومي,المرحلة الثانوية,بنات
1446,2025,الرياض,16604,متوسطة حي القطار,حكومي,المرحلة المتوسطة,بنات
1446,2025,الرياض,16605,متوسطة اليمامة(بنات),حكومي,المرحلة الثانوية,بنات
1446,2025,الرياض,16605,متوسطة اليمامة(بنات),حكومي,المرحلة المتوسطة,بنات
1446,2025,الرياض,16606,متوسطة السلمية(بنات),حكومي,المرحلة الثانوية,بنات
1446,2025,الرياض,16606,متوسطة السلمية(بنات),حكومي,المرحلة المتوسطة,بنات
1446,2025,الرياض,16607,متوسطة الرفايع(بنات),حكومي,المرحلة الإبتدائية,بنات
1446,2025,الرياض,16607,متوسطة الرفايع(بنات),حكومي,المرحلة الثانوية,بنات
1446,2025,الرياض,16607,متوسطة الرفايع(بنات),حكومي,المرحلة المتوسطة,بنات
1446,2025,الرياض,16609,متوسطة الناصفة,حكومي,المرحلة الثانوية,بنات
1446,2025,الرياض,16609,متوسطة الناصفة,حكومي,المرحلة المتوسطة,بنات
1446,2025,الرياض,16610,متوسطة الهياثم الأولى,حكومي,المرحلة الثانوية,بنات
1446,2025,الرياض,16610,متوسطة الهياثم الأولى,حكومي,المرحلة المتوسطة,بنات
1446,2025,الرياض,16611,متوسطة الضبيعة(بنات),حكومي,المرحلة الثانوية,بنات
1446,2025,الرياض,16611,متوسطة الضبيعة(بنات),حكومي,المرحلة المتوسطة,بنات
1446,2025,الرياض,16612,متوسطة نعجان(بنات),حكومي,المرحلة الثانوية,بنات
1446,2025,الرياض,16612,متوسطة نعجان(بنات),حكومي,المرحلة المتوسطة,بنات
1446,2025,الرياض,16616,المتوسطة الرابعة بالدلم,حكومي,المرحلة المتوسطة,بنات
1446,2025,الرياض,16617,المتوسطة الخامسة بالدلم,حكومي,المرحلة المتوسطة,بنات
1446,2025,الرياض,16620,المتوسطة الثامنة,حكومي,المرحلة المتوسطة,بنات
1446,2025,الرياض,16621,المتوسطة السابعة عشر,حكومي,المرحلة المتوسطة,بنات
1446,2025,الرياض,16622,المتوسطة السادسة بالدلم,حكومي,المرحلة الثانوية,بنات
1446,2025,الرياض,16622,المتوسطة السادسة بالدلم,حكومي,المرحلة المتوسطة,بنات
1446,2025,الرياض,16624,المتوسطة الحادية عشر,حكومي,المرحلة المتوسطة,بنات
1446,2025,الرياض,16630,المتوسطة الأولى لتحفيظ القرآن الكريم بالدلم,حكومي,المرحلة المتوسطة,بنات
1446,2025,الرياض,16631,المتوسطة الثالثة عشر,حكومي,المرحلة المتوسطة,بنات
1446,2025,الرياض,16632,المتوسطة الثانية عشر,حكومي,المرحلة المتوسطة,بنات
1446,2025,الرياض,16633,المتوسطة السادسة عشر,حكومي,المرحلة المتوسطة,بنات
1446,2025,الرياض,16634,المتوسطة الرابعة عشر,حكومي,المرحلة المتوسطة,بنات
1446,2025,الرياض,16635,متوسطة المنيفية,حكومي,المرحلة الثانوية,بنات
1446,2025,الرياض,16635,متوسطة المنيفية,حكومي,المرحلة المتوسطة,بنات
1446,2025,الرياض,16637,المتوسطة التاسعة بالدلم,حكومي,المرحلة المتوسطة,بنات
1446,2025,الرياض,16638,متوسطة العالية,حكومي,المرحلة الثانوية,بنات
1446,2025,الرياض,16638,متوسطة العالية,حكومي,المرحلة المتوسطة,بنات
1446,2025,الرياض,16640,متوسطة قاعدة الأمير سلطان الجوية,حكومي,المرحلة المتوسطة,بنات
1446,2025,الرياض,16644,المتوسطة التاسعة عشر,حكومي,المرحلة المتوسطة,بنات
1446,2025,الرياض,16645,المتوسطة الثامنة عشر,حكومي,المرحلة المتوسطة,بنات
1446,2025,الرياض,16738,ابتدائية الأبناء( بنات ),حكومي,المرحلة الإبتدائية,بنات
1446,2025,الرياض,16752,الابتدائية السابعة والثلاثون,حكومي,المرحلة الإبتدائية,بنات
1446,2025,الرياض,16753,الابتدائية الثامنة والثلاثون,حكومي,المرحلة الإبتدائية,بنات
1446,2025,الرياض,16753,الابتدائية الثامنة والثلاثون,حكومي,رياض الأطفال,بنات
1446,2025,الرياض,16760,الروضة الخامسة_المنتزة,حكومي,رياض الأطفال,بنات
1446,2025,الرياض,16761,المتوسطة الخامسة والعشرون,حكومي,المرحلة المتوسطة,بنات
1446,2025,الرياض,16762,ابتدائية الحي الأخضر,حكومي,المرحلة الإبتدائية,بنات
1446,2025,الرياض,16762,ابتدائية الحي الأخضر,حكومي,رياض الأطفال,بنات
1446,2025,الرياض,16770,الابتدائية التاسعة والثلاثون,حكومي,المرحلة الإبتدائية,بنات
1446,2025,الرياض,16780,متوسطة الهياثم الثانية,حكومي,المرحلة المتوسطة,بنات
1446,2025,الرياض,16785,الروضة الثامنة_الشعبة  (تدخل مبكر ),حكومي,رياض الأطفال,بنات
1446,2025,الرياض,16786,الروضة العاشرة_الهدا,حكومي,رياض الأطفال,بنات
1446,2025,الرياض,16795,المتوسطة الثانية والعشرون,حكومي,المرحلة المتوسطة,بنات
1446,2025,الرياض,16797,الابتدائية السادسة لتحفيظ القران الكريم,حكومي,المرحلة الإبتدائية,بنات
1446,2025,الرياض,16804,ابتدائية القاعدة الجوية الثانية,حكومي,المرحلة الإبتدائية,بنات
1446,2025,الرياض,16809,الروضة الثانية بالدلم,حكومي,رياض الأطفال,بنات
1446,2025,الرياض,16819,الابتدائية الرابعة والعشرون,حكومي,المرحلة الإبتدائية,بنات
1446,2025,الرياض,16821,الابتدائية الأربعون,حكومي,المرحلة الإبتدائية,بنات
1446,2025,الرياض,16833,المتوسطة الثالثة لتحفيظ القرآن الكريم,حكومي,المرحلة المتوسطة,بنات
1446,2025,الرياض,16836,الابتدائية الثالثة والثلاثون,حكومي,المرحلة الإبتدائية,بنات
1446,2025,الرياض,16845,الروضة الرابعة عشر_الورود,حكومي,رياض الأطفال,بنات
1446,2025,الرياض,16847,الروضة السادسة عشر_المنيفية,حكومي,رياض الأطفال,بنات
1446,2025,الرياض,16853,الروضة الثانية والعشرون_الاندلس,حكومي,رياض الأطفال,بنات
1446,2025,الرياض,16855,الروضة الثالثة بالدلم (تدخل مبكر ),حكومي,المرحلة الإبتدائية,بنات
1446,2025,الرياض,16855,الروضة الثالثة بالدلم (تدخل مبكر ),حكومي,رياض الأطفال,بنات
1446,2025,الرياض,16856,الروضة الرابعة بالدلم,حكومي,المرحلة الإبتدائية,بنات
1446,2025,الرياض,16856,الروضة الرابعة بالدلم,حكومي,رياض الأطفال,بنات
1446,2025,الرياض,17101,أبو جلال الابتدائية,حكومي,المرحلة الإبتدائية,بنين
1446,2025,الرياض,17103,أرطاوى الحماميد الابتدائية,حكومي,المرحلة الإبتدائية,بنين
1446,2025,الرياض,17103,أرطاوى الحماميد الابتدائية,حكومي,المرحلة الثانوية,بنين
1446,2025,الرياض,17103,أرطاوى الحماميد الابتدائية,حكومي,المرحلة المتوسطة,بنين
1446,2025,الرياض,17104,أرطاوي الرقاص الابتدائية,حكومي,المرحلة الإبتدائية,بنين
1446,2025,الرياض,17107,الأثلة الابتدائية,حكومي,المرحلة الإبتدائية,بنين
1446,2025,الرياض,17108,الملك عبدالعزيز الابتدائية بالارطاوي,حكومي,المرحلة الإبتدائية,بنين
1446,2025,الرياض,17109,البجادية الابتدائية,حكومي,المرحلة الإبتدائية,بنين
1446,2025,الرياض,17109,البجادية الابتدائية,حكومي,المرحلة المتوسطة,بنين
1446,2025,الرياض,17111,البدع الابتدائية,حكومي,المرحلة الإبتدائية,بنين
1446,2025,الرياض,17111,البدع الابتدائية,حكومي,المرحلة المتوسطة,بنين
1446,2025,الرياض,17112,البرود الابتدائية,حكومي,المرحلة الإبتدائية,بنين
1446,2025,الرياض,17112,البرود الابتدائية,حكومي,المرحلة الثانوية,بنين
1446,2025,الرياض,17112,البرود الابتدائية,حكومي,المرحلة المتوسطة,بنين
1446,2025,الرياض,17114,الثندوة الابتدائية,حكومي,المرحلة الإبتدائية,بنين
1446,2025,الرياض,17115,الجديدة الابتدائية,حكومي,المرحلة الإبتدائية,بنين
1446,2025,الرياض,17115,الجديدة الابتدائية,حكومي,المرحلة المتوسطة,بنين
1446,2025,الرياض,17117,الحفيرة الابتدائية,حكومي,المرحلة الإبتدائية,بنين
1446,2025,الرياض,17117,الحفيرة الابتدائية,حكومي,المرحلة الثانوية,بنين
1446,2025,الرياض,17117,الحفيرة الابتدائية,حكومي,المرحلة المتوسطة,بنين
1446,2025,الرياض,17125,خالدبن الوليد الابتدائية,حكومي,المرحلة الإبتدائية,بنين
1446,2025,الرياض,17126,سعد بن أبي وقاص الابتدائية,حكومي,المرحلة الإبتدائية,بنين
1446,2025,الرياض,17127,طارق بن زياد الابتدائية,حكومي,المرحلة الإبتدائية,بنين
1446,2025,الرياض,17127,طارق بن زياد الابتدائية,حكومي,المرحلة المتوسطة,بنين
1446,2025,الرياض,17128,العزيزية الابتدائية,حكومي,المرحلة الإبتدائية,بنين
1446,2025,الرياض,17129,أحمد بن حنبل الابتدائية,حكومي,المرحلة الإبتدائية,بنين
1446,2025,الرياض,17130,عثمان بن عفان الابتدائية,حكومي,المرحلة الإبتدائية,بنين
1446,2025,الرياض,17131,عبدالله بن مسعود الابتدائية,حكومي,المرحلة الإبتدائية,بنين
1446,2025,الرياض,17132,الديرية الابتدائية,حكومي,المرحلة الإبتدائية,بنين
1446,2025,الرياض,17132,الديرية الابتدائية,حكومي,المرحلة المتوسطة,بنين
1446,2025,الرياض,17133,الراجحية الابتدائية,حكومي,المرحلة الإبتدائية,بنين
1446,2025,الرياض,17135,الجمش الأبتدائية,حكومي,المرحلة الإبتدائية,بنين
1446,2025,الرياض,17138,ابن سينا الابتدائية بالسكران,حكومي,المرحلة الإبتدائية,بنين
1446,2025,الرياض,17138,ابن سينا الابتدائية بالسكران,حكومي,المرحلة المتوسطة,بنين
1446,2025,الرياض,17140,جفناء الابتدائية,حكومي,المرحلة الإبتدائية,بنين
1446,2025,الرياض,17140,جفناء الابتدائية,حكومي,المرحلة المتوسطة,بنين
1446,2025,الرياض,17141,الشعراء الابتدائية,حكومي,المرحلة الإبتدائية,بنين
1446,2025,الرياض,17143,العاذرية الابتدائية,حكومي,المرحلة الإبتدائية,بنين
1446,2025,الرياض,17144,العازمية الابتدائية,حكومي,المرحلة الإبتدائية,بنين
1446,2025,الرياض,17145,العبل الابتدائية,حكومي,المرحلة الإبتدائية,بنين
1446,2025,الرياض,17145,العبل الابتدائية,حكومي,المرحلة المتوسطة,بنين
1446,2025,الرياض,17146,العقلة الابتدائية,حكومي,المرحلة الإبتدائية,بنين
1446,2025,الرياض,17148,الفقارة الابتدائية,حكومي,المرحلة الإبتدائية,بنين
1446,2025,الرياض,17148,الفقارة الابتدائية,حكومي,المرحلة المتوسطة,بنين
1446,2025,الرياض,17149,الفيحاء الإبتدائية,حكومي,المرحلة الإبتدائية,بنين
1446,2025,الرياض,17149,الفيحاء الإبتدائية,حكومي,المرحلة الثانوية,بنين
1446,2025,الرياض,17149,الفيحاء الإبتدائية,حكومي,المرحلة المتوسطة,بنين
1446,2025,الرياض,17151,الفيضة الابتدائية,حكومي,المرحلة الإبتدائية,بنين
1446,2025,الرياض,17152,القاعية الابتدائية,حكومي,المرحلة الإبتدائية,بنين
1446,2025,الرياض,17152,القاعية الابتدائية,حكومي,المرحلة المتوسطة,بنين
1446,2025,الرياض,17153,سعد بن معاذ الابتدائية بالقرارة,حكومي,المرحلة الإبتدائية,بنين
1446,2025,الرياض,17155,القرين الابتدائية,حكومي,المرحلة الإبتدائية,بنين
1446,2025,الرياض,17155,القرين الابتدائية,حكومي,المرحلة المتوسطة,بنين
1446,2025,الرياض,17161,المحمدية الابتدائية,حكومي,المرحلة الإبتدائية,بنين
1446,2025,الرياض,17161,المحمدية الابتدائية,حكومي,المرحلة الثانوية,بنين
1446,2025,الرياض,17161,المحمدية الابتدائية,حكومي,المرحلة المتوسطة,بنين
1446,2025,الرياض,17165,زيد بن حارثة الابتدائية بالوهابية,حكومي,المرحلة الإبتدائية,بنين
1446,2025,الرياض,17166,أم المناشير الابتدائية,حكومي,المرحلة الإبتدائية,بنين
1446,2025,الرياض,17166,أم المناشير الابتدائية,حكومي,المرحلة المتوسطة,بنين
1446,2025,الرياض,17167,أم زموع الابتدائية,حكومي,المرحلة الإبتدائية,بنين
1446,2025,الرياض,17167,أم زموع الابتدائية,حكومي,المرحلة المتوسطة,بنين
1446,2025,الرياض,17168,أم سليم الابتدائية,حكومي,المرحلة الإبتدائية,بنين
1446,2025,الرياض,17172,حديجة الابتدائية,حكومي,المرحلة الإبتدائية,بنين
1446,2025,الرياض,17173,الحفنة الابتدائية,حكومي,المرحلة الإبتدائية,بنين
1446,2025,الرياض,17173,الحفنة الابتدائية,حكومي,المرحلة الثانوية,بنين
1446,2025,الرياض,17173,الحفنة الابتدائية,حكومي,المرحلة المتوسطة,بنين
1446,2025,الرياض,17174,خريمان الابتدائية,حكومي,المرحلة الإبتدائية,بنين
1446,2025,الرياض,17175,خف الابتدائية,حكومي,المرحلة الإبتدائية,بنين
1446,2025,الرياض,17178,ساجر الابتدائية,حكومي,المرحلة الإبتدائية,بنين
1446,2025,الرياض,17179,العز بن عبد السلام الابتدائية,حكومي,المرحلة الإبتدائية,بنين
1446,2025,الرياض,17180,سرورة الابتدائية,حكومي,المرحلة الإبتدائية,بنين
1446,2025,الرياض,17180,سرورة الابتدائية,حكومي,المرحلة المتوسطة,بنين
1446,2025,الرياض,17181,اسامة بن زيد الابتدائية بشبيرمة,حكومي,المرحلة الإبتدائية,بنين
1446,2025,الرياض,17181,اسامة بن زيد الابتدائية بشبيرمة,حكومي,المرحلة المتوسطة,بنين
1446,2025,الرياض,17185,صقرة الابتدائية,حكومي,المرحلة الإبتدائية,بنين
1446,2025,الرياض,17185,صقرة الابتدائية,حكومي,المرحلة المتوسطة,بنين
1446,2025,الرياض,17186,عرجاء الابتدائية,حكومي,المرحلة الإبتدائية,بنين
1446,2025,الرياض,17187,عروى الابتدائية,حكومي,المرحلة الإبتدائية,بنين
1446,2025,الرياض,17188,عريدة الابتدائية,حكومي,المرحلة الإبتدائية,بنين
1446,2025,الرياض,17190,عسيلة الابتدائية,حكومي,المرحلة الإبتدائية,بنين
1446,2025,الرياض,17198,فيضة القوازين الابتدائية,حكومي,المرحلة الإبتدائية,بنين
1446,2025,الرياض,17200,جهام الابتدائية,حكومي,المرحلة الإبتدائية,بنين
1446,2025,الرياض,17207,مصدة الابتدائية,حكومي,المرحلة الإبتدائية,بنين
1446,2025,الرياض,17209,مغيب الابتدائية,حكومي,المرحلة الإبتدائية,بنين
1446,2025,الرياض,17209,مغيب الابتدائية,حكومي,المرحلة المتوسطة,بنين
1446,2025,الرياض,17214,نجخ الابتدائية,حكومي,المرحلة الإبتدائية,بنين
1446,2025,الرياض,17215,نفي الابتدائية,حكومي,المرحلة الإبتدائية,بنين
1446,2025,الرياض,17217,وثيلان وعشيران الابتدائية,حكومي,المرحلة الإبتدائية,بنين
1446,2025,الرياض,17218,تحفيظ القرآن الابتدائية بالبجادية,حكومي,المرحلة الإبتدائية,بنين
1446,2025,الرياض,17219,تحفيظ القرآن الابتدائية بالبديعة,حكومي,المرحلة الإبتدائية,بنين
1446,2025,الرياض,17219,تحفيظ القرآن الابتدائية بالبديعة,حكومي,المرحلة المتوسطة,بنين
1446,2025,الرياض,17220,تحفيظ القرآن الابتدائية بالدوادمي,حكومي,المرحلة الإبتدائية,بنين
1446,2025,الرياض,17221,تحفيظ القرآن الابتدائية بساجر,حكومي,المرحلة الإبتدائية,بنين
1446,2025,الرياض,17221,تحفيظ القرآن الابتدائية بساجر,حكومي,المرحلة المتوسطة,بنين
1446,2025,الرياض,17222,تحفيظ القرآن الابتدائية بعرجاء,حكومي,المرحلة الإبتدائية,بنين
1446,2025,الرياض,17223,ابن القيم المتوسطة,حكومي,المرحلة المتوسطة,بنين
1446,2025,الرياض,17224,أبو جلال المتوسطة,حكومي,المرحلة الثانوية,بنين
1446,2025,الرياض,17224,أبو جلال المتوسطة,حكومي,المرحلة المتوسطة,بنين
1446,2025,الرياض,17226,أرطاوي الرقاص المتوسطة,حكومي,المرحلة الثانوية,بنين
1446,2025,الرياض,17226,أرطاوي الرقاص المتوسطة,حكومي,المرحلة المتوسطة,بنين
1446,2025,الرياض,17228,الأثلة المتوسطة,حكومي,المرحلة الثانوية,بنين
1446,2025,الرياض,17228,الأثلة المتوسطة,حكومي,المرحلة المتوسطة,بنين
1446,2025,الرياض,17229,الأرطاوي المتوسطة,حكومي,المرحلة الثانوية,بنين
1446,2025,الرياض,17229,الأرطاوي المتوسطة,حكومي,المرحلة المتوسطة,بنين
1446,2025,الرياض,17234,الثندوة المتوسطة,حكومي,المرحلة الثانوية,بنين
1446,2025,الرياض,17234,الثندوة المتوسطة,حكومي,المرحلة المتوسطة,بنين
1446,2025,الرياض,17237,حطين المتوسطة,حكومي,المرحلة المتوسطة,بنين
1446,2025,الرياض,17238,اليرموك المتوسطة,حكومي,المرحلة المتوسطة,بنين
1446,2025,الرياض,17239,الفاروق المتوسطة,حكومي,المرحلة المتوسطة,بنين
1446,2025,الرياض,17241,الراجحية المتوسطة,حكومي,المرحلة الثانوية,بنين
1446,2025,الرياض,17241,الراجحية المتوسطة,حكومي,المرحلة المتوسطة,بنين
1446,2025,الرياض,17242,الجمش المتوسطة,حكومي,المرحلة الثانوية,بنين
1446,2025,الرياض,17242,الجمش المتوسطة,حكومي,المرحلة المتوسطة,بنين
1446,2025,الرياض,17244,الشعراء المتوسطة,حكومي,المرحلة الثانوية,بنين
1446,2025,الرياض,17244,الشعراء المتوسطة,حكومي,المرحلة المتوسطة,بنين
1446,2025,الرياض,17248,القرارة المتوسطة,حكومي,المرحلة الثانوية,بنين
1446,2025,الرياض,17248,القرارة المتوسطة,حكومي,المرحلة المتوسطة,بنين
1446,2025,الرياض,17254,حديجة المتوسطة,حكومي,المرحلة الثانوية,بنين
1446,2025,الرياض,17254,حديجة المتوسطة,حكومي,المرحلة المتوسطة,بنين
1446,2025,الرياض,17256,خريمان المتوسطة,حكومي,المرحلة الثانوية,بنين
1446,2025,الرياض,17256,خريمان المتوسطة,حكومي,المرحلة المتوسطة,بنين
1446,2025,الرياض,17257,خف المتوسطة,حكومي,المرحلة الثانوية,بنين
1446,2025,الرياض,17257,خف المتوسطة,حكومي,المرحلة المتوسطة,بنين
1446,2025,الرياض,17262,عرجاء المتوسطة,حكومي,المرحلة الثانوية,بنين
1446,2025,الرياض,17262,عرجاء المتوسطة,حكومي,المرحلة المتوسطة,بنين
1446,2025,الرياض,17263,عروى المتوسطة,حكومي,المرحلة الثانوية,بنين
1446,2025,الرياض,17263,عروى المتوسطة,حكومي,المرحلة المتوسطة,بنين
1446,2025,الرياض,17265,عسيلة المتوسطة,حكومي,المرحلة الثانوية,بنين
1446,2025,الرياض,17265,عسيلة المتوسطة,حكومي,المرحلة المتوسطة,بنين
1446,2025,الرياض,17268,جهام المتوسطة,حكومي,المرحلة المتوسطة,بنين
1446,2025,الرياض,17269,الفيضة المتوسطة,حكومي,المرحلة الثانوية,بنين
1446,2025,الرياض,17269,الفيضة المتوسطة,حكومي,المرحلة المتوسطة,بنين
1446,2025,الرياض,17271,مصدة المتوسطة,حكومي,المرحلة الثانوية,بنين
1446,2025,الرياض,17271,مصدة المتوسطة,حكومي,المرحلة المتوسطة,بنين
1446,2025,الرياض,17275,نفي المتوسطة,حكومي,المرحلة المتوسطة,بنين
1446,2025,الرياض,17276,وثيلان و عشيران المتوسطة,حكومي,المرحلة المتوسطة,بنين
1446,2025,الرياض,17365,بدر المتوسطة,حكومي,المرحلة المتوسطة,بنين
1446,2025,الرياض,17378,القدس المتوسطة بساجر,حكومي,المرحلة المتوسطة,بنين
1446,2025,الرياض,17385,تحفيظ القرآن الابتدائية بنفي,حكومي,المرحلة الإبتدائية,بنين
1446,2025,الرياض,17408,عمر بن عبدالعزيز الابتدائية ( تعليم كبار),حكومي,المرحلة الإبتدائية,بنين
1446,2025,الرياض,17479,القادسية المتوسطة,حكومي,المرحلة المتوسطة,بنين
1446,2025,الرياض,18001,الروضة الأولى بالدوادمي,حكومي,رياض الأطفال,بنات
1446,2025,الرياض,18002,روضة الرفايع,حكومي,رياض الأطفال,بنات
1446,2025,الرياض,18003,الروضة الثانية بالدوادمي,حكومي,رياض الأطفال,بنات
1446,2025,الرياض,18004,الروضة الأولى بساجر,حكومي,رياض الأطفال,بنات
1446,2025,الرياض,18005,الروضة الخامسة,حكومي,رياض الأطفال,بنات
1446,2025,الرياض,18006,الروضة الثالثة,حكومي,رياض الأطفال,بنات
1446,2025,الرياض,18007,الروضة الرابعة,حكومي,رياض الأطفال,بنات
1446,2025,الرياض,18008,الأولى الابتدائية بالدوادمي,حكومي,المرحلة الإبتدائية,بنات
1446,2025,الرياض,18009,الثانية الابتدائية بالدوادمي,حكومي,المرحلة الإبتدائية,بنات
1446,2025,الرياض,18010,الثالثة الابتدائية,حكومي,المرحلة الإبتدائية,بنات
1446,2025,الرياض,18011,الرابعة الابتدائية,حكومي,المرحلة الإبتدائية,بنات
1446,2025,الرياض,18012,الخامسة الابتدائية,حكومي,المرحلة الإبتدائية,بنات
1446,2025,الرياض,18013,السادسة الابتدائية,حكومي,المرحلة الإبتدائية,بنات
1446,2025,الرياض,18014,السابعة الابتدائية,حكومي,المرحلة الإبتدائية,بنات
1446,2025,الرياض,18014,السابعة الابتدائية,حكومي,رياض الأطفال,بنات
1446,2025,الرياض,18015,الثامنة الابتدائية,حكومي,المرحلة الإبتدائية,بنات
1446,2025,الرياض,18016,مشرفة الابتدائية,حكومي,المرحلة الإبتدائية,بنات
1446,2025,الرياض,18016,مشرفة الابتدائية,حكومي,المرحلة الثانوية,بنات
1446,2025,الرياض,18016,مشرفة الابتدائية,حكومي,المرحلة المتوسطة,بنات
1446,2025,الرياض,18017,الأولى الابتدائية بمصدة,حكومي,المرحلة الإبتدائية,بنات
1446,2025,الرياض,18018,الأولى الابتدائية بعرجاء,حكومي,المرحلة الإبتدائية,بنات
1446,2025,الرياض,18018,الأولى الابتدائية بعرجاء,حكومي,رياض الأطفال,بنات
1446,2025,الرياض,18020,الشعراء الابتدائية,حكومي,المرحلة الإبتدائية,بنات
1446,2025,الرياض,18020,الشعراء الابتدائية,حكومي,رياض الأطفال,بنات
1446,2025,الرياض,18021,الفقارة الابتدائية,حكومي,المرحلة الإبتدائية,بنات
1446,2025,الرياض,18021,الفقارة الابتدائية,حكومي,رياض الأطفال,بنات
1446,2025,الرياض,18022,الأولى الابتدائية بالبجادية,حكومي,المرحلة الإبتدائية,بنات
1446,2025,الرياض,18022,الأولى الابتدائية بالبجادية,حكومي,رياض الأطفال,بنات
1446,2025,الرياض,18025,الودي الابتدائية,حكومي,المرحلة الإبتدائية,بنات
1446,2025,الرياض,18025,الودي الابتدائية,حكومي,رياض الأطفال,بنات
1446,2025,الرياض,18027,مخطط (162) الابتدائية بوادي الرشاء,حكومي,المرحلة الإبتدائية,بنات
1446,2025,الرياض,18027,مخطط (162) الابتدائية بوادي الرشاء,حكومي,رياض الأطفال,بنات
1446,2025,الرياض,18031,صقرة الابتدائية,حكومي,المرحلة الإبتدائية,بنات
1446,2025,الرياض,18031,صقرة الابتدائية,حكومي,المرحلة المتوسطة,بنات
1446,2025,الرياض,18034,كبشان الابتدائية,حكومي,المرحلة الإبتدائية,بنات
1446,2025,الرياض,18034,كبشان الابتدائية,حكومي,رياض الأطفال,بنات
1446,2025,الرياض,18035,حديجه الابتدائية,حكومي,المرحلة الإبتدائية,بنات
1446,2025,الرياض,18035,حديجه الابتدائية,حكومي,المرحلة الثانوية,بنات
1446,2025,الرياض,18035,حديجه الابتدائية,حكومي,المرحلة المتوسطة,بنات
1446,2025,الرياض,18037,القاعية الابتدائية,حكومي,المرحلة الإبتدائية,بنات
1446,2025,الرياض,18037,القاعية الابتدائية,حكومي,رياض الأطفال,بنات
1446,2025,الرياض,18038,الحفنة الابتدائية,حكومي,المرحلة الإبتدائية,بنات
1446,2025,الرياض,18038,الحفنة الابتدائية,حكومي,رياض الأطفال,بنات
1446,2025,الرياض,18039,الحفيرة الابتدائية,حكومي,المرحلة الإبتدائية,بنات
1446,2025,الرياض,18039,الحفيرة الابتدائية,حكومي,رياض الأطفال,بنات
1446,2025,الرياض,18042,ماسل الابتدائية,حكومي,المرحلة الإبتدائية,بنات
1446,2025,الرياض,18042,ماسل الابتدائية,حكومي,رياض الأطفال,بنات
1446,2025,الرياض,18044,عروى الابتدائية,حكومي,المرحلة الإبتدائية,بنات
1446,2025,الرياض,18045,المحمدية الابتدائية,حكومي,المرحلة الإبتدائية,بنات
1446,2025,الرياض,18045,المحمدية الابتدائية,حكومي,المرحلة الثانوية,بنات
1446,2025,الرياض,18045,المحمدية الابتدائية,حكومي,المرحلة المتوسطة,بنات
1446,2025,الرياض,18045,المحمدية الابتدائية,حكومي,رياض الأطفال,بنات
1446,2025,الرياض,18046,خف الابتدائية,حكومي,المرحلة الإبتدائية,بنات
1446,2025,الرياض,18046,خف الابتدائية,حكومي,المرحلة الثانوية,بنات
1446,2025,الرياض,18046,خف الابتدائية,حكومي,المرحلة المتوسطة,بنات
1446,2025,الرياض,18047,عسيلة الابتدائية,حكومي,المرحلة الإبتدائية,بنات
1446,2025,الرياض,18047,عسيلة الابتدائية,حكومي,رياض الأطفال,بنات
1446,2025,الرياض,18048,الأثلة الابتدائية,حكومي,المرحلة الإبتدائية,بنات
1446,2025,الرياض,18048,الأثلة الابتدائية,حكومي,رياض الأطفال,بنات
1446,2025,الرياض,18049,القرارة الابتدائية,حكومي,المرحلة الإبتدائية,بنات
1446,2025,الرياض,18052,الأولى الابتدائية بالجمش,حكومي,المرحلة الإبتدائية,بنات
1446,2025,الرياض,18053,القرين الابتدائية,حكومي,المرحلة الإبتدائية,بنات
1446,2025,الرياض,18055,نجخ الابتدائية,حكومي,المرحلة الإبتدائية,بنات
1446,2025,الرياض,18056,بدائع الدلابحة الابتدائية,حكومي,المرحلة الإبتدائية,بنات
1446,2025,الرياض,18056,بدائع الدلابحة الابتدائية,حكومي,رياض الأطفال,بنات
1446,2025,الرياض,18058,العازمية الابتدائية,حكومي,المرحلة الإبتدائية,بنات
1446,2025,الرياض,18058,العازمية الابتدائية,حكومي,المرحلة المتوسطة,بنات
1446,2025,الرياض,18059,العاذرية الابتدائية,حكومي,المرحلة الإبتدائية,بنات
1446,2025,الرياض,18059,العاذرية الابتدائية,حكومي,المرحلة الثانوية,بنات
1446,2025,الرياض,18059,العاذرية الابتدائية,حكومي,المرحلة المتوسطة,بنات
1446,2025,الرياض,18060,عصام الابتدائية,حكومي,المرحلة الإبتدائية,بنات
1446,2025,الرياض,18061,أبو جلال الابتدائية,حكومي,المرحلة الإبتدائية,بنات
1446,2025,الرياض,18063,شبيرمه الابتدائية,حكومي,المرحلة الإبتدائية,بنات
1446,2025,الرياض,18069,جهام الابتدائية,حكومي,المرحلة الإبتدائية,بنات
1446,2025,الرياض,18069,جهام الابتدائية,حكومي,المرحلة المتوسطة,بنات
1446,2025,الرياض,18070,ارطاوي حليت الابتدائية,حكومي,المرحلة الإبتدائية,بنات
1446,2025,الرياض,18070,ارطاوي حليت الابتدائية,حكومي,رياض الأطفال,بنات
1446,2025,الرياض,18075,المدرع الابتدائية,حكومي,المرحلة الإبتدائية,بنات
1446,2025,الرياض,18075,المدرع الابتدائية,حكومي,رياض الأطفال,بنات
1446,2025,الرياض,18077,العقلة الابتدائية,حكومي,المرحلة الإبتدائية,بنات
1446,2025,الرياض,18077,العقلة الابتدائية,حكومي,رياض الأطفال,بنات
1446,2025,الرياض,18078,عصماء الابتدائية,حكومي,المرحلة الإبتدائية,بنات
1446,2025,الرياض,18078,عصماء الابتدائية,حكومي,رياض الأطفال,بنات
1446,2025,الرياض,18079,أم زموع الابتدائية,حكومي,المرحلة الإبتدائية,بنات
1446,2025,الرياض,18079,أم زموع الابتدائية,حكومي,رياض الأطفال,بنات
1446,2025,الرياض,18082,الأولى الابتدائية بنفي,حكومي,المرحلة الإبتدائية,بنات
1446,2025,الرياض,18082,الأولى الابتدائية بنفي,حكومي,رياض الأطفال,بنات
1446,2025,الرياض,18085,الوهابية الابتدائية,حكومي,المرحلة الإبتدائية,بنات
1446,2025,الرياض,18085,الوهابية الابتدائية,حكومي,رياض الأطفال,بنات
1446,2025,الرياض,18086,خريمان الشغار الابتدائية,حكومي,المرحلة الإبتدائية,بنات
1446,2025,الرياض,18086,خريمان الشغار الابتدائية,حكومي,رياض الأطفال,بنات
1446,2025,الرياض,18087,أبو ركب الابتدائية,حكومي,المرحلة الإبتدائية,بنات
1446,2025,الرياض,18087,أبو ركب الابتدائية,حكومي,رياض الأطفال,بنات
1446,2025,الرياض,18090,الحيد الابتدائية,حكومي,المرحلة الإبتدائية,بنات
1446,2025,الرياض,18090,الحيد الابتدائية,حكومي,المرحلة المتوسطة,بنات
1446,2025,الرياض,18090,الحيد الابتدائية,حكومي,رياض الأطفال,بنات
1446,2025,الرياض,18093,الراجحية الابتدائية,حكومي,المرحلة الإبتدائية,بنات
1446,2025,الرياض,18093,الراجحية الابتدائية,حكومي,رياض الأطفال,بنات
1446,2025,الرياض,18096,الأولى الابتدائية بساجر,حكومي,المرحلة الإبتدائية,بنات
1446,2025,الرياض,18097,الثانية الابتدائية بساجر,حكومي,المرحلة الإبتدائية,بنات
1446,2025,الرياض,18098,الديرية الابتدائية,حكومي,المرحلة الإبتدائية,بنات
1446,2025,الرياض,18098,الديرية الابتدائية,حكومي,المرحلة الثانوية,بنات
1446,2025,الرياض,18098,الديرية الابتدائية,حكومي,المرحلة المتوسطة,بنات
1446,2025,الرياض,18098,الديرية الابتدائية,حكومي,رياض الأطفال,بنات
1446,2025,الرياض,18101,التسرير الابتدائية,حكومي,المرحلة الإبتدائية,بنات
1446,2025,الرياض,18101,التسرير الابتدائية,حكومي,رياض الأطفال,بنات
1446,2025,الرياض,18102,ام سليم الابتدائية,حكومي,المرحلة الإبتدائية,بنات
1446,2025,الرياض,18102,ام سليم الابتدائية,حكومي,رياض الأطفال,بنات
1446,2025,الرياض,18103,البرود الابتدائية,حكومي,المرحلة الإبتدائية,بنات
1446,2025,الرياض,18103,البرود الابتدائية,حكومي,رياض الأطفال,بنات
1446,2025,الرياض,18105,ارطاوي الرقاص الابتدائية,حكومي,المرحلة الإبتدائية,بنات
1446,2025,الرياض,18105,ارطاوي الرقاص الابتدائية,حكومي,رياض الأطفال,بنات
1446,2025,الرياض,18106,جفن الابتدائية,حكومي,المرحلة الإبتدائية,بنات
1446,2025,الرياض,18107,مغيب الابتدائية,حكومي,المرحلة الإبتدائية,بنات
1446,2025,الرياض,18107,مغيب الابتدائية,حكومي,المرحلة المتوسطة,بنات
1446,2025,الرياض,18109,فيضة السر الابتدائية,حكومي,المرحلة الإبتدائية,بنات
1446,2025,الرياض,18109,فيضة السر الابتدائية,حكومي,رياض الأطفال,بنات
1446,2025,الرياض,18110,الدمثي الابتدائية,حكومي,المرحلة الإبتدائية,بنات
1446,2025,الرياض,18110,الدمثي الابتدائية,حكومي,رياض الأطفال,بنات
1446,2025,الرياض,18111,الأرطاوي بالسر الابتدائية,حكومي,المرحلة الإبتدائية,بنات
1446,2025,الرياض,18111,الأرطاوي بالسر الابتدائية,حكومي,رياض الأطفال,بنات
1446,2025,الرياض,18112,وثيلان الابتدائية,حكومي,المرحلة الإبتدائية,بنات
1446,2025,الرياض,18112,وثيلان الابتدائية,حكومي,رياض الأطفال,بنات
1446,2025,الرياض,18113,عين الصوينع الابتدائية,حكومي,المرحلة الإبتدائية,بنات
1446,2025,الرياض,18113,عين الصوينع الابتدائية,حكومي,رياض الأطفال,بنات
1446,2025,الرياض,18115,تحفيظ القرآن الأولى الابتدائية بالدوادمي,حكومي,المرحلة الإبتدائية,بنات
1446,2025,الرياض,18116,التاسعة الابتدائية,حكومي,المرحلة الإبتدائية,بنات
1446,2025,الرياض,18116,التاسعة الابتدائية,حكومي,رياض الأطفال,بنات
1446,2025,الرياض,18122,المنجور الابتدائية,حكومي,المرحلة الإبتدائية,بنات
1446,2025,الرياض,18122,المنجور الابتدائية,حكومي,رياض الأطفال,بنات
1446,2025,الرياض,18123,العاشرة الابتدائية بالدوادمي,حكومي,المرحلة الإبتدائية,بنات
1446,2025,الرياض,18126,الثانية الابتدائية بنفي,حكومي,المرحلة الإبتدائية,بنات
1446,2025,الرياض,18127,الثانية الابتدائية بعرجاء,حكومي,المرحلة الإبتدائية,بنات
1446,2025,الرياض,18131,البطين الابتدائية,حكومي,المرحلة الإبتدائية,بنات
1446,2025,الرياض,18131,البطين الابتدائية,حكومي,رياض الأطفال,بنات
1446,2025,الرياض,18134,الرفيعة الابتدائية بساجر,حكومي,المرحلة الإبتدائية,بنات
1446,2025,الرياض,18136,الثندوة الابتدائية,حكومي,المرحلة الإبتدائية,بنات
1446,2025,الرياض,18136,الثندوة الابتدائية,حكومي,المرحلة المتوسطة,بنات
1446,2025,الرياض,18136,الثندوة الابتدائية,حكومي,رياض الأطفال,بنات
1446,2025,الرياض,18141,ام المناشير الابتدائية,حكومي,المرحلة الإبتدائية,بنات
1446,2025,الرياض,18141,ام المناشير الابتدائية,حكومي,المرحلة المتوسطة,بنات
1446,2025,الرياض,18142,الحادية عشر الابتدائية,حكومي,المرحلة الإبتدائية,بنات
1446,2025,الرياض,18143,فيضة الهييشه الابتدائية,حكومي,المرحلة الإبتدائية,بنات
1446,2025,الرياض,18149,مخطط (54) الابتدائية بالجمش,حكومي,المرحلة الإبتدائية,بنات
1446,2025,الرياض,18149,مخطط (54) الابتدائية بالجمش,حكومي,رياض الأطفال,بنات
1446,2025,الرياض,18150,الجديدة الابتدائية,حكومي,المرحلة الإبتدائية,بنات
1446,2025,الرياض,18150,الجديدة الابتدائية,حكومي,المرحلة المتوسطة,بنات
1446,2025,الرياض,18150,الجديدة الابتدائية,حكومي,رياض الأطفال,بنات
1446,2025,الرياض,18152,الفاخرية الابتدائية,حكومي,المرحلة الإبتدائية,بنات
1446,2025,الرياض,18152,الفاخرية الابتدائية,حكومي,رياض الأطفال,بنات
1446,2025,الرياض,18154,الفيحاء الابتدائية,حكومي,المرحلة الإبتدائية,بنات
1446,2025,الرياض,18154,الفيحاء الابتدائية,حكومي,المرحلة المتوسطة,بنات
1446,2025,الرياض,18154,الفيحاء الابتدائية,حكومي,رياض الأطفال,بنات
1446,2025,الرياض,18155,العويجاء الابتدائية,حكومي,المرحلة الإبتدائية,بنات
1446,2025,الرياض,18157,تحفيظ القرآن الابتدائية بعرجاء,حكومي,المرحلة الإبتدائية,بنات
1446,2025,الرياض,18159,الثانية الابتدائية بالبجادية,حكومي,المرحلة الإبتدائية,بنات
1446,2025,الرياض,18161,الشثينية الابتدائية,حكومي,المرحلة الإبتدائية,بنات
1446,2025,الرياض,18161,الشثينية الابتدائية,حكومي,رياض الأطفال,بنات
1446,2025,الرياض,18163,تحفيظ القرآن الابتدائية بساجر,حكومي,المرحلة الإبتدائية,بنات
1446,2025,الرياض,18165,الشامية الابتدائية,حكومي,المرحلة الإبتدائية,بنات
1446,2025,الرياض,18165,الشامية الابتدائية,حكومي,رياض الأطفال,بنات
1446,2025,الرياض,18166,الثانية الابتدائية بمصدة,حكومي,المرحلة الإبتدائية,بنات
1446,2025,الرياض,18166,الثانية الابتدائية بمصدة,حكومي,رياض الأطفال,بنات
1446,2025,الرياض,18168,مخطط الروسان الابتدائية,حكومي,المرحلة الإبتدائية,بنات
1446,2025,الرياض,18168,مخطط الروسان الابتدائية,حكومي,رياض الأطفال,بنات
1446,2025,الرياض,18170,الرقيبة الابتدائية,حكومي,المرحلة الإبتدائية,بنات
1446,2025,الرياض,18173,الثانية عشر الابتدائية,حكومي,المرحلة الإبتدائية,بنات
1446,2025,الرياض,18178,الأولى المتوسطة بالدوادمي,حكومي,المرحلة المتوسطة,بنات
1446,2025,الرياض,18179,الثانية المتوسطة بالدوادمي,حكومي,المرحلة المتوسطة,بنات
1446,2025,الرياض,18180,مصدة المتوسطة,حكومي,المرحلة الثانوية,بنات
1446,2025,الرياض,18180,مصدة المتوسطة,حكومي,المرحلة المتوسطة,بنات
1446,2025,الرياض,18181,عرجاء المتوسطة,حكومي,المرحلة المتوسطة,بنات
1446,2025,الرياض,18183,الشعراء المتوسطة,حكومي,المرحلة الثانوية,بنات
1446,2025,الرياض,18183,الشعراء المتوسطة,حكومي,المرحلة المتوسطة,بنات
1446,2025,الرياض,18184,الفقارة المتوسطة,حكومي,المرحلة الثانوية,بنات
1446,2025,الرياض,18184,الفقارة المتوسطة,حكومي,المرحلة المتوسطة,بنات
1446,2025,الرياض,18185,البجادية المتوسطة,حكومي,المرحلة المتوسطة,بنات
1446,2025,الرياض,18186,القاعية المتوسطة,حكومي,المرحلة الثانوية,بنات
1446,2025,الرياض,18186,القاعية المتوسطة,حكومي,المرحلة المتوسطة,بنات
1446,2025,الرياض,18188,عروى المتوسطة,حكومي,المرحلة الثانوية,بنات
1446,2025,الرياض,18188,عروى المتوسطة,حكومي,المرحلة المتوسطة,بنات
1446,2025,الرياض,18190,عسيلة المتوسطة,حكومي,المرحلة الثانوية,بنات
1446,2025,الرياض,18190,عسيلة المتوسطة,حكومي,المرحلة المتوسطة,بنات
1446,2025,الرياض,18191,الأثلة المتوسطة,حكومي,المرحلة الثانوية,بنات
1446,2025,الرياض,18191,الأثلة المتوسطة,حكومي,المرحلة المتوسطة,بنات
1446,2025,الرياض,18192,القرارة المتوسطة,حكومي,المرحلة الثانوية,بنات
1446,2025,الرياض,18192,القرارة المتوسطة,حكومي,المرحلة المتوسطة,بنات
1446,2025,الرياض,18193,الرفايع المتوسطة,حكومي,المرحلة الثانوية,بنات
1446,2025,الرياض,18193,الرفايع المتوسطة,حكومي,المرحلة المتوسطة,بنات
1446,2025,الرياض,18194,القرين المتوسطة,حكومي,المرحلة الثانوية,بنات
1446,2025,الرياض,18194,القرين المتوسطة,حكومي,المرحلة المتوسطة,بنات
1446,2025,الرياض,18195,أبو جلال المتوسطة,حكومي,المرحلة الثانوية,بنات
1446,2025,الرياض,18195,أبو جلال المتوسطة,حكومي,المرحلة المتوسطة,بنات
1446,2025,الرياض,18197,أم زموع المتوسطة,حكومي,المرحلة الثانوية,بنات
1446,2025,الرياض,18197,أم زموع المتوسطة,حكومي,المرحلة المتوسطة,بنات
1446,2025,الرياض,18198,نفي المتوسطة,حكومي,المرحلة المتوسطة,بنات
1446,2025,الرياض,18199,الراجحيه المتوسطة,حكومي,المرحلة الثانوية,بنات
1446,2025,الرياض,18199,الراجحيه المتوسطة,حكومي,المرحلة المتوسطة,بنات
1446,2025,الرياض,18200,الأولى المتوسطة بساجر,حكومي,المرحلة المتوسطة,بنات
1446,2025,الرياض,18202,ارطاوى الرقاص المتوسطة,حكومي,المرحلة الثانوية,بنات
1446,2025,الرياض,18202,ارطاوى الرقاص المتوسطة,حكومي,المرحلة المتوسطة,بنات
1446,2025,الرياض,18203,الفيضة المتوسطة بالسر,حكومي,المرحلة المتوسطة,بنات
1446,2025,الرياض,18204,ارطاوي السر المتوسطة,حكومي,المرحلة الثانوية,بنات
1446,2025,الرياض,18204,ارطاوي السر المتوسطة,حكومي,المرحلة المتوسطة,بنات
1446,2025,الرياض,18206,الثالثة المتوسطة,حكومي,المرحلة المتوسطة,بنات
1446,2025,الرياض,18207,خريمان الشغار المتوسطة,حكومي,المرحلة الثانوية,بنات
1446,2025,الرياض,18207,خريمان الشغار المتوسطة,حكومي,المرحلة المتوسطة,بنات
1446,2025,الرياض,18210,مخطط (54) المتوسطة بالجمش,حكومي,المرحلة الثانوية,بنات
1446,2025,الرياض,18210,مخطط (54) المتوسطة بالجمش,حكومي,المرحلة المتوسطة,بنات
1446,2025,الرياض,18215,الحفنة المتوسطة,حكومي,المرحلة الثانوية,بنات
1446,2025,الرياض,18215,الحفنة المتوسطة,حكومي,المرحلة المتوسطة,بنات
1446,2025,الرياض,18216,شبيرمه المتوسطة,حكومي,المرحلة الثانوية,بنات
1446,2025,الرياض,18216,شبيرمه المتوسطة,حكومي,المرحلة المتوسطة,بنات
1446,2025,الرياض,18217,ارطاوى الحماميد المتوسطة,حكومي,المرحلة الثانوية,بنات
1446,2025,الرياض,18217,ارطاوى الحماميد المتوسطة,حكومي,المرحلة المتوسطة,بنات
1446,2025,الرياض,18217,ارطاوى الحماميد المتوسطة,حكومي,رياض الأطفال,بنات
1446,2025,الرياض,18219,وثيلان المتوسطة,حكومي,المرحلة المتوسطة,بنات
1446,2025,الرياض,18224,الرابعة المتوسطة,حكومي,المرحلة المتوسطة,بنات
1446,2025,الرياض,18226,التسرير المتوسطة,حكومي,المرحلة الثانوية,بنات
1446,2025,الرياض,18226,التسرير المتوسطة,حكومي,المرحلة المتوسطة,بنات
1446,2025,الرياض,18229,الودي المتوسطة,حكومي,المرحلة الثانوية,بنات
1446,2025,الرياض,18229,الودي المتوسطة,حكومي,المرحلة المتوسطة,بنات
1446,2025,الرياض,18256,الثانية المتوسطة بساجر,حكومي,المرحلة المتوسطة,بنات
1446,2025,الرياض,18260,الخامسة المتوسطة,حكومي,المرحلة المتوسطة,بنات
1446,2025,الرياض,18419,روضة جهام,حكومي,رياض الأطفال,بنات
1446,2025,الرياض,18442,الثالثة عشر الابتدائية,حكومي,المرحلة الإبتدائية,بنات
1446,2025,الرياض,18442,الثالثة عشر الابتدائية,حكومي,رياض الأطفال,بنات
1446,2025,الرياض,18445,السادسة المتوسطة,حكومي,المرحلة المتوسطة,بنات
1446,2025,الرياض,18483,الرابعة عشر الابتدائية,حكومي,المرحلة الإبتدائية,بنات
1446,2025,الرياض,18483,الرابعة عشر الابتدائية,حكومي,رياض الأطفال,بنات
1446,2025,الرياض,18496,السابعة المتوسطة,حكومي,المرحلة المتوسطة,بنات
1446,2025,الرياض,18524,روضة مشرفة,حكومي,رياض الأطفال,بنات
1446,2025,الرياض,18528,روضة مغيب,حكومي,رياض الأطفال,بنات
1446,2025,الرياض,18530,روضة عروى,حكومي,رياض الأطفال,بنات
1446,2025,الرياض,18531,روضة القرين,حكومي,رياض الأطفال,بنات
1446,2025,الرياض,18532,روضة القرارة,حكومي,رياض الأطفال,بنات
1446,2025,الرياض,18533,الروضة الأولى بالبجادية,حكومي,رياض الأطفال,بنات
1446,2025,الرياض,18535,روضة خف,حكومي,رياض الأطفال,بنات
1446,2025,الرياض,18536,الروضة الثانية بساجر,حكومي,رياض الأطفال,بنات
1446,2025,الرياض,18544,الروضة السابعة,حكومي,رياض الأطفال,بنات
1446,2025,الرياض,18550,روضة العازمية,حكومي,رياض الأطفال,بنات
1446,2025,الرياض,18553,روضة أم المناشير,حكومي,رياض الأطفال,بنات
1446,2025,الرياض,18556,روضة أبو جلال,حكومي,رياض الأطفال,بنات
1446,2025,الرياض,18575,روضة البديعة,حكومي,رياض الأطفال,بنات
1446,2025,الرياض,19107,مدرسة القدس الابتدائية,حكومي,المرحلة الإبتدائية,بنين
1446,2025,الرياض,19108,مدرسة المحمدية الابتدائية,حكومي,المرحلة الإبتدائية,بنين
1446,2025,الرياض,19109,مدرسة موسى بن نصير الابتدائية,حكومي,المرحلة الإبتدائية,بنين
1446,2025,الرياض,19113,مدرسة الملك فهد الابتدائية,حكومي,المرحلة الإبتدائية,بنين
1446,2025,الرياض,19115,مدرسة عمر بن الخطاب الابتدائية,حكومي,المرحلة الإبتدائية,بنين
1446,2025,الرياض,19116,مدرسة الملك عبدالله الابتدائية,حكومي,المرحلة الإبتدائية,بنين
1446,2025,الرياض,19117,مدرسة اليمامة الابتدائية,حكومي,المرحلة الإبتدائية,بنين
1446,2025,الرياض,19118,مدرسة عمر بن عبدالعزيز الابتدائية,حكومي,المرحلة الإبتدائية,بنين
1446,2025,الرياض,19122,مدرسة الفيصلية الابتدائية,حكومي,المرحلة الإبتدائية,بنين
1446,2025,الرياض,19123,مدرسة تحفيظ القرآن الكريم الابتدائية,حكومي,المرحلة الإبتدائية,بنين
1446,2025,الرياض,19124,مدرسة الملك فيصل المتوسطة,حكومي,المرحلة المتوسطة,بنين
1446,2025,الرياض,19125,مدرسة ابن تيمية المتوسطة,حكومي,المرحلة المتوسطة,بنين
1446,2025,الرياض,19126,مدرسة الملك خالد المتوسطة,حكومي,المرحلة المتوسطة,بنين
1446,2025,الرياض,19128,مدرسة علي بن ابي طالب المتوسطة,حكومي,المرحلة المتوسطة,بنين
1446,2025,الرياض,19129,مدرسة صلاح الدين المتوسطة,حكومي,المرحلة المتوسطة,بنين
1446,2025,الرياض,19131,مدرسة تحفيظ القرآن المتوسطة,حكومي,المرحلة المتوسطة,بنين
1446,2025,الرياض,19142,مدرسة الأمير سلطان بن عبدالعزيز المتوسطة,حكومي,المرحلة المتوسطة,بنين
1446,2025,الرياض,19143,مدرسة سعد ابن ابي وقاص الابتدائية,حكومي,المرحلة الإبتدائية,بنين
1446,2025,الرياض,19144,مدرسة ابن عثيمين المتوسطة,حكومي,المرحلة المتوسطة,بنين
1446,2025,الرياض,19145,مدرسة ابن كثير لتحفيظ القرآن الكريم الابتدائية,حكومي,المرحلة الإبتدائية,بنين
1446,2025,الرياض,19154,مدرسة ابي بن كعب لتحفيظ القرآن الابتدائية,حكومي,المرحلة الإبتدائية,بنين
1446,2025,الرياض,19158,مدرسة مكة المتوسطة,حكومي,المرحلة المتوسطة,بنين
1446,2025,الرياض,19159,مدرسة بدر المتوسطة,حكومي,المرحلة المتوسطة,بنين
1446,2025,الرياض,19160,مدرسة المحمدية المتوسطة,حكومي,المرحلة المتوسطة,بنين
1446,2025,الرياض,19161,مدرسة الشورى الابتدائية,حكومي,المرحلة الإبتدائية,بنين
1446,2025,الرياض,19165,مدرسة محمد بن عبدالوهاب المتوسطة,حكومي,المرحلة المتوسطة,بنين
1446,2025,الرياض,19167,مدرسة البخاري الابتدائية,حكومي,المرحلة الإبتدائية,بنين
1446,2025,الرياض,19171,مدرسة السلام الابتدائية,حكومي,المرحلة الإبتدائية,بنين
1446,2025,الرياض,19501,الروضة الحكومية الأولى,حكومي,رياض الأطفال,بنات
1446,2025,الرياض,19507,الروضة الحكومية الثانية,حكومي,رياض الأطفال,بنات
1446,2025,الرياض,19510,الروضة الحكومية بعلقه,حكومي,رياض الأطفال,بنات
1446,2025,الرياض,19516,الابتدائية الثانية عشرة,حكومي,المرحلة الإبتدائية,بنات
1446,2025,الرياض,19517,الابتدائية الحادية عشرة,حكومي,المرحلة الإبتدائية,بنات
1446,2025,الرياض,19518,الابتدائية الأولى,حكومي,المرحلة الإبتدائية,بنات
1446,2025,الرياض,19519,الابتدائية الثانية,حكومي,المرحلة الإبتدائية,بنات
1446,2025,الرياض,19519,الابتدائية الثانية,حكومي,رياض الأطفال,بنات
1446,2025,الرياض,19520,الابتدائية الثالثة,حكومي,المرحلة الإبتدائية,بنات
1446,2025,الرياض,19520,الابتدائية الثالثة,حكومي,رياض الأطفال,بنات
1446,2025,الرياض,19521,الابتدائية الرابعة,حكومي,المرحلة الإبتدائية,بنات
1446,2025,الرياض,19522,الابتدائية الخامسة,حكومي,المرحلة الإبتدائية,بنات
1446,2025,الرياض,19524,الابتدائية السابعة,حكومي,المرحلة الإبتدائية,بنات
1446,2025,الرياض,19524,الابتدائية السابعة,حكومي,رياض الأطفال,بنات
1446,2025,الرياض,19525,الابتدائية الثامنة,حكومي,المرحلة الإبتدائية,بنات
1446,2025,الرياض,19526,الابتدائية التاسعة,حكومي,المرحلة الإبتدائية,بنات
1446,2025,الرياض,19527,الابتدائية العاشرة,حكومي,المرحلة الإبتدائية,بنات
1446,2025,الرياض,19528,الابتدائية الأولى بعلقة,حكومي,المرحلة الإبتدائية,بنات
1446,2025,الرياض,19529,الابتدائية الأولى بالروضه,حكومي,المرحلة الإبتدائية,بنات
1446,2025,الرياض,19529,الابتدائية الأولى بالروضه,حكومي,رياض الأطفال,بنات
1446,2025,الرياض,19534,ابتدائية ام شيح,حكومي,المرحلة الإبتدائية,بنات
1446,2025,الرياض,19535,ابتدائية تحفيظ القرآن بعلقه,حكومي,المرحلة الإبتدائية,بنات
1446,2025,الرياض,19536,الابتدائية الثانية لتحفيظ القرآن,حكومي,المرحلة الإبتدائية,بنات
1446,2025,الرياض,19538,الابتدائية السادسة عشر,حكومي,المرحلة الإبتدائية,بنات
1446,2025,الرياض,19539,الابتدائية الرابعة عشر,حكومي,المرحلة الإبتدائية,بنات
1446,2025,الرياض,19539,الابتدائية الرابعة عشر,حكومي,رياض الأطفال,بنات
1446,2025,الرياض,19540,الابتدائية الخامسة عشر,حكومي,المرحلة الإبتدائية,بنات
1446,2025,الرياض,19540,الابتدائية الخامسة عشر,حكومي,رياض الأطفال,بنات
1446,2025,الرياض,19542,الابتدائية الثالثة لتحفيظ القرآن,حكومي,المرحلة الإبتدائية,بنات
1446,2025,الرياض,19543,المتوسطة الأولى,حكومي,المرحلة المتوسطة,بنات
1446,2025,الرياض,19545,المتوسطة الثالثة,حكومي,المرحلة المتوسطة,بنات
1446,2025,الرياض,19547,المتوسطة الرابعة,حكومي,المرحلة المتوسطة,بنات
1446,2025,الرياض,19549,المتوسطة السادسة,حكومي,المرحلة المتوسطة,بنات
1446,2025,الرياض,19550,المتوسطة الخامسة,حكومي,المرحلة المتوسطة,بنات
1446,2025,الرياض,19552,المتوسطة السابعة,حكومي,المرحلة المتوسطة,بنات
1446,2025,الرياض,19556,المتوسطة التاسعة,حكومي,المرحلة الثانوية,بنات
1446,2025,الرياض,19556,المتوسطة التاسعة,حكومي,المرحلة المتوسطة,بنات
1446,2025,الرياض,19581,المتوسطة العاشرة,حكومي,المرحلة المتوسطة,بنات
1446,2025,الرياض,19590,الابتدائية الرابعة لتحفيظ القرآن,حكومي,المرحلة الإبتدائية,بنات
1446,2025,الرياض,19601,الابتدائية الثامنة عشر,حكومي,المرحلة الإبتدائية,بنات
1446,2025,الرياض,19608,الروضة الحكومية الثالثة,حكومي,رياض الأطفال,بنات
1446,2025,الرياض,19610,الروضة الحكومية الخامسة,حكومي,رياض الأطفال,بنات
1446,2025,الرياض,19612,الروضة الحكومية السابعة,حكومي,رياض الأطفال,بنات
1446,2025,الرياض,19613,الروضة الحكومية الثامنة,حكومي,رياض الأطفال,بنات
1446,2025,الرياض,19615,الروضة الحكومية العاشرة,حكومي,رياض الأطفال,بنات
1446,2025,الرياض,19617,الروضة الحكومية الثانية عشر,حكومي,رياض الأطفال,بنات
1446,2025,الرياض,19618,الروضة الحكومية الثالثة عشر,حكومي,رياض الأطفال,بنات
1446,2025,الرياض,19640,الأبتدائية التاسعة عشر,حكومي,المرحلة الإبتدائية,بنات
1446,2025,الرياض,19640,الأبتدائية التاسعة عشر,حكومي,رياض الأطفال,بنات
1446,2025,الرياض,19649,ابتدائية أم المؤمنين عائشة,حكومي,المرحلة الإبتدائية,بنات
1446,2025,الرياض,19649,ابتدائية أم المؤمنين عائشة,حكومي,المرحلة المتوسطة,بنات
1446,2025,الرياض,19649,ابتدائية أم المؤمنين عائشة,حكومي,رياض الأطفال,بنات
1446,2025,الرياض,20102,ابتدائية الإمام أبي حنيفة,حكومي,المرحلة الإبتدائية,بنين
1446,2025,الرياض,20105,ابتدائية البرزة,حكومي,المرحلة الإبتدائية,بنين
1446,2025,الرياض,20105,ابتدائية البرزة,حكومي,المرحلة المتوسطة,بنين
1446,2025,الرياض,20106,ابتدائية التويم,حكومي,المرحلة الإبتدائية,بنين
1446,2025,الرياض,20106,ابتدائية التويم,حكومي,المرحلة المتوسطة,بنين
1446,2025,الرياض,20107,ابتدائية مجمع الحفنة التعليمي,حكومي,المرحلة الإبتدائية,بنين
1446,2025,الرياض,20107,ابتدائية مجمع الحفنة التعليمي,حكومي,المرحلة الثانوية,بنين
1446,2025,الرياض,20107,ابتدائية مجمع الحفنة التعليمي,حكومي,المرحلة المتوسطة,بنين
1446,2025,الرياض,20111,ابتدائية الشعب,حكومي,المرحلة الإبتدائية,بنين
1446,2025,الرياض,20113,ابتدائية العقلة,حكومي,المرحلة الإبتدائية,بنين
1446,2025,الرياض,20113,ابتدائية العقلة,حكومي,المرحلة المتوسطة,بنين
1446,2025,الرياض,20115,ابتدائية ابن القيم,حكومي,المرحلة الإبتدائية,بنين
1446,2025,الرياض,20116,ابتدائية الشيخ أحمد الصانع,حكومي,المرحلة الإبتدائية,بنين
1446,2025,الرياض,20117,ابتدائية مجمع عبدالعزيز وعبدالله التويجري التعليمي,حكومي,المرحلة الإبتدائية,بنين
1446,2025,الرياض,20118,ابتدائية السعودية بالمجمعة,حكومي,المرحلة الإبتدائية,بنين
1446,2025,الرياض,20119,ابتدائية فلسطين,حكومي,المرحلة الإبتدائية,بنين
1446,2025,الرياض,20120,ابتدائية الفيصلية,حكومي,المرحلة الإبتدائية,بنين
1446,2025,الرياض,20121,ابتدائية القادسية,حكومي,المرحلة الإبتدائية,بنين
1446,2025,الرياض,20122,ابتدائية الملك عبدالعزيز,حكومي,المرحلة الإبتدائية,بنين
1446,2025,الرياض,20123,ابتدائية الإمام الشافعي,حكومي,المرحلة الإبتدائية,بنين
1446,2025,الرياض,20124,ابتدائية الإمام أحمد بن حنبل,حكومي,المرحلة الإبتدائية,بنين
1446,2025,الرياض,20126,ابتدائية مجمع الأمير سطام بن عبدالعزيز التعليمي,حكومي,المرحلة الإبتدائية,بنين
1446,2025,الرياض,20126,ابتدائية مجمع الأمير سطام بن عبدالعزيز التعليمي,حكومي,المرحلة الثانوية,بنين
1446,2025,الرياض,20126,ابتدائية مجمع الأمير سطام بن عبدالعزيز التعليمي,حكومي,المرحلة المتوسطة,بنين
1446,2025,الرياض,20127,ابتدائية أم رجوم,حكومي,المرحلة الإبتدائية,بنين
1446,2025,الرياض,20127,ابتدائية أم رجوم,حكومي,المرحلة الثانوية,بنين
1446,2025,الرياض,20127,ابتدائية أم رجوم,حكومي,المرحلة المتوسطة,بنين
1446,2025,الرياض,20129,ابتدائية أم سديرة,حكومي,المرحلة الإبتدائية,بنين
1446,2025,الرياض,20132,ابتدائية حطين,حكومي,المرحلة الإبتدائية,بنين
1446,2025,الرياض,20135,ابتدائية مصعب بن عمير,حكومي,المرحلة الإبتدائية,بنين
1446,2025,الرياض,20136,ابتدائية الجنوبية,حكومي,المرحلة الإبتدائية,بنين
1446,2025,الرياض,20137,ابتدائية حرمة,حكومي,المرحلة الإبتدائية,بنين
1446,2025,الرياض,20137,ابتدائية حرمة,حكومي,المرحلة المتوسطة,بنين
1446,2025,الرياض,20138,ابتدائية الملك سعود,حكومي,المرحلة الإبتدائية,بنين
1446,2025,الرياض,20139,ابتدائية عثمان بن عفان,حكومي,المرحلة الإبتدائية,بنين
1446,2025,الرياض,20141,ابتدائية مجمع المعجل التعليمي,حكومي,المرحلة الإبتدائية,بنين
1446,2025,الرياض,20142,ابتدائية مجمع الحسن بن علي التعليمي,حكومي,المرحلة الإبتدائية,بنين
1446,2025,الرياض,20142,ابتدائية مجمع الحسن بن علي التعليمي,حكومي,المرحلة الثانوية,بنين
1446,2025,الرياض,20142,ابتدائية مجمع الحسن بن علي التعليمي,حكومي,المرحلة المتوسطة,بنين
1446,2025,الرياض,20145,ابتدائية أبي بكر الصديق,حكومي,المرحلة الإبتدائية,بنين
1446,2025,الرياض,20145,ابتدائية أبي بكر الصديق,حكومي,المرحلة المتوسطة,بنين
1446,2025,الرياض,20147,ابتدائية عشيرة سدير,حكومي,المرحلة الإبتدائية,بنين
1446,2025,الرياض,20148,ابتدائية عودة سدير,حكومي,المرحلة الإبتدائية,بنين
1446,2025,الرياض,20148,ابتدائية عودة سدير,حكومي,المرحلة المتوسطة,بنين
1446,2025,الرياض,20149,ابتدائية مجمع القاعية التعليمي,حكومي,المرحلة الإبتدائية,بنين
1446,2025,الرياض,20149,ابتدائية مجمع القاعية التعليمي,حكومي,المرحلة الثانوية,بنين
1446,2025,الرياض,20149,ابتدائية مجمع القاعية التعليمي,حكومي,المرحلة المتوسطة,بنين
1446,2025,الرياض,20150,ابتدائية مبايض,حكومي,المرحلة الإبتدائية,بنين
1446,2025,الرياض,20150,ابتدائية مبايض,حكومي,المرحلة المتوسطة,بنين
1446,2025,الرياض,20151,ابتدائية الزبير بن العوام,حكومي,المرحلة الإبتدائية,بنين
1446,2025,الرياض,20154,ابتدائية مجمع محمد بن القاسم التعليمي,حكومي,المرحلة الإبتدائية,بنين
1446,2025,الرياض,20154,ابتدائية مجمع محمد بن القاسم التعليمي,حكومي,المرحلة الثانوية,بنين
1446,2025,الرياض,20154,ابتدائية مجمع محمد بن القاسم التعليمي,حكومي,المرحلة المتوسطة,بنين
1446,2025,الرياض,20155,ابتدائية مشرفة,حكومي,المرحلة الإبتدائية,بنين
1446,2025,الرياض,20155,ابتدائية مشرفة,حكومي,المرحلة المتوسطة,بنين
1446,2025,الرياض,20156,ابتدائية مجمع مصدة التعليمي,حكومي,المرحلة الإبتدائية,بنين
1446,2025,الرياض,20156,ابتدائية مجمع مصدة التعليمي,حكومي,المرحلة الثانوية,بنين
1446,2025,الرياض,20156,ابتدائية مجمع مصدة التعليمي,حكومي,المرحلة المتوسطة,بنين
1446,2025,الرياض,20158,ابتدائية حنيدر,حكومي,المرحلة الإبتدائية,بنين
1446,2025,الرياض,20160,ابتدائية وسيعة تمير,حكومي,المرحلة الإبتدائية,بنين
1446,2025,الرياض,20161,ابتدائية أنس بن مالك لتحفيظ القرآن الكريم,حكومي,المرحلة الإبتدائية,بنين
1446,2025,الرياض,20162,ابتدائية زيد بن ثابت لتحفيظ القرآن الكريم,حكومي,المرحلة الإبتدائية,بنين
1446,2025,الرياض,20163,ابتدائية الإمام الشاطبي لتحفيظ القرآن الكريم,حكومي,المرحلة الإبتدائية,بنين
1446,2025,الرياض,20165,متوسطة الأرطاوية,حكومي,المرحلة المتوسطة,بنين
1446,2025,الرياض,20170,متوسطة المجمعة,حكومي,المرحلة المتوسطة,بنين
1446,2025,الرياض,20171,متوسطة إبراهيم العبدالوهاب,حكومي,المرحلة المتوسطة,بنين
1446,2025,الرياض,20172,متوسطة الشيخ محمد بن جبير,حكومي,المرحلة الثانوية,بنين
1446,2025,الرياض,20172,متوسطة الشيخ محمد بن جبير,حكومي,المرحلة المتوسطة,بنين
1446,2025,الرياض,20173,متوسطة مجمع التويجري التعليمي,حكومي,المرحلة المتوسطة,بنين
1446,2025,الرياض,20176,متوسطة صلاح الدين,حكومي,المرحلة المتوسطة,بنين
1446,2025,الرياض,20177,متوسطة جلاجل,حكومي,المرحلة الثانوية,بنين
1446,2025,الرياض,20177,متوسطة جلاجل,حكومي,المرحلة المتوسطة,بنين
1446,2025,الرياض,20179,متوسطة الملك فيصل,حكومي,المرحلة المتوسطة,بنين
1446,2025,الرياض,20180,متوسطة حوطة سدير,حكومي,المرحلة المتوسطة,بنين
1446,2025,الرياض,20181,متوسطة مجمع المعجل التعليمي,حكومي,المرحلة المتوسطة,بنين
1446,2025,الرياض,20187,متوسطة الملك خالد,حكومي,المرحلة المتوسطة,بنين
1446,2025,الرياض,20188,متوسطة مجمع جراب التعليمي,حكومي,المرحلة الثانوية,بنين
1446,2025,الرياض,20188,متوسطة مجمع جراب التعليمي,حكومي,المرحلة المتوسطة,بنين
1446,2025,الرياض,20247,ابتدائية الإمام ابن كثير لتحفيظ القرآن الكريم,حكومي,المرحلة الإبتدائية,بنين
1446,2025,الرياض,20274,ابتدائية أبو موسى الأشعري لتحفيظ القرآن الكريم,حكومي,المرحلة الإبتدائية,بنين
1446,2025,الرياض,20276,ابتدائية بلال بن رباح,حكومي,المرحلة الإبتدائية,بنين
1446,2025,الرياض,20281,ابتدائية مجمع تميم الداري لتحفيظ القرآن الكريم,حكومي,المرحلة الإبتدائية,بنين
1446,2025,الرياض,20281,ابتدائية مجمع تميم الداري لتحفيظ القرآن الكريم,حكومي,المرحلة المتوسطة,بنين
1446,2025,الرياض,20292,متوسطة محمد بن أحمد الرشيد,حكومي,المرحلة المتوسطة,بنين
1446,2025,الرياض,20306,ابتدائية الشيخ عبدالعزيز بن باز,حكومي,المرحلة الإبتدائية,بنين
1446,2025,الرياض,20501,الروضه الحكوميه الأولى بالمجمعة,حكومي,رياض الأطفال,بنات
1446,2025,الرياض,20502,الروضه الحكوميه الثانيه بالمجمعة,حكومي,رياض الأطفال,بنات
1446,2025,الرياض,20503,الروضة الحكومية الأولى بحوطة سدير,حكومي,رياض الأطفال,بنات
1446,2025,الرياض,20504,الروضة الحكومية الأولى بالأرطاوية,حكومي,المرحلة الإبتدائية,بنات
1446,2025,الرياض,20504,الروضة الحكومية الأولى بالأرطاوية,حكومي,رياض الأطفال,بنات
1446,2025,الرياض,20507,الابتدائية الأولى بـالمجمعة,حكومي,المرحلة الإبتدائية,بنات
1446,2025,الرياض,20508,المجد للطفولة المبكرة,حكومي,المرحلة الإبتدائية,بنات
1446,2025,الرياض,20508,المجد للطفولة المبكرة,حكومي,رياض الأطفال,بنات
1446,2025,الرياض,20509,الابتدائية الثالثة بالمجمعة,حكومي,المرحلة الإبتدائية,بنات
1446,2025,الرياض,20509,الابتدائية الثالثة بالمجمعة,حكومي,المرحلة المتوسطة,بنات
1446,2025,الرياض,20510,الابتدائية الرابعة بالمجمعة,حكومي,المرحلة الإبتدائية,بنات
1446,2025,الرياض,20511,الابتدائية الخامسة بالمجمعة,حكومي,المرحلة الإبتدائية,بنات
1446,2025,الرياض,20512,الابتدائية السادسة بالمجمعة,حكومي,المرحلة الإبتدائية,بنات
1446,2025,الرياض,20513,ابتدائية  العطاء للطفولة المبكرة,حكومي,المرحلة الإبتدائية,بنات
1446,2025,الرياض,20513,ابتدائية  العطاء للطفولة المبكرة,حكومي,رياض الأطفال,بنات
1446,2025,الرياض,20514,ابتدائية التفوق,حكومي,المرحلة الإبتدائية,بنات
1446,2025,الرياض,20515,ابتدائية  الأمل للطفولة المبكرة,حكومي,المرحلة الإبتدائية,بنات
1446,2025,الرياض,20516,الابتدائية الثانية بالأرطاوية,حكومي,المرحلة الإبتدائية,بنات
1446,2025,الرياض,20517,ابتدائية  مشاش عوض للطفولة المبكرة,حكومي,المرحلة الإبتدائية,بنات
1446,2025,الرياض,20517,ابتدائية  مشاش عوض للطفولة المبكرة,حكومي,المرحلة الثانوية,بنات
1446,2025,الرياض,20517,ابتدائية  مشاش عوض للطفولة المبكرة,حكومي,المرحلة المتوسطة,بنات
1446,2025,الرياض,20517,ابتدائية  مشاش عوض للطفولة المبكرة,حكومي,رياض الأطفال,بنات
1446,2025,الرياض,20519,ابتدائية  مشرفة,حكومي,المرحلة الإبتدائية,بنات
1446,2025,الرياض,20519,ابتدائية  مشرفة,حكومي,المرحلة المتوسطة,بنات
1446,2025,الرياض,20519,ابتدائية  مشرفة,حكومي,رياض الأطفال,بنات
1446,2025,الرياض,20520,ابتدائية أم الجماجم,حكومي,المرحلة الإبتدائية,بنات
1446,2025,الرياض,20520,ابتدائية أم الجماجم,حكومي,رياض الأطفال,بنات
1446,2025,الرياض,20521,ابتدائية  العقلة,حكومي,المرحلة الإبتدائية,بنات
1446,2025,الرياض,20521,ابتدائية  العقلة,حكومي,المرحلة المتوسطة,بنات
1446,2025,الرياض,20525,ابتدائية القاعية للطفولة المبكرة,حكومي,المرحلة الإبتدائية,بنات
1446,2025,الرياض,20526,ابتدائية  حويمضة,حكومي,المرحلة الإبتدائية,بنات
1446,2025,الرياض,20526,ابتدائية  حويمضة,حكومي,المرحلة الثانوية,بنات
1446,2025,الرياض,20526,ابتدائية  حويمضة,حكومي,المرحلة المتوسطة,بنات
1446,2025,الرياض,20527,ابتدائية أم سديرة,حكومي,المرحلة الإبتدائية,بنات
1446,2025,الرياض,20527,ابتدائية أم سديرة,حكومي,المرحلة الثانوية,بنات
1446,2025,الرياض,20527,ابتدائية أم سديرة,حكومي,المرحلة المتوسطة,بنات
1446,2025,الرياض,20527,ابتدائية أم سديرة,حكومي,رياض الأطفال,بنات
1446,2025,الرياض,20529,ابتدائية  مشذوبة,حكومي,المرحلة الإبتدائية,بنات
1446,2025,الرياض,20529,ابتدائية  مشذوبة,حكومي,المرحلة الثانوية,بنات
1446,2025,الرياض,20529,ابتدائية  مشذوبة,حكومي,المرحلة المتوسطة,بنات
1446,2025,الرياض,20529,ابتدائية  مشذوبة,حكومي,رياض الأطفال,بنات
1446,2025,الرياض,20530,ابتدائية  البرزة للطفولة المبكرة,حكومي,المرحلة الإبتدائية,بنات
1446,2025,الرياض,20530,ابتدائية  البرزة للطفولة المبكرة,حكومي,رياض الأطفال,بنات
1446,2025,الرياض,20531,ابتدائية  برزان,حكومي,المرحلة الإبتدائية,بنات
1446,2025,الرياض,20532,ابتدائية  الحكمة للطفولة المبكرة,حكومي,المرحلة الإبتدائية,بنات
1446,2025,الرياض,20532,ابتدائية  الحكمة للطفولة المبكرة,حكومي,المرحلة المتوسطة,بنات
1446,2025,الرياض,20533,الابتدائية الأولى بـالتويم,حكومي,المرحلة الإبتدائية,بنات
1446,2025,الرياض,20533,الابتدائية الأولى بـالتويم,حكومي,المرحلة الثانوية,بنات
1446,2025,الرياض,20533,الابتدائية الأولى بـالتويم,حكومي,المرحلة المتوسطة,بنات
1446,2025,الرياض,20534,ابتدائية التفاؤل للطفولة المبكرة,حكومي,المرحلة الإبتدائية,بنات
1446,2025,الرياض,20535,الابتدائية الثانية  بروضة سدير,حكومي,المرحلة الإبتدائية,بنات
1446,2025,الرياض,20535,الابتدائية الثانية  بروضة سدير,حكومي,المرحلة المتوسطة,بنات
1446,2025,الرياض,20536,ابتدائية الأمانة للطفولة المبكرة,حكومي,المرحلة الإبتدائية,بنات
1446,2025,الرياض,20537,الابتدائية الثانية  بحوطة سدير,حكومي,المرحلة الإبتدائية,بنات
1446,2025,الرياض,20539,ابتدائية جنوبية سدير للطفولة المبكرة,حكومي,المرحلة الإبتدائية,بنات
1446,2025,الرياض,20539,ابتدائية جنوبية سدير للطفولة المبكرة,حكومي,رياض الأطفال,بنات
1446,2025,الرياض,20542,ابتدائية عشيرة سدير,حكومي,المرحلة الإبتدائية,بنات
1446,2025,الرياض,20542,ابتدائية عشيرة سدير,حكومي,رياض الأطفال,بنات
1446,2025,الرياض,20543,الابتدائية الأولى بـعودة سدير,حكومي,المرحلة الإبتدائية,بنات
1446,2025,الرياض,20543,الابتدائية الأولى بـعودة سدير,حكومي,رياض الأطفال,بنات
1446,2025,الرياض,20544,الوفاء للطفولة المبكرة,حكومي,المرحلة الإبتدائية,بنات
1446,2025,الرياض,20544,الوفاء للطفولة المبكرة,حكومي,رياض الأطفال,بنات
1446,2025,الرياض,20545,الاحسان للطفولة المبكرة,حكومي,المرحلة الإبتدائية,بنات
1446,2025,الرياض,20545,الاحسان للطفولة المبكرة,حكومي,رياض الأطفال,بنات
1446,2025,الرياض,20546,الابتدائية الأولى بمبايض,حكومي,المرحلة الإبتدائية,بنات
1446,2025,الرياض,20546,الابتدائية الأولى بمبايض,حكومي,رياض الأطفال,بنات
1446,2025,الرياض,20547,الابتدائية الأولى بـأم رجوم,حكومي,المرحلة الإبتدائية,بنات
1446,2025,الرياض,20547,الابتدائية الأولى بـأم رجوم,حكومي,المرحلة الثانوية,بنات
1446,2025,الرياض,20547,الابتدائية الأولى بـأم رجوم,حكومي,المرحلة المتوسطة,بنات
1446,2025,الرياض,20547,الابتدائية الأولى بـأم رجوم,حكومي,رياض الأطفال,بنات
1446,2025,الرياض,20548,الابتدائية الأولى بـالشعب,حكومي,المرحلة الإبتدائية,بنات
1446,2025,الرياض,20548,الابتدائية الأولى بـالشعب,حكومي,رياض الأطفال,بنات
1446,2025,الرياض,20549,الابتدائية السابعة بالمجمعة,حكومي,المرحلة الإبتدائية,بنات
1446,2025,الرياض,20550,ابتدائية  السحيمي,حكومي,المرحلة الإبتدائية,بنات
1446,2025,الرياض,20551,الابتدائية الأولى بربعة الحصون للطفولة المبكرة,حكومي,المرحلة الإبتدائية,بنات
1446,2025,الرياض,20554,الابتدائية الثامنة بالمجمعة,حكومي,المرحلة الإبتدائية,بنات
1446,2025,الرياض,20555,الابتدائية الأولى بـالخيس للطفولة المبكرة,حكومي,المرحلة الإبتدائية,بنات
1446,2025,الرياض,20556,الابتدائية الأولى لتحفيظ القرآن الكريم  بحوطة سدير,حكومي,المرحلة الإبتدائية,بنات
1446,2025,الرياض,20556,الابتدائية الأولى لتحفيظ القرآن الكريم  بحوطة سدير,حكومي,المرحلة المتوسطة,بنات
1446,2025,الرياض,20558,الابتدائية الأولى لتحفيظ القرآن الكريم  بتمير,حكومي,المرحلة الإبتدائية,بنات
1446,2025,الرياض,20558,الابتدائية الأولى لتحفيظ القرآن الكريم  بتمير,حكومي,المرحلة المتوسطة,بنات
1446,2025,الرياض,20559,ابتدائية  التحفيظ بالأرطاوية,حكومي,المرحلة الإبتدائية,بنات
1446,2025,الرياض,20561,ابتدائية  حى الفلح,حكومي,المرحلة الإبتدائية,بنات
1446,2025,الرياض,20561,ابتدائية  حى الفلح,حكومي,المرحلة المتوسطة,بنات
1446,2025,الرياض,20563,ابتدائية  الطموح للطفولة المبكرة,حكومي,المرحلة الإبتدائية,بنات
1446,2025,الرياض,20564,الابتدائية الحادية عشر بالمجمعة,حكومي,المرحلة الإبتدائية,بنات
1446,2025,الرياض,20565,ابتدائية  حنيدر,حكومي,المرحلة الإبتدائية,بنات
1446,2025,الرياض,20568,ابتدائية النجاح للطفولة المبكرة,حكومي,المرحلة الإبتدائية,بنات
1446,2025,الرياض,20569,الابتدائية الثانية لتحفيظ القرآن الكريم  بالمجمعة,حكومي,المرحلة الإبتدائية,بنات
1446,2025,الرياض,20572,المتوسطة الأولى بالمجمعة,حكومي,المرحلة المتوسطة,بنات
1446,2025,الرياض,20573,المتوسطة الثانية  بالمجمعة,حكومي,المرحلة المتوسطة,بنات
1446,2025,الرياض,20574,المتوسطة الأولى بحرمة,حكومي,المرحلة المتوسطة,بنات
1446,2025,الرياض,20579,المتوسطة الأولى بحوطة سدير,حكومي,المرحلة المتوسطة,بنات
1446,2025,الرياض,20580,متوسطة عشيرة سدير,حكومي,المرحلة المتوسطة,بنات
1446,2025,الرياض,20583,متوسطة مبايض,حكومي,المرحلة الثانوية,بنات
1446,2025,الرياض,20583,متوسطة مبايض,حكومي,المرحلة المتوسطة,بنات
1446,2025,الرياض,20586,المتوسطة الثالثة بالمجمعة,حكومي,المرحلة المتوسطة,بنات
1446,2025,الرياض,20595,المتوسطة الثانية بحي البصيرة,حكومي,المرحلة المتوسطة,بنات
1446,2025,الرياض,20600,المتوسطة الخامسة بالمجمعة,حكومي,المرحلة المتوسطة,بنات
1446,2025,الرياض,20601,متوسطة  التحفيظ بالمجمعة,حكومي,المرحلة الإبتدائية,بنات
1446,2025,الرياض,20601,متوسطة  التحفيظ بالمجمعة,حكومي,المرحلة المتوسطة,بنات
1446,2025,الرياض,20604,المتوسطة الثانية بتمير,حكومي,المرحلة الثانوية,بنات
1446,2025,الرياض,20604,المتوسطة الثانية بتمير,حكومي,المرحلة المتوسطة,بنات
1446,2025,الرياض,20608,المتوسطة الأولى بالسحيمي,حكومي,المرحلة الثانوية,بنات
1446,2025,الرياض,20608,المتوسطة الأولى بالسحيمي,حكومي,المرحلة المتوسطة,بنات
1446,2025,الرياض,20613,المتوسطة السادسة  بالمجمعة,حكومي,المرحلة الإبتدائية,بنات
1446,2025,الرياض,20613,المتوسطة السادسة  بالمجمعة,حكومي,المرحلة المتوسطة,بنات
1446,2025,الرياض,20733,ابتدائية السلام للطفولة المبكرة,حكومي,المرحلة الإبتدائية,بنات
1446,2025,الرياض,20733,ابتدائية السلام للطفولة المبكرة,حكومي,رياض الأطفال,بنات
1446,2025,الرياض,20748,الروضه الحكوميه الثالثه بالمجمعة,حكومي,رياض الأطفال,بنات
1446,2025,الرياض,20752,الروضة الحكومية الثانية بالأرطاوية,حكومي,رياض الأطفال,بنات
1446,2025,الرياض,20755,الروضة الحكومية الرابعة بالمجمعة,حكومي,رياض الأطفال,بنات
1446,2025,الرياض,20756,الروضة الحكومية الأولى بحي البصيرة,حكومي,رياض الأطفال,بنات
1446,2025,الرياض,20757,الروضة الحكومية بالتويم,حكومي,رياض الأطفال,بنات
1446,2025,الرياض,20758,الروضة الحكومية بروضة سدير,حكومي,رياض الأطفال,بنات
1446,2025,الرياض,20759,الروضة الحكومية الثانية بحوطة سدير,حكومي,رياض الأطفال,بنات
1446,2025,الرياض,20764,الروضة الحكومية بمصدة,حكومي,رياض الأطفال,بنات
1446,2025,الرياض,20765,الروضة الحكومية بحويمضة,حكومي,المرحلة الإبتدائية,بنات
1446,2025,الرياض,20765,الروضة الحكومية بحويمضة,حكومي,رياض الأطفال,بنات
1446,2025,الرياض,21101,ابتدائية الخروعية,حكومي,المرحلة الإبتدائية,بنين
1446,2025,الرياض,21101,ابتدائية الخروعية,حكومي,المرحلة الثانوية,بنين
1446,2025,الرياض,21101,ابتدائية الخروعية,حكومي,المرحلة المتوسطة,بنين
1446,2025,الرياض,21103,ابتدائية عدي بن حاتم,حكومي,المرحلة الإبتدائية,بنين
1446,2025,الرياض,21103,ابتدائية عدي بن حاتم,حكومي,المرحلة المتوسطة,بنين
1446,2025,الرياض,21107,ابتدائية الجله,حكومي,المرحلة الإبتدائية,بنين
1446,2025,الرياض,21107,ابتدائية الجله,حكومي,المرحلة المتوسطة,بنين
1446,2025,الرياض,21108,ابتدائية الحجاجى,حكومي,المرحلة الإبتدائية,بنين
1446,2025,الرياض,21108,ابتدائية الحجاجى,حكومي,المرحلة المتوسطة,بنين
1446,2025,الرياض,21109,ابتدائية الحرملية,حكومي,المرحلة الإبتدائية,بنين
1446,2025,الرياض,21109,ابتدائية الحرملية,حكومي,المرحلة المتوسطة,بنين
1446,2025,الرياض,21112,ابتدائية الملك عبدالعزيز,حكومي,المرحلة الإبتدائية,بنين
1446,2025,الرياض,21112,ابتدائية الملك عبدالعزيز,حكومي,المرحلة الثانوية,بنين
1446,2025,الرياض,21112,ابتدائية الملك عبدالعزيز,حكومي,المرحلة المتوسطة,بنين
1446,2025,الرياض,21117,ابتدائية الربواء,حكومي,المرحلة الإبتدائية,بنين
1446,2025,الرياض,21117,ابتدائية الربواء,حكومي,المرحلة المتوسطة,بنين
1446,2025,الرياض,21119,ابتدائية الرفايع,حكومي,المرحلة الإبتدائية,بنين
1446,2025,الرياض,21119,ابتدائية الرفايع,حكومي,المرحلة الثانوية,بنين
1446,2025,الرياض,21119,ابتدائية الرفايع,حكومي,المرحلة المتوسطة,بنين
1446,2025,الرياض,21120,ابتدائية الرقمية,حكومي,المرحلة الإبتدائية,بنين
1446,2025,الرياض,21120,ابتدائية الرقمية,حكومي,المرحلة المتوسطة,بنين
1446,2025,الرياض,21123,ابتدائية الرويضة,حكومي,المرحلة الإبتدائية,بنين
1446,2025,الرياض,21123,ابتدائية الرويضة,حكومي,المرحلة المتوسطة,بنين
1446,2025,الرياض,21125,ابتدائية الرين بالمثناة,حكومي,المرحلة الإبتدائية,بنين
1446,2025,الرياض,21125,ابتدائية الرين بالمثناة,حكومي,المرحلة الثانوية,بنين
1446,2025,الرياض,21125,ابتدائية الرين بالمثناة,حكومي,المرحلة المتوسطة,بنين
1446,2025,الرياض,21126,ابتدائية طريف,حكومي,المرحلة الإبتدائية,بنين
1446,2025,الرياض,21128,ابتدائية سعيد  بن المسيب,حكومي,المرحلة الإبتدائية,بنين
1446,2025,الرياض,21130,ابتدائية الزهور,حكومي,المرحلة الإبتدائية,بنين
1446,2025,الرياض,21130,ابتدائية الزهور,حكومي,المرحلة المتوسطة,بنين
1446,2025,الرياض,21133,ابتدائية السليمانية,حكومي,المرحلة الإبتدائية,بنين
1446,2025,الرياض,21133,ابتدائية السليمانية,حكومي,المرحلة الثانوية,بنين
1446,2025,الرياض,21133,ابتدائية السليمانية,حكومي,المرحلة المتوسطة,بنين
1446,2025,الرياض,21138,ابتدائية العفج,حكومي,المرحلة الإبتدائية,بنين
1446,2025,الرياض,21138,ابتدائية العفج,حكومي,المرحلة المتوسطة,بنين
1446,2025,الرياض,21141,ابتدائية الفوارة,حكومي,المرحلة الإبتدائية,بنين
1446,2025,الرياض,21141,ابتدائية الفوارة,حكومي,المرحلة المتوسطة,بنين
1446,2025,الرياض,21143,ابتدائية الفويلق,حكومي,المرحلة الإبتدائية,بنين
1446,2025,الرياض,21143,ابتدائية الفويلق,حكومي,المرحلة المتوسطة,بنين
1446,2025,الرياض,21144,ابتدائية قتيبة بن مسلم,حكومي,المرحلة الإبتدائية,بنين
1446,2025,الرياض,21145,ابتدائية القرارة,حكومي,المرحلة الإبتدائية,بنين
1446,2025,الرياض,21145,ابتدائية القرارة,حكومي,المرحلة المتوسطة,بنين
1446,2025,الرياض,21147,ابتدائية العرين,حكومي,المرحلة الإبتدائية,بنين
1446,2025,الرياض,21148,ابتدائية القويعية,حكومي,المرحلة الإبتدائية,بنين
1446,2025,الرياض,21149,ابتدائية الملك خالد,حكومي,المرحلة الإبتدائية,بنين
1446,2025,الرياض,21150,ابتدائية الملك فهد,حكومي,المرحلة الإبتدائية,بنين
1446,2025,الرياض,21150,ابتدائية الملك فهد,حكومي,المرحلة المتوسطة,بنين
1446,2025,الرياض,21151,ابتدائية المديفع,حكومي,المرحلة الإبتدائية,بنين
1446,2025,الرياض,21154,ابتدائية الوهوهى,حكومي,المرحلة الإبتدائية,بنين
1446,2025,الرياض,21155,ابتدائية المغزالية,حكومي,المرحلة الإبتدائية,بنين
1446,2025,الرياض,21155,ابتدائية المغزالية,حكومي,المرحلة المتوسطة,بنين
1446,2025,الرياض,21156,ابتدائية الفاروق,حكومي,المرحلة الإبتدائية,بنين
1446,2025,الرياض,21156,ابتدائية الفاروق,حكومي,المرحلة الثانوية,بنين
1446,2025,الرياض,21156,ابتدائية الفاروق,حكومي,المرحلة المتوسطة,بنين
1446,2025,الرياض,21157,ابتدائية ام سريحة,حكومي,المرحلة الإبتدائية,بنين
1446,2025,الرياض,21157,ابتدائية ام سريحة,حكومي,المرحلة المتوسطة,بنين
1446,2025,الرياض,21162,ابتدائية تبراك,حكومي,المرحلة الإبتدائية,بنين
1446,2025,الرياض,21163,ابتدائية جاحد,حكومي,المرحلة الإبتدائية,بنين
1446,2025,الرياض,21168,ابتدائية الحصاة,حكومي,المرحلة الإبتدائية,بنين
1446,2025,الرياض,21168,ابتدائية الحصاة,حكومي,المرحلة المتوسطة,بنين
1446,2025,الرياض,21169,ابتدائية حفيرة صماخ,حكومي,المرحلة الإبتدائية,بنين
1446,2025,الرياض,21170,ابتدائية حلاة الجله,حكومي,المرحلة الإبتدائية,بنين
1446,2025,الرياض,21170,ابتدائية حلاة الجله,حكومي,المرحلة المتوسطة,بنين
1446,2025,الرياض,21171,ابتدائية حلبان,حكومي,المرحلة الإبتدائية,بنين
1446,2025,الرياض,21171,ابتدائية حلبان,حكومي,المرحلة المتوسطة,بنين
1446,2025,الرياض,21173,ابتدائية حميمان,حكومي,المرحلة الإبتدائية,بنين
1446,2025,الرياض,21173,ابتدائية حميمان,حكومي,المرحلة المتوسطة,بنين
1446,2025,الرياض,21178,ابتدائية دسمان,حكومي,المرحلة الإبتدائية,بنين
1446,2025,الرياض,21178,ابتدائية دسمان,حكومي,المرحلة المتوسطة,بنين
1446,2025,الرياض,21180,ابتدائية طارق بن زياد,حكومي,المرحلة الإبتدائية,بنين
1446,2025,الرياض,21183,ابتدائية سنام,حكومي,المرحلة الإبتدائية,بنين
1446,2025,الرياض,21183,ابتدائية سنام,حكومي,المرحلة الثانوية,بنين
1446,2025,الرياض,21183,ابتدائية سنام,حكومي,المرحلة المتوسطة,بنين
1446,2025,الرياض,21184,ابتدائية شلاح,حكومي,المرحلة الإبتدائية,بنين
1446,2025,الرياض,21184,ابتدائية شلاح,حكومي,المرحلة المتوسطة,بنين
1446,2025,الرياض,21185,ابتدائية صبحاء,حكومي,المرحلة الإبتدائية,بنين
1446,2025,الرياض,21185,ابتدائية صبحاء,حكومي,المرحلة المتوسطة,بنين
1446,2025,الرياض,21187,ابتدائية الإمام البخاري,حكومي,المرحلة الإبتدائية,بنين
1446,2025,الرياض,21187,ابتدائية الإمام البخاري,حكومي,المرحلة المتوسطة,بنين
1446,2025,الرياض,21189,ابتدائية عنان,حكومي,المرحلة الإبتدائية,بنين
1446,2025,الرياض,21189,ابتدائية عنان,حكومي,المرحلة المتوسطة,بنين
1446,2025,الرياض,21190,ابتدائية أنس بن النضر,حكومي,المرحلة الإبتدائية,بنين
1446,2025,الرياض,21191,ابتدائية قبيبان,حكومي,المرحلة الإبتدائية,بنين
1446,2025,الرياض,21191,ابتدائية قبيبان,حكومي,المرحلة المتوسطة,بنين
1446,2025,الرياض,21193,ابتدائية لجع,حكومي,المرحلة الإبتدائية,بنين
1446,2025,الرياض,21193,ابتدائية لجع,حكومي,المرحلة الثانوية,بنين
1446,2025,الرياض,21193,ابتدائية لجع,حكومي,المرحلة المتوسطة,بنين
1446,2025,الرياض,21194,ابتدائية لجعة,حكومي,المرحلة الإبتدائية,بنين
1446,2025,الرياض,21194,ابتدائية لجعة,حكومي,المرحلة المتوسطة,بنين
1446,2025,الرياض,21195,ابتدائية محيرقة,حكومي,المرحلة الإبتدائية,بنين
1446,2025,الرياض,21195,ابتدائية محيرقة,حكومي,المرحلة الثانوية,بنين
1446,2025,الرياض,21195,ابتدائية محيرقة,حكومي,المرحلة المتوسطة,بنين
1446,2025,الرياض,21197,ابتدائية مزعل,حكومي,المرحلة الإبتدائية,بنين
1446,2025,الرياض,21198,ابتدائية مويسل,حكومي,المرحلة الإبتدائية,بنين
1446,2025,الرياض,21198,ابتدائية مويسل,حكومي,المرحلة المتوسطة,بنين
1446,2025,الرياض,21199,ابتدائية نخيلان,حكومي,المرحلة الإبتدائية,بنين
1446,2025,الرياض,21199,ابتدائية نخيلان,حكومي,المرحلة المتوسطة,بنين
1446,2025,الرياض,21200,ابتدائية الإمام أبوحنيفة,حكومي,المرحلة الإبتدائية,بنين
1446,2025,الرياض,21200,ابتدائية الإمام أبوحنيفة,حكومي,المرحلة المتوسطة,بنين
1446,2025,الرياض,21202,ابتدائية المجذم والمجذمية,حكومي,المرحلة الإبتدائية,بنين
1446,2025,الرياض,21204,ابتدائية ام آثلة,حكومي,المرحلة الإبتدائية,بنين
1446,2025,الرياض,21204,ابتدائية ام آثلة,حكومي,المرحلة المتوسطة,بنين
1446,2025,الرياض,21206,ابتدائية مصيقرة,حكومي,المرحلة الإبتدائية,بنين
1446,2025,الرياض,21209,تحفيظ القرآن الكريم الابتدائية بالرويضة,حكومي,المرحلة الإبتدائية,بنين
1446,2025,الرياض,21209,تحفيظ القرآن الكريم الابتدائية بالرويضة,حكومي,المرحلة المتوسطة,بنين
1446,2025,الرياض,21211,تحفيظ القرآن الكريم الابتدائية بالقويعية,حكومي,المرحلة الإبتدائية,بنين
1446,2025,الرياض,21211,تحفيظ القرآن الكريم الابتدائية بالقويعية,حكومي,المرحلة المتوسطة,بنين
1446,2025,الرياض,21212,تحفيظ القرآن الكريم الابتدائية بالرزيوة,حكومي,المرحلة الإبتدائية,بنين
1446,2025,الرياض,21212,تحفيظ القرآن الكريم الابتدائية بالرزيوة,حكومي,المرحلة المتوسطة,بنين
1446,2025,الرياض,21234,متوسطة القويعية,حكومي,المرحلة المتوسطة,بنين
1446,2025,الرياض,21246,متوسطة طحي,حكومي,المرحلة الإبتدائية,بنين
1446,2025,الرياض,21246,متوسطة طحي,حكومي,المرحلة المتوسطة,بنين
1446,2025,الرياض,21251,متوسطة مزعل,حكومي,المرحلة الثانوية,بنين
1446,2025,الرياض,21251,متوسطة مزعل,حكومي,المرحلة المتوسطة,بنين
1446,2025,الرياض,21331,ابتدائية سلمان الفارسي,حكومي,المرحلة الإبتدائية,بنين
1446,2025,الرياض,21371,ابتدائية البراء بن مالك,حكومي,المرحلة الإبتدائية,بنين
1446,2025,الرياض,22003,روضة الأطفال الأولى بالرين,حكومي,رياض الأطفال,بنات
1446,2025,الرياض,22004,الابتدائية الأولى بالقويعية,حكومي,المرحلة الإبتدائية,بنات
1446,2025,الرياض,22004,الابتدائية الأولى بالقويعية,حكومي,رياض الأطفال,بنات
1446,2025,الرياض,22005,الابتدائية الثانية بالقويعية,حكومي,المرحلة الإبتدائية,بنات
1446,2025,الرياض,22005,الابتدائية الثانية بالقويعية,حكومي,رياض الأطفال,بنات
1446,2025,الرياض,22007,ابتدائية مزعل,حكومي,المرحلة الإبتدائية,بنات
1446,2025,الرياض,22007,ابتدائية مزعل,حكومي,رياض الأطفال,بنات
1446,2025,الرياض,22011,ابتدائية محيرقة,حكومي,المرحلة الإبتدائية,بنات
1446,2025,الرياض,22011,ابتدائية محيرقة,حكومي,المرحلة الثانوية,بنات
1446,2025,الرياض,22011,ابتدائية محيرقة,حكومي,المرحلة المتوسطة,بنات
1446,2025,الرياض,22011,ابتدائية محيرقة,حكومي,رياض الأطفال,بنات
1446,2025,الرياض,22014,ابتدائية عنان,حكومي,المرحلة الإبتدائية,بنات
1446,2025,الرياض,22014,ابتدائية عنان,حكومي,رياض الأطفال,بنات
1446,2025,الرياض,22017,ابتدائية الأمار,حكومي,المرحلة الإبتدائية,بنات
1446,2025,الرياض,22018,ابتدائية الحجاجي,حكومي,المرحلة الإبتدائية,بنات
1446,2025,الرياض,22018,ابتدائية الحجاجي,حكومي,المرحلة المتوسطة,بنات
1446,2025,الرياض,22018,ابتدائية الحجاجي,حكومي,رياض الأطفال,بنات
1446,2025,الرياض,22021,ابتدائية الفويلق الشمالي,حكومي,المرحلة الإبتدائية,بنات
1446,2025,الرياض,22022,ابتدائية الحرملية,حكومي,المرحلة الإبتدائية,بنات
1446,2025,الرياض,22022,ابتدائية الحرملية,حكومي,المرحلة الثانوية,بنات
1446,2025,الرياض,22022,ابتدائية الحرملية,حكومي,المرحلة المتوسطة,بنات
1446,2025,الرياض,22022,ابتدائية الحرملية,حكومي,رياض الأطفال,بنات
1446,2025,الرياض,22024,ابتدائية دسمان,حكومي,المرحلة الإبتدائية,بنات
1446,2025,الرياض,22024,ابتدائية دسمان,حكومي,المرحلة المتوسطة,بنات
1446,2025,الرياض,22025,ابتدائية القويع,حكومي,المرحلة الإبتدائية,بنات
1446,2025,الرياض,22025,ابتدائية القويع,حكومي,رياض الأطفال,بنات
1446,2025,الرياض,22026,ابتدائية الخروعية,حكومي,المرحلة الإبتدائية,بنات
1446,2025,الرياض,22026,ابتدائية الخروعية,حكومي,المرحلة الثانوية,بنات
1446,2025,الرياض,22026,ابتدائية الخروعية,حكومي,المرحلة المتوسطة,بنات
1446,2025,الرياض,22027,ابتدائية الرويضة الأولى,حكومي,المرحلة الإبتدائية,بنات
1446,2025,الرياض,22027,ابتدائية الرويضة الأولى,حكومي,المرحلة المتوسطة,بنات
1446,2025,الرياض,22027,ابتدائية الرويضة الأولى,حكومي,رياض الأطفال,بنات
1446,2025,الرياض,22028,ابتدائية لجعة,حكومي,المرحلة الإبتدائية,بنات
1446,2025,الرياض,22028,ابتدائية لجعة,حكومي,المرحلة المتوسطة,بنات
1446,2025,الرياض,22029,ابتدائية سنام,حكومي,المرحلة الإبتدائية,بنات
1446,2025,الرياض,22029,ابتدائية سنام,حكومي,رياض الأطفال,بنات
1446,2025,الرياض,22030,ابتدائية طحي,حكومي,المرحلة الإبتدائية,بنات
1446,2025,الرياض,22030,ابتدائية طحي,حكومي,رياض الأطفال,بنات
1446,2025,الرياض,22031,ابتدائية أم سريحة,حكومي,المرحلة الإبتدائية,بنات
1446,2025,الرياض,22031,ابتدائية أم سريحة,حكومي,المرحلة المتوسطة,بنات
1446,2025,الرياض,22033,ابتدائية وادي عصيل,حكومي,المرحلة الإبتدائية,بنات
1446,2025,الرياض,22033,ابتدائية وادي عصيل,حكومي,رياض الأطفال,بنات
1446,2025,الرياض,22034,ابتدائية صبحاء,حكومي,المرحلة الإبتدائية,بنات
1446,2025,الرياض,22034,ابتدائية صبحاء,حكومي,المرحلة الثانوية,بنات
1446,2025,الرياض,22034,ابتدائية صبحاء,حكومي,المرحلة المتوسطة,بنات
1446,2025,الرياض,22038,ابتدائية روضة الشيابين,حكومي,المرحلة الإبتدائية,بنات
1446,2025,الرياض,22039,ابتدائية الشرمية,حكومي,المرحلة الإبتدائية,بنات
1446,2025,الرياض,22040,ابتدائية الناصفة,حكومي,المرحلة الإبتدائية,بنات
1446,2025,الرياض,22040,ابتدائية الناصفة,حكومي,رياض الأطفال,بنات
1446,2025,الرياض,22044,ابتدائية آل هويمل,حكومي,المرحلة الإبتدائية,بنات
1446,2025,الرياض,22044,ابتدائية آل هويمل,حكومي,المرحلة المتوسطة,بنات
1446,2025,الرياض,22044,ابتدائية آل هويمل,حكومي,رياض الأطفال,بنات
1446,2025,الرياض,22047,ابتدائية العفج,حكومي,المرحلة الإبتدائية,بنات
1446,2025,الرياض,22047,ابتدائية العفج,حكومي,المرحلة الثانوية,بنات
1446,2025,الرياض,22047,ابتدائية العفج,حكومي,المرحلة المتوسطة,بنات
1446,2025,الرياض,22047,ابتدائية العفج,حكومي,رياض الأطفال,بنات
1446,2025,الرياض,22048,ابتدائية لجع,حكومي,المرحلة الإبتدائية,بنات
1446,2025,الرياض,22048,ابتدائية لجع,حكومي,المرحلة الثانوية,بنات
1446,2025,الرياض,22048,ابتدائية لجع,حكومي,المرحلة المتوسطة,بنات
1446,2025,الرياض,22051,ابتدائية الفوارة,حكومي,المرحلة الإبتدائية,بنات
1446,2025,الرياض,22054,ابتدائية قبيبان,حكومي,المرحلة الإبتدائية,بنات
1446,2025,الرياض,22054,ابتدائية قبيبان,حكومي,رياض الأطفال,بنات
1446,2025,الرياض,22055,ابتدائية الوهوهي,حكومي,المرحلة الإبتدائية,بنات
1446,2025,الرياض,22055,ابتدائية الوهوهي,حكومي,رياض الأطفال,بنات
1446,2025,الرياض,22056,ابتدائية الهفوف,حكومي,المرحلة الإبتدائية,بنات
1446,2025,الرياض,22056,ابتدائية الهفوف,حكومي,رياض الأطفال,بنات
1446,2025,الرياض,22057,ابتدائية حفيرة صماخ,حكومي,المرحلة الإبتدائية,بنات
1446,2025,الرياض,22057,ابتدائية حفيرة صماخ,حكومي,المرحلة الثانوية,بنات
1446,2025,الرياض,22057,ابتدائية حفيرة صماخ,حكومي,المرحلة المتوسطة,بنات
1446,2025,الرياض,22059,ابتدائية مويسل,حكومي,المرحلة الإبتدائية,بنات
1446,2025,الرياض,22061,ابتدائية الربواء,حكومي,المرحلة الإبتدائية,بنات
1446,2025,الرياض,22061,ابتدائية الربواء,حكومي,المرحلة الثانوية,بنات
1446,2025,الرياض,22061,ابتدائية الربواء,حكومي,المرحلة المتوسطة,بنات
1446,2025,الرياض,22061,ابتدائية الربواء,حكومي,رياض الأطفال,بنات
1446,2025,الرياض,22062,ابتدائية الجدعاء,حكومي,المرحلة الإبتدائية,بنات
1446,2025,الرياض,22062,ابتدائية الجدعاء,حكومي,رياض الأطفال,بنات
1446,2025,الرياض,22063,ابتدائية شلاح,حكومي,المرحلة الإبتدائية,بنات
1446,2025,الرياض,22064,ابتدائية تحفيظ القران الكريم بالقويعية,حكومي,المرحلة الإبتدائية,بنات
1446,2025,الرياض,22064,ابتدائية تحفيظ القران الكريم بالقويعية,حكومي,المرحلة المتوسطة,بنات
1446,2025,الرياض,22065,ابتدائية حلاة الجله,حكومي,المرحلة الإبتدائية,بنات
1446,2025,الرياض,22065,ابتدائية حلاة الجله,حكومي,رياض الأطفال,بنات
1446,2025,الرياض,22066,ابتدائية قنيفذاء,حكومي,المرحلة الإبتدائية,بنات
1446,2025,الرياض,22066,ابتدائية قنيفذاء,حكومي,رياض الأطفال,بنات
1446,2025,الرياض,22067,ابتدائية الرفيعة,حكومي,المرحلة الإبتدائية,بنات
1446,2025,الرياض,22067,ابتدائية الرفيعة,حكومي,المرحلة المتوسطة,بنات
1446,2025,الرياض,22068,ابتدائية تبراك,حكومي,المرحلة الإبتدائية,بنات
1446,2025,الرياض,22068,ابتدائية تبراك,حكومي,المرحلة المتوسطة,بنات
1446,2025,الرياض,22068,ابتدائية تبراك,حكومي,رياض الأطفال,بنات
1446,2025,الرياض,22069,الابتدائية الرابعة بالقويعية,حكومي,المرحلة الإبتدائية,بنات
1446,2025,الرياض,22072,ابتدائية الشتلانية,حكومي,المرحلة الإبتدائية,بنات
1446,2025,الرياض,22072,ابتدائية الشتلانية,حكومي,رياض الأطفال,بنات
1446,2025,الرياض,22073,ابتدائية المغزلية,حكومي,المرحلة الإبتدائية,بنات
1446,2025,الرياض,22073,ابتدائية المغزلية,حكومي,المرحلة المتوسطة,بنات
1446,2025,الرياض,22075,ابتدائية عيينان,حكومي,المرحلة الإبتدائية,بنات
1446,2025,الرياض,22076,ابتدائية أم جدير,حكومي,المرحلة الإبتدائية,بنات
1446,2025,الرياض,22076,ابتدائية أم جدير,حكومي,المرحلة الثانوية,بنات
1446,2025,الرياض,22076,ابتدائية أم جدير,حكومي,المرحلة المتوسطة,بنات
1446,2025,الرياض,22076,ابتدائية أم جدير,حكومي,رياض الأطفال,بنات
1446,2025,الرياض,22078,الابتدائية الخامسة بالقويعية,حكومي,المرحلة الإبتدائية,بنات
1446,2025,الرياض,22078,الابتدائية الخامسة بالقويعية,حكومي,رياض الأطفال,بنات
1446,2025,الرياض,22079,ابتدائية الرويضة الثانية,حكومي,المرحلة الإبتدائية,بنات
1446,2025,الرياض,22080,ابتدائية أم أثلة,حكومي,المرحلة الإبتدائية,بنات
1446,2025,الرياض,22080,ابتدائية أم أثلة,حكومي,المرحلة المتوسطة,بنات
1446,2025,الرياض,22081,ابتدائية جاحد,حكومي,المرحلة الإبتدائية,بنات
1446,2025,الرياض,22083,ابتدائية دراويش,حكومي,المرحلة الإبتدائية,بنات
1446,2025,الرياض,22083,ابتدائية دراويش,حكومي,المرحلة الثانوية,بنات
1446,2025,الرياض,22083,ابتدائية دراويش,حكومي,المرحلة المتوسطة,بنات
1446,2025,الرياض,22085,ابتدائية الخاصرة الجديدة,حكومي,المرحلة الإبتدائية,بنات
1446,2025,الرياض,22085,ابتدائية الخاصرة الجديدة,حكومي,المرحلة المتوسطة,بنات
1446,2025,الرياض,22085,ابتدائية الخاصرة الجديدة,حكومي,رياض الأطفال,بنات
1446,2025,الرياض,22087,ابتدائية الفويلق,حكومي,المرحلة الإبتدائية,بنات
1446,2025,الرياض,22087,ابتدائية الفويلق,حكومي,رياض الأطفال,بنات
1446,2025,الرياض,22091,ابتدائية المدارة بالنباع,حكومي,المرحلة الإبتدائية,بنات
1446,2025,الرياض,22091,ابتدائية المدارة بالنباع,حكومي,رياض الأطفال,بنات
1446,2025,الرياض,22092,ابتدائية حميمان,حكومي,المرحلة الإبتدائية,بنات
1446,2025,الرياض,22094,ابتدائية مصيقرة,حكومي,المرحلة الإبتدائية,بنات
1446,2025,الرياض,22096,ابتدائية العمار,حكومي,المرحلة الإبتدائية,بنات
1446,2025,الرياض,22098,ابتدائية طريف,حكومي,المرحلة الإبتدائية,بنات
1446,2025,الرياض,22099,ابتدائية المجذم,حكومي,المرحلة الإبتدائية,بنات
1446,2025,الرياض,22099,ابتدائية المجذم,حكومي,المرحلة الثانوية,بنات
1446,2025,الرياض,22099,ابتدائية المجذم,حكومي,المرحلة المتوسطة,بنات
1446,2025,الرياض,22100,ابتدائية المديفع,حكومي,المرحلة الإبتدائية,بنات
1446,2025,الرياض,22100,ابتدائية المديفع,حكومي,رياض الأطفال,بنات
1446,2025,الرياض,22105,ابتدائية الخالدية غرب مزعل,حكومي,المرحلة الإبتدائية,بنات
1446,2025,الرياض,22105,ابتدائية الخالدية غرب مزعل,حكومي,رياض الأطفال,بنات
1446,2025,الرياض,22118,الابتدائية السادسة بالقويعية,حكومي,المرحلة الإبتدائية,بنات
1446,2025,الرياض,22118,الابتدائية السادسة بالقويعية,حكومي,رياض الأطفال,بنات
1446,2025,الرياض,22119,ابتدائية الرقمية,حكومي,المرحلة الإبتدائية,بنات
1446,2025,الرياض,22119,ابتدائية الرقمية,حكومي,المرحلة الثانوية,بنات
1446,2025,الرياض,22119,ابتدائية الرقمية,حكومي,المرحلة المتوسطة,بنات
1446,2025,الرياض,22120,ابتدائية الفيضة جنوب القويعية,حكومي,المرحلة الإبتدائية,بنات
1446,2025,الرياض,22121,ابتدائية تحفيظ حلاة الجلة,حكومي,المرحلة الإبتدائية,بنات
1446,2025,الرياض,22123,الابتدائية السابعة بالقويعية,حكومي,المرحلة الإبتدائية,بنات
1446,2025,الرياض,22123,الابتدائية السابعة بالقويعية,حكومي,رياض الأطفال,بنات
1446,2025,الرياض,22124,ابتدائية المثناة,حكومي,المرحلة الإبتدائية,بنات
1446,2025,الرياض,22124,ابتدائية المثناة,حكومي,المرحلة المتوسطة,بنات
1446,2025,الرياض,22124,ابتدائية المثناة,حكومي,رياض الأطفال,بنات
1446,2025,الرياض,22126,ابتدائية الحصاة,حكومي,المرحلة الإبتدائية,بنات
1446,2025,الرياض,22133,ابتدائية سلطانه,حكومي,المرحلة الإبتدائية,بنات
1446,2025,الرياض,22133,ابتدائية سلطانه,حكومي,المرحلة المتوسطة,بنات
1446,2025,الرياض,22133,ابتدائية سلطانه,حكومي,رياض الأطفال,بنات
1446,2025,الرياض,22139,ابتدائية الحاوي,حكومي,المرحلة الإبتدائية,بنات
1446,2025,الرياض,22139,ابتدائية الحاوي,حكومي,رياض الأطفال,بنات
1446,2025,الرياض,22147,ابتدائية تحفيظ القران الكريم بالرزيوة,حكومي,المرحلة الإبتدائية,بنات
1446,2025,الرياض,22158,متوسطة مزعل,حكومي,المرحلة الثانوية,بنات
1446,2025,الرياض,22158,متوسطة مزعل,حكومي,المرحلة المتوسطة,بنات
1446,2025,الرياض,22159,متوسطة الجفارة,حكومي,المرحلة الثانوية,بنات
1446,2025,الرياض,22159,متوسطة الجفارة,حكومي,المرحلة المتوسطة,بنات
1446,2025,الرياض,22162,متوسطة الفويلق,حكومي,المرحلة الثانوية,بنات
1446,2025,الرياض,22162,متوسطة الفويلق,حكومي,المرحلة المتوسطة,بنات
1446,2025,الرياض,22163,متوسطة الرويضة الأولى,حكومي,المرحلة المتوسطة,بنات
1446,2025,الرياض,22164,متوسطة سنام,حكومي,المرحلة الثانوية,بنات
1446,2025,الرياض,22164,متوسطة سنام,حكومي,المرحلة المتوسطة,بنات
1446,2025,الرياض,22166,المتوسطة الثانية بالقويعية,حكومي,المرحلة المتوسطة,بنات
1446,2025,الرياض,22167,متوسطة حلاة الجله,حكومي,المرحلة المتوسطة,بنات
1446,2025,الرياض,22171,متوسطة طحي,حكومي,المرحلة الثانوية,بنات
1446,2025,الرياض,22171,متوسطة طحي,حكومي,المرحلة المتوسطة,بنات
1446,2025,الرياض,22173,متوسطة عنان,حكومي,المرحلة الثانوية,بنات
1446,2025,الرياض,22173,متوسطة عنان,حكومي,المرحلة المتوسطة,بنات
1446,2025,الرياض,22188,المتوسطة الأولى بالرين القديم,حكومي,المرحلة الإبتدائية,بنات
1446,2025,الرياض,22188,المتوسطة الأولى بالرين القديم,حكومي,المرحلة الثانوية,بنات
1446,2025,الرياض,22188,المتوسطة الأولى بالرين القديم,حكومي,المرحلة المتوسطة,بنات
1446,2025,الرياض,22189,المتوسطة الثالثة بالقويعية,حكومي,المرحلة الثانوية,بنات
1446,2025,الرياض,22189,المتوسطة الثالثة بالقويعية,حكومي,المرحلة المتوسطة,بنات
1446,2025,الرياض,22194,متوسطة الحصاة الأولى,حكومي,المرحلة الثانوية,بنات
1446,2025,الرياض,22194,متوسطة الحصاة الأولى,حكومي,المرحلة المتوسطة,بنات
1446,2025,الرياض,22199,المتوسطة الرابعة بالقويعية,حكومي,المرحلة الثانوية,بنات
1446,2025,الرياض,22199,المتوسطة الرابعة بالقويعية,حكومي,المرحلة المتوسطة,بنات
1446,2025,الرياض,22344,ابتدائية المغيدر,حكومي,المرحلة الإبتدائية,بنات
1446,2025,الرياض,22344,ابتدائية المغيدر,حكومي,المرحلة المتوسطة,بنات
1446,2025,الرياض,22408,الابتدائية الثامنة بالقويعية,حكومي,المرحلة الإبتدائية,بنات
1446,2025,الرياض,22408,الابتدائية الثامنة بالقويعية,حكومي,رياض الأطفال,بنات
1446,2025,الرياض,22442,روضة الأطفال بالحصاة,حكومي,رياض الأطفال,بنات
1446,2025,الرياض,22447,روضة الأطفال الثانية بالرويضة,حكومي,المرحلة الإبتدائية,بنات
1446,2025,الرياض,22447,روضة الأطفال الثانية بالرويضة,حكومي,رياض الأطفال,بنات
1446,2025,الرياض,22448,روضة الأطفال بالخروعية,حكومي,رياض الأطفال,بنات
1446,2025,الرياض,22449,روضة الأطفال بالرفيعة,حكومي,المرحلة الإبتدائية,بنات
1446,2025,الرياض,22449,روضة الأطفال بالرفيعة,حكومي,رياض الأطفال,بنات
1446,2025,الرياض,22455,روضة الأطفال الرابعة بالقويعية,حكومي,رياض الأطفال,بنات
1446,2025,الرياض,22457,الروضة الملحقة بابتدائية نخيلان,حكومي,رياض الأطفال,بنات
1446,2025,الرياض,22462,روضة الأطفال بلجع,حكومي,رياض الأطفال,بنات
1446,2025,الرياض,22466,روضة الأطفال بلجعة,حكومي,رياض الأطفال,بنات
1446,2025,الرياض,22469,روضة الأطفال بالرقمية,حكومي,رياض الأطفال,بنات
1446,2025,الرياض,23101,إبتدائية أبرقية,حكومي,المرحلة الإبتدائية,بنين
1446,2025,الرياض,23101,إبتدائية أبرقية,حكومي,المرحلة الثانوية,بنين
1446,2025,الرياض,23101,إبتدائية أبرقية,حكومي,المرحلة المتوسطة,بنين
1446,2025,الرياض,23105,إبتدائية البرزه,حكومي,المرحلة الإبتدائية,بنين
1446,2025,الرياض,23105,إبتدائية البرزه,حكومي,المرحلة المتوسطة,بنين
1446,2025,الرياض,23109,إبتدائية الجمانية,حكومي,المرحلة الإبتدائية,بنين
1446,2025,الرياض,23109,إبتدائية الجمانية,حكومي,المرحلة الثانوية,بنين
1446,2025,الرياض,23109,إبتدائية الجمانية,حكومي,المرحلة المتوسطة,بنين
1446,2025,الرياض,23113,ابتدائية سعيد بن زيد,حكومي,المرحلة الإبتدائية,بنين
1446,2025,الرياض,23113,ابتدائية سعيد بن زيد,حكومي,المرحلة الثانوية,بنين
1446,2025,الرياض,23113,ابتدائية سعيد بن زيد,حكومي,المرحلة المتوسطة,بنين
1446,2025,الرياض,23114,إبتدائية ابي بكر الصديق,حكومي,المرحلة الإبتدائية,بنين
1446,2025,الرياض,23114,إبتدائية ابي بكر الصديق,حكومي,المرحلة المتوسطة,بنين
1446,2025,الرياض,23115,إبتدائية الخضارة,حكومي,المرحلة الإبتدائية,بنين
1446,2025,الرياض,23115,إبتدائية الخضارة,حكومي,المرحلة الثانوية,بنين
1446,2025,الرياض,23115,إبتدائية الخضارة,حكومي,المرحلة المتوسطة,بنين
1446,2025,الرياض,23118,ابتدائية الشواطن,حكومي,المرحلة الإبتدائية,بنين
1446,2025,الرياض,23118,ابتدائية الشواطن,حكومي,المرحلة الثانوية,بنين
1446,2025,الرياض,23118,ابتدائية الشواطن,حكومي,المرحلة المتوسطة,بنين
1446,2025,الرياض,23119,ابتدائية هارون الرشيد بالصقرة,حكومي,المرحلة الإبتدائية,بنين
1446,2025,الرياض,23119,ابتدائية هارون الرشيد بالصقرة,حكومي,المرحلة الثانوية,بنين
1446,2025,الرياض,23119,ابتدائية هارون الرشيد بالصقرة,حكومي,المرحلة المتوسطة,بنين
1446,2025,الرياض,23120,ابتدائية العيدانية,حكومي,المرحلة الإبتدائية,بنين
1446,2025,الرياض,23121,ابتدائية الغرابة,حكومي,المرحلة الإبتدائية,بنين
1446,2025,الرياض,23124,ابتدائية المردمة ودارة المردمة,حكومي,المرحلة الإبتدائية,بنين
1446,2025,الرياض,23124,ابتدائية المردمة ودارة المردمة,حكومي,المرحلة الثانوية,بنين
1446,2025,الرياض,23124,ابتدائية المردمة ودارة المردمة,حكومي,المرحلة المتوسطة,بنين
1446,2025,الرياض,23129,ابتدائية ام ارطاء,حكومي,المرحلة الإبتدائية,بنين
1446,2025,الرياض,23129,ابتدائية ام ارطاء,حكومي,المرحلة الثانوية,بنين
1446,2025,الرياض,23129,ابتدائية ام ارطاء,حكومي,المرحلة المتوسطة,بنين
1446,2025,الرياض,23130,ابتدائية الملك عبدالعزيز ببدائع العضيان,حكومي,المرحلة الإبتدائية,بنين
1446,2025,الرياض,23130,ابتدائية الملك عبدالعزيز ببدائع العضيان,حكومي,المرحلة الثانوية,بنين
1446,2025,الرياض,23130,ابتدائية الملك عبدالعزيز ببدائع العضيان,حكومي,المرحلة المتوسطة,بنين
1446,2025,الرياض,23133,ابتدائية تنيبيكة,حكومي,المرحلة الإبتدائية,بنين
1446,2025,الرياض,23136,ابتدائية عثمان بن عفان,حكومي,المرحلة الإبتدائية,بنين
1446,2025,الرياض,23137,ابتدائية علي بن ابي طالب,حكومي,المرحلة الإبتدائية,بنين
1446,2025,الرياض,23137,ابتدائية علي بن ابي طالب,حكومي,المرحلة المتوسطة,بنين
1446,2025,الرياض,23138,ابتدائية عمر بن الخطاب,حكومي,المرحلة الإبتدائية,بنين
1446,2025,الرياض,23139,ابتدائية المأمون,حكومي,المرحلة الإبتدائية,بنين
1446,2025,الرياض,23140,ابتدائية النعمان بن بشير,حكومي,المرحلة الإبتدائية,بنين
1446,2025,الرياض,23141,ابتدائية الملك فهد,حكومي,المرحلة الإبتدائية,بنين
1446,2025,الرياض,23143,ابتدائية الصفوية,حكومي,المرحلة الإبتدائية,بنين
1446,2025,الرياض,23144,ابتدائية فرعة الرميثي,حكومي,المرحلة الإبتدائية,بنين
1446,2025,الرياض,23144,ابتدائية فرعة الرميثي,حكومي,المرحلة المتوسطة,بنين
1446,2025,الرياض,23145,ابتدائية فيضة عفيف,حكومي,المرحلة الإبتدائية,بنين
1446,2025,الرياض,23147,إبتدائية ابو جعفر المنصور بمحامة بن مصوي,حكومي,المرحلة الإبتدائية,بنين
1446,2025,الرياض,23147,إبتدائية ابو جعفر المنصور بمحامة بن مصوي,حكومي,المرحلة الثانوية,بنين
1446,2025,الرياض,23147,إبتدائية ابو جعفر المنصور بمحامة بن مصوي,حكومي,المرحلة المتوسطة,بنين
1446,2025,الرياض,23149,ابتدائية العسيبي,حكومي,المرحلة الإبتدائية,بنين
1446,2025,الرياض,23149,ابتدائية العسيبي,حكومي,المرحلة الثانوية,بنين
1446,2025,الرياض,23149,ابتدائية العسيبي,حكومي,المرحلة المتوسطة,بنين
1446,2025,الرياض,23167,طارق بن زياد المتوسطة,حكومي,المرحلة المتوسطة,بنين
1446,2025,الرياض,23168,متوسطة عبدالرحمن الداخل,حكومي,المرحلة المتوسطة,بنين
1446,2025,الرياض,23230,ابتدائية فيضة نومان,حكومي,المرحلة الإبتدائية,بنين
1446,2025,الرياض,23230,ابتدائية فيضة نومان,حكومي,المرحلة المتوسطة,بنين
1446,2025,الرياض,23231,متوسطة الشيخ عبدالعزيز بن باز,حكومي,المرحلة المتوسطة,بنين
1446,2025,الرياض,23289,ابتدائية الغصابية,حكومي,المرحلة الإبتدائية,بنين
1446,2025,الرياض,23333,ابتدائية المصيفقية,حكومي,المرحلة الإبتدائية,بنين
1446,2025,الرياض,23502,ابتدائية التحفيظ ام المؤمنين عائشة,حكومي,المرحلة الإبتدائية,بنات
1446,2025,الرياض,23502,ابتدائية التحفيظ ام المؤمنين عائشة,حكومي,رياض الأطفال,بنات
1446,2025,الرياض,23503,الابتدائية الأولى بالمكلاة,حكومي,المرحلة الإبتدائية,بنات
1446,2025,الرياض,23503,الابتدائية الأولى بالمكلاة,حكومي,رياض الأطفال,بنات
1446,2025,الرياض,23505,الابتدائية الأولى بالحوميات,حكومي,المرحلة الإبتدائية,بنات
1446,2025,الرياض,23505,الابتدائية الأولى بالحوميات,حكومي,المرحلة الثانوية,بنات
1446,2025,الرياض,23505,الابتدائية الأولى بالحوميات,حكومي,المرحلة المتوسطة,بنات
1446,2025,الرياض,23505,الابتدائية الأولى بالحوميات,حكومي,رياض الأطفال,بنات
1446,2025,الرياض,23507,الابتدائية الأولى بأبرقية,حكومي,المرحلة الإبتدائية,بنات
1446,2025,الرياض,23507,الابتدائية الأولى بأبرقية,حكومي,المرحلة الثانوية,بنات
1446,2025,الرياض,23507,الابتدائية الأولى بأبرقية,حكومي,المرحلة المتوسطة,بنات
1446,2025,الرياض,23507,الابتدائية الأولى بأبرقية,حكومي,رياض الأطفال,بنات
1446,2025,الرياض,23508,ابتدائية اسماء بنت ابي بكر الصديق للبنات ببطاحه,حكومي,المرحلة الإبتدائية,بنات
1446,2025,الرياض,23508,ابتدائية اسماء بنت ابي بكر الصديق للبنات ببطاحه,حكومي,رياض الأطفال,بنات
1446,2025,الرياض,23509,الابتدائية الأولى باللنسيات,حكومي,المرحلة الإبتدائية,بنات
1446,2025,الرياض,23509,الابتدائية الأولى باللنسيات,حكومي,المرحلة الثانوية,بنات
1446,2025,الرياض,23511,الابتدائية الأولى بالمردمة ودارة المردمة,حكومي,المرحلة الإبتدائية,بنات
1446,2025,الرياض,23511,الابتدائية الأولى بالمردمة ودارة المردمة,حكومي,رياض الأطفال,بنات
1446,2025,الرياض,23512,الابتدائية الأولى بالجمانية,حكومي,المرحلة الإبتدائية,بنات
1446,2025,الرياض,23512,الابتدائية الأولى بالجمانية,حكومي,رياض الأطفال,بنات
1446,2025,الرياض,23514,الابتدائية الأولى بفيضة عفيف,حكومي,المرحلة الإبتدائية,بنات
1446,2025,الرياض,23514,الابتدائية الأولى بفيضة عفيف,حكومي,المرحلة الثانوية,بنات
1446,2025,الرياض,23514,الابتدائية الأولى بفيضة عفيف,حكومي,المرحلة المتوسطة,بنات
1446,2025,الرياض,23514,الابتدائية الأولى بفيضة عفيف,حكومي,رياض الأطفال,بنات
1446,2025,الرياض,23515,الابتدائية الأولى بأبوعشرة,حكومي,المرحلة الإبتدائية,بنات
1446,2025,الرياض,23515,الابتدائية الأولى بأبوعشرة,حكومي,رياض الأطفال,بنات
1446,2025,الرياض,23516,الابتدائية الأولى بالخضارة,حكومي,المرحلة الإبتدائية,بنات
1446,2025,الرياض,23516,الابتدائية الأولى بالخضارة,حكومي,المرحلة المتوسطة,بنات
1446,2025,الرياض,23516,الابتدائية الأولى بالخضارة,حكومي,رياض الأطفال,بنات
1446,2025,الرياض,23519,الابتدائية الأولى بالشواطن,حكومي,المرحلة الإبتدائية,بنات
1446,2025,الرياض,23519,الابتدائية الأولى بالشواطن,حكومي,المرحلة الثانوية,بنات
1446,2025,الرياض,23519,الابتدائية الأولى بالشواطن,حكومي,المرحلة المتوسطة,بنات
1446,2025,الرياض,23519,الابتدائية الأولى بالشواطن,حكومي,رياض الأطفال,بنات
1446,2025,الرياض,23520,الابتدائية الأولى بالصقرة,حكومي,المرحلة الإبتدائية,بنات
1446,2025,الرياض,23520,الابتدائية الأولى بالصقرة,حكومي,المرحلة الثانوية,بنات
1446,2025,الرياض,23520,الابتدائية الأولى بالصقرة,حكومي,المرحلة المتوسطة,بنات
1446,2025,الرياض,23520,الابتدائية الأولى بالصقرة,حكومي,رياض الأطفال,بنات
1446,2025,الرياض,23521,الابتدائية الأولى ببديدة علو غثاة,حكومي,المرحلة الإبتدائية,بنات
1446,2025,الرياض,23521,الابتدائية الأولى ببديدة علو غثاة,حكومي,رياض الأطفال,بنات
1446,2025,الرياض,23522,الابتدائية الأولى ببدائع العضيان,حكومي,المرحلة الإبتدائية,بنات
1446,2025,الرياض,23522,الابتدائية الأولى ببدائع العضيان,حكومي,المرحلة الثانوية,بنات
1446,2025,الرياض,23522,الابتدائية الأولى ببدائع العضيان,حكومي,المرحلة المتوسطة,بنات
1446,2025,الرياض,23522,الابتدائية الأولى ببدائع العضيان,حكومي,رياض الأطفال,بنات
1446,2025,الرياض,23524,الابتدائية الأولى بالبرزة,حكومي,المرحلة الإبتدائية,بنات
1446,2025,الرياض,23525,الابتدائية الأولى بأم سرحة,حكومي,المرحلة الإبتدائية,بنات
1446,2025,الرياض,23525,الابتدائية الأولى بأم سرحة,حكومي,رياض الأطفال,بنات
1446,2025,الرياض,23527,الابتدائية الأولى بفرعة الرميثي,حكومي,المرحلة الإبتدائية,بنات
1446,2025,الرياض,23527,الابتدائية الأولى بفرعة الرميثي,حكومي,رياض الأطفال,بنات
1446,2025,الرياض,23528,الابتدائية الأولى بالحنابج,حكومي,المرحلة الإبتدائية,بنات
1446,2025,الرياض,23528,الابتدائية الأولى بالحنابج,حكومي,المرحلة المتوسطة,بنات
1446,2025,الرياض,23528,الابتدائية الأولى بالحنابج,حكومي,رياض الأطفال,بنات
1446,2025,الرياض,23530,الابتدائية الأولى بالخالدية,حكومي,المرحلة الإبتدائية,بنات
1446,2025,الرياض,23530,الابتدائية الأولى بالخالدية,حكومي,رياض الأطفال,بنات
1446,2025,الرياض,23531,الابتدائية الأولى بعفيف,حكومي,المرحلة الإبتدائية,بنات
1446,2025,الرياض,23532,الابتدائية الثانية بعفيف,حكومي,المرحلة الإبتدائية,بنات
1446,2025,الرياض,23533,الابتدائية الثالثة بعفيف,حكومي,المرحلة الإبتدائية,بنات
1446,2025,الرياض,23533,الابتدائية الثالثة بعفيف,حكومي,رياض الأطفال,بنات
1446,2025,الرياض,23534,الابتدائية الرابعة بعفيف,حكومي,المرحلة الإبتدائية,بنات
1446,2025,الرياض,23535,الابتدائية الخامسة بعفيف,حكومي,المرحلة الإبتدائية,بنات
1446,2025,الرياض,23536,الابتدائية السادسة بعفيف,حكومي,المرحلة الإبتدائية,بنات
1446,2025,الرياض,23538,الابتدائية الأولى بالمنصورة,حكومي,المرحلة الإبتدائية,بنات
1446,2025,الرياض,23538,الابتدائية الأولى بالمنصورة,حكومي,رياض الأطفال,بنات
1446,2025,الرياض,23540,الابتدائية الأولى بمحامة بن زريبة,حكومي,المرحلة الإبتدائية,بنات
1446,2025,الرياض,23542,الابتدائية الأولى بمنيفة,حكومي,المرحلة الإبتدائية,بنات
1446,2025,الرياض,23542,الابتدائية الأولى بمنيفة,حكومي,المرحلة الثانوية,بنات
1446,2025,الرياض,23542,الابتدائية الأولى بمنيفة,حكومي,المرحلة المتوسطة,بنات
1446,2025,الرياض,23542,الابتدائية الأولى بمنيفة,حكومي,رياض الأطفال,بنات
1446,2025,الرياض,23544,الابتدائية الأولى بالعسيبي,حكومي,المرحلة الإبتدائية,بنات
1446,2025,الرياض,23544,الابتدائية الأولى بالعسيبي,حكومي,رياض الأطفال,بنات
1446,2025,الرياض,23546,الابتدائية السابعة بعفيف,حكومي,المرحلة الإبتدائية,بنات
1446,2025,الرياض,23546,الابتدائية السابعة بعفيف,حكومي,رياض الأطفال,بنات
1446,2025,الرياض,23555,الابتدائية الأولى بالهرانية,حكومي,المرحلة الإبتدائية,بنات
1446,2025,الرياض,23558,الابتدائية الأولى بحصينة,حكومي,المرحلة الإبتدائية,بنات
1446,2025,الرياض,23566,الابتدائية الثامنة بعفيف,حكومي,المرحلة الإبتدائية,بنات
1446,2025,الرياض,23566,الابتدائية الثامنة بعفيف,حكومي,رياض الأطفال,بنات
1446,2025,الرياض,23567,الابتدائية الأولى بتنيبيكة,حكومي,المرحلة الإبتدائية,بنات
1446,2025,الرياض,23567,الابتدائية الأولى بتنيبيكة,حكومي,رياض الأطفال,بنات
1446,2025,الرياض,23580,الابتدائية الأولى بفيضة نومان,حكومي,المرحلة الإبتدائية,بنات
1446,2025,الرياض,23580,الابتدائية الأولى بفيضة نومان,حكومي,المرحلة الثانوية,بنات
1446,2025,الرياض,23580,الابتدائية الأولى بفيضة نومان,حكومي,المرحلة المتوسطة,بنات
1446,2025,الرياض,23580,الابتدائية الأولى بفيضة نومان,حكومي,رياض الأطفال,بنات
1446,2025,الرياض,23581,الابتدائية التاسعة بعفيف,حكومي,المرحلة الإبتدائية,بنات
1446,2025,الرياض,23581,الابتدائية التاسعة بعفيف,حكومي,رياض الأطفال,بنات
1446,2025,الرياض,23587,المتوسطه الثانيه بعفيف,حكومي,المرحلة المتوسطة,بنات
1446,2025,الرياض,23588,المتوسطة الاولى بعفيف,حكومي,المرحلة المتوسطة,بنات
1446,2025,الرياض,23593,المتوسطة الأولى بام أرطاء,حكومي,المرحلة الثانوية,بنات
1446,2025,الرياض,23593,المتوسطة الأولى بام أرطاء,حكومي,المرحلة المتوسطة,بنات
1446,2025,الرياض,23601,المتوسطة الأولى بأبو عشرة,حكومي,المرحلة الثانوية,بنات
1446,2025,الرياض,23601,المتوسطة الأولى بأبو عشرة,حكومي,المرحلة المتوسطة,بنات
1446,2025,الرياض,23604,المتوسطة الثالثة بعفيف,حكومي,المرحلة المتوسطة,بنات
1446,2025,الرياض,23609,المتوسطة الأولى بالمنصورة,حكومي,المرحلة الثانوية,بنات
1446,2025,الرياض,23609,المتوسطة الأولى بالمنصورة,حكومي,المرحلة المتوسطة,بنات
1446,2025,الرياض,23611,المتوسطة الأولى بالغرابة,حكومي,المرحلة الثانوية,بنات
1446,2025,الرياض,23611,المتوسطة الأولى بالغرابة,حكومي,المرحلة المتوسطة,بنات
1446,2025,الرياض,23612,المتوسطة الأولى بصوية,حكومي,المرحلة الثانوية,بنات
1446,2025,الرياض,23612,المتوسطة الأولى بصوية,حكومي,المرحلة المتوسطة,بنات
1446,2025,الرياض,23615,المتوسطة الرابعة بعفيف,حكومي,المرحلة المتوسطة,بنات
1446,2025,الرياض,23690,الابتدائية الأولى بالغصابية,حكومي,المرحلة الإبتدائية,بنات
1446,2025,الرياض,23702,المتوسطة الخامسة بعفيف,حكومي,المرحلة المتوسطة,بنات
1446,2025,الرياض,23707,الابتدائية العاشرة بعفيف,حكومي,المرحلة الإبتدائية,بنات
1446,2025,الرياض,23707,الابتدائية العاشرة بعفيف,حكومي,رياض الأطفال,بنات
1446,2025,الرياض,23725,الروضة الثالثة بعفيف,حكومي,رياض الأطفال,بنات
1446,2025,الرياض,23751,الروضة السابعة بعفيف,حكومي,رياض الأطفال,بنات
1446,2025,الرياض,23752,الروضة الثامنة بعفيف,حكومي,رياض الأطفال,بنات
1446,2025,الرياض,23764,الابتدائية الأولى بالمصيفقية,حكومي,المرحلة الإبتدائية,بنات
1446,2025,الرياض,23764,الابتدائية الأولى بالمصيفقية,حكومي,رياض الأطفال,بنات
1446,2025,الرياض,24101,ابتدائية طارق بن زياد,حكومي,المرحلة الإبتدائية,بنين
1446,2025,الرياض,24102,ابتدائية الإمام أبي حنيفة,حكومي,المرحلة الإبتدائية,بنين
1446,2025,الرياض,24104,ابتدائية بلال بن رباح,حكومي,المرحلة الإبتدائية,بنين
1446,2025,الرياض,24105,ابتدائية الإمام الشافعي,حكومي,المرحلة الإبتدائية,بنين
1446,2025,الرياض,24106,ابتدائية سلمان الفارسي,حكومي,المرحلة الإبتدائية,بنين
1446,2025,الرياض,24107,ابتدائية خالد بن الوليد,حكومي,المرحلة الإبتدائية,بنين
1446,2025,الرياض,24108,ابتدائية موسى بن نصير,حكومي,المرحلة الإبتدائية,بنين
1446,2025,الرياض,24109,ابتدائية العقيق,حكومي,المرحلة الإبتدائية,بنين
1446,2025,الرياض,24110,ابتدائية الشيخ محمد بن عبدالوهاب,حكومي,المرحلة الإبتدائية,بنين
1446,2025,الرياض,24111,ابتدائية ابن القيم,حكومي,المرحلة الإبتدائية,بنين
1446,2025,الرياض,24112,ابتدائية الأندلس,حكومي,المرحلة الإبتدائية,بنين
1446,2025,الرياض,24113,ابتدائية الملك سعود,حكومي,المرحلة الإبتدائية,بنين
1446,2025,الرياض,24113,ابتدائية الملك سعود,حكومي,المرحلة المتوسطة,بنين
1446,2025,الرياض,24114,ابتدائية الزويراء,حكومي,المرحلة الإبتدائية,بنين
1446,2025,الرياض,24116,ابتدائية أبو بكر الصديق,حكومي,المرحلة الإبتدائية,بنين
1446,2025,الرياض,24117,ابتدائية سعد بن أبى وقاص,حكومي,المرحلة الإبتدائية,بنين
1446,2025,الرياض,24118,ابتدائية عمر بن الخطاب,حكومي,المرحلة الإبتدائية,بنين
1446,2025,الرياض,24120,ابتدائية زيد بن حارثة,حكومي,المرحلة الإبتدائية,بنين
1446,2025,الرياض,24122,ابتدائية معاذ بن جبل,حكومي,المرحلة الإبتدائية,بنين
1446,2025,الرياض,24124,ابتدائية الشرافا,حكومي,المرحلة الإبتدائية,بنين
1446,2025,الرياض,24125,ابتدائية الصالحية,حكومي,المرحلة الإبتدائية,بنين
1446,2025,الرياض,24126,ابتدائية الإمام مالك,حكومي,المرحلة الإبتدائية,بنين
1446,2025,الرياض,24126,ابتدائية الإمام مالك,حكومي,المرحلة المتوسطة,بنين
1446,2025,الرياض,24129,ابتدائية القادسية,حكومي,المرحلة الإبتدائية,بنين
1446,2025,الرياض,24130,ابتدائية القويز,حكومي,المرحلة الإبتدائية,بنين
1446,2025,الرياض,24130,ابتدائية القويز,حكومي,المرحلة المتوسطة,بنين
1446,2025,الرياض,24132,ابتدائية علي بن أبى طالب,حكومي,المرحلة الإبتدائية,بنين
1446,2025,الرياض,24133,ابتدائية الملك فيصل,حكومي,المرحلة الإبتدائية,بنين
1446,2025,الرياض,24136,ابتدائية المعتلى,حكومي,المرحلة الإبتدائية,بنين
1446,2025,الرياض,24137,ابتدائية عمار بن ياسر,حكومي,المرحلة الإبتدائية,بنين
1446,2025,الرياض,24137,ابتدائية عمار بن ياسر,حكومي,المرحلة الثانوية,بنين
1446,2025,الرياض,24137,ابتدائية عمار بن ياسر,حكومي,المرحلة المتوسطة,بنين
1446,2025,الرياض,24138,ابتدائية الملك عبدالعزيز,حكومي,المرحلة الإبتدائية,بنين
1446,2025,الرياض,24139,ابتدائية النويعمة,حكومي,المرحلة الإبتدائية,بنين
1446,2025,الرياض,24140,ابتدائية الولامين,حكومي,المرحلة الإبتدائية,بنين
1446,2025,الرياض,24145,ابتدائية تمرة,حكومي,المرحلة الإبتدائية,بنين
1446,2025,الرياض,24148,ابتدائية خيران,حكومي,المرحلة الإبتدائية,بنين
1446,2025,الرياض,24151,ابتدائية كمدة,حكومي,المرحلة الإبتدائية,بنين
1446,2025,الرياض,24152,ابتدائية الإمام أحمد بن حنبل,حكومي,المرحلة الإبتدائية,بنين
1446,2025,الرياض,24153,ابتدائية نزوى,حكومي,المرحلة الإبتدائية,بنين
1446,2025,الرياض,24154,ابتدائية الخماسين لتحفيظ القرآن الكريم,حكومي,المرحلة الإبتدائية,بنين
1446,2025,الرياض,24155,ابتدائية السليل لتحفيظ القرآن الكريم,حكومي,المرحلة الإبتدائية,بنين
1446,2025,الرياض,24156,ابتدائية النويعمه لتحفيظ القرآن الكريم,حكومي,المرحلة الإبتدائية,بنين
1446,2025,الرياض,24156,ابتدائية النويعمه لتحفيظ القرآن الكريم,حكومي,المرحلة المتوسطة,بنين
1446,2025,الرياض,24158,متوسطة سلمان الفارسي,حكومي,المرحلة المتوسطة,بنين
1446,2025,الرياض,24159,متوسطة الخماسين,حكومي,المرحلة المتوسطة,بنين
1446,2025,الرياض,24160,متوسطة السليل,حكومي,المرحلة المتوسطة,بنين
1446,2025,الرياض,24161,متوسطة حطين,حكومي,المرحلة المتوسطة,بنين
1446,2025,الرياض,24162,متوسطة ابن تيمية,حكومي,المرحلة المتوسطة,بنين
1446,2025,الرياض,24164,متوسطة الشرافا,حكومي,المرحلة المتوسطة,بنين
1446,2025,الرياض,24165,متوسطة زيد بن حارثة,حكومي,المرحلة الثانوية,بنين
1446,2025,الرياض,24165,متوسطة زيد بن حارثة,حكومي,المرحلة المتوسطة,بنين
1446,2025,الرياض,24166,متوسطة الصالحية,حكومي,المرحلة المتوسطة,بنين
1446,2025,الرياض,24167,متوسطة الفرعة,حكومي,المرحلة الإبتدائية,بنين
1446,2025,الرياض,24167,متوسطة الفرعة,حكومي,المرحلة المتوسطة,بنين
1446,2025,الرياض,24170,متوسطة مجمع الملك فيصل التعليمي,حكومي,المرحلة المتوسطة,بنين
1446,2025,الرياض,24171,متوسطة المعتلى,حكومي,المرحلة المتوسطة,بنين
1446,2025,الرياض,24173,متوسطة النويعمة,حكومي,المرحلة المتوسطة,بنين
1446,2025,الرياض,24174,متوسطة الولامين,حكومي,المرحلة المتوسطة,بنين
1446,2025,الرياض,24175,متوسطة الشيخ عبدالعزيز بن باز,حكومي,المرحلة المتوسطة,بنين
1446,2025,الرياض,24176,متوسطة خيران,حكومي,المرحلة المتوسطة,بنين
1446,2025,الرياض,24177,متوسطة كمدة,حكومي,المرحلة المتوسطة,بنين
1446,2025,الرياض,24191,ابتدائية الزبير بن العوام,حكومي,المرحلة الإبتدائية,بنين
1446,2025,الرياض,24191,ابتدائية الزبير بن العوام,حكومي,المرحلة المتوسطة,بنين
1446,2025,الرياض,24202,ابتدائية الابناء بوادي الدواسر,حكومي,المرحلة الإبتدائية,بنين
1446,2025,الرياض,24203,ابتدائية الأبناء بالسليل,حكومي,المرحلة الإبتدائية,بنين
1446,2025,الرياض,24204,متوسطة  الأبناء بوادي الدواسر,حكومي,المرحلة الثانوية,بنين
1446,2025,الرياض,24204,متوسطة  الأبناء بوادي الدواسر,حكومي,المرحلة المتوسطة,بنين
1446,2025,الرياض,24207,متوسطة طارق بن زياد,حكومي,المرحلة الثانوية,بنين
1446,2025,الرياض,24207,متوسطة طارق بن زياد,حكومي,المرحلة المتوسطة,بنين
1446,2025,الرياض,24217,متوسطة الأبناء بالسليل,حكومي,المرحلة الثانوية,بنين
1446,2025,الرياض,24217,متوسطة الأبناء بالسليل,حكومي,المرحلة المتوسطة,بنين
1446,2025,الرياض,24226,ابتدائية الإمام مسلم,حكومي,المرحلة الإبتدائية,بنين
1446,2025,الرياض,24227,متوسطة القدس,حكومي,المرحلة المتوسطة,بنين
1446,2025,الرياض,24229,متوسطة الإمام أحمد بن حنبل,حكومي,المرحلة المتوسطة,بنين
1446,2025,الرياض,24231,ابتدائية تمرة لتحفيظ القرآن الكريم,حكومي,المرحلة الإبتدائية,بنين
1446,2025,الرياض,24234,ابتدائية الإمام الترمذي,حكومي,المرحلة الإبتدائية,بنين
1446,2025,الرياض,24242,ابتدائية أبوهريرة,حكومي,المرحلة الإبتدائية,بنين
1446,2025,الرياض,24251,ابتدائية قرطبة,حكومي,المرحلة الإبتدائية,بنين
1446,2025,الرياض,24254,متوسطة الأقصى,حكومي,المرحلة المتوسطة,بنين
1446,2025,الرياض,24260,ابتدائية الأندلس لتحفيظ القرآن الكريم,حكومي,المرحلة الإبتدائية,بنين
1446,2025,الرياض,24263,ابتدائية طويق,حكومي,المرحلة الإبتدائية,بنين
1446,2025,الرياض,24264,ابتدائية مجمع الأمير سلطان التعليمي,حكومي,المرحلة الإبتدائية,بنين
1446,2025,الرياض,24265,متوسطة مجمع الأمير سلطان التعليمي,حكومي,المرحلة المتوسطة,بنين
1446,2025,الرياض,24268,ابتدائية الحسن البصري,حكومي,المرحلة الإبتدائية,بنين
1446,2025,الرياض,24268,ابتدائية الحسن البصري,حكومي,المرحلة المتوسطة,بنين
1446,2025,الرياض,24368,ابتدائية ابن كثير لتحفيظ القرآن الكريم,حكومي,المرحلة الإبتدائية,بنين
1446,2025,الرياض,24379,ابتدائية عامر بن الجراح,حكومي,المرحلة الإبتدائية,بنين
1446,2025,الرياض,24388,ابتدائية حمزة بن عبدالمطلب,حكومي,المرحلة الإبتدائية,بنين
1446,2025,الرياض,24501,روضة الخماسين الأولى,حكومي,رياض الأطفال,بنات
1446,2025,الرياض,24505,روضة النويعمة الاولى,حكومي,رياض الأطفال,بنات
1446,2025,الرياض,24507,روضة الولامين الاولى,حكومي,رياض الأطفال,بنات
1446,2025,الرياض,24508,روضة الشفاء الأولى,حكومي,رياض الأطفال,بنات
1446,2025,الرياض,24510,روضة الخماسين الثانية,حكومي,رياض الأطفال,بنات
1446,2025,الرياض,24511,مدرسة آل قرنين الابتدائية,حكومي,المرحلة الإبتدائية,بنات
1446,2025,الرياض,24511,مدرسة آل قرنين الابتدائية,حكومي,رياض الأطفال,بنات
1446,2025,الرياض,24512,مدرسة السواده الابتدائية,حكومي,المرحلة الإبتدائية,بنات
1446,2025,الرياض,24513,مدرسة الرقة الشمالية الإبتدائية للطفولة المبكرة,حكومي,المرحلة الإبتدائية,بنات
1446,2025,الرياض,24513,مدرسة الرقة الشمالية الإبتدائية للطفولة المبكرة,حكومي,رياض الأطفال,بنات
1446,2025,الرياض,24514,مدرسة السليل الثالثة الإبتدائية,حكومي,المرحلة الإبتدائية,بنات
1446,2025,الرياض,24515,مدرسة ابتدائية تحفيظ الخماسين,حكومي,المرحلة الإبتدائية,بنات
1446,2025,الرياض,24516,مدرسة الخماسين الاولى الابتدائية,حكومي,المرحلة الإبتدائية,بنات
1446,2025,الرياض,24517,مدرسة الخماسين الثانية الابتدائية,حكومي,المرحلة الإبتدائية,بنات
1446,2025,الرياض,24518,مدرسة الخماسين الثالثة الابتدائية,حكومي,المرحلة الإبتدائية,بنات
1446,2025,الرياض,24519,مدرسة الولامين الاولى الابتدائية,حكومي,المرحلة الإبتدائية,بنات
1446,2025,الرياض,24520,مدرسة الفرعة الأولى الابتدائية للطفولة المبكرة,حكومي,المرحلة الإبتدائية,بنات
1446,2025,الرياض,24520,مدرسة الفرعة الأولى الابتدائية للطفولة المبكرة,حكومي,رياض الأطفال,بنات
1446,2025,الرياض,24521,مدرسةالفرعة الثانية الابتدائية,حكومي,المرحلة الإبتدائية,بنات
1446,2025,الرياض,24521,مدرسةالفرعة الثانية الابتدائية,حكومي,رياض الأطفال,بنات
1446,2025,الرياض,24522,مدرسة الفرعة الثالثة الابتدائية,حكومي,المرحلة الإبتدائية,بنات
1446,2025,الرياض,24522,مدرسة الفرعة الثالثة الابتدائية,حكومي,رياض الأطفال,بنات
1446,2025,الرياض,24523,مدرسة اللدام الأولى الابتدائية للطفولة المبكرة,حكومي,المرحلة الإبتدائية,بنات
1446,2025,الرياض,24523,مدرسة اللدام الأولى الابتدائية للطفولة المبكرة,حكومي,رياض الأطفال,بنات
1446,2025,الرياض,24524,مدرسةاللدام الثانية الابتدائية,حكومي,المرحلة الإبتدائية,بنات
1446,2025,الرياض,24525,مدرسة اللدام الثالثة الابتدائية,حكومي,المرحلة الإبتدائية,بنات
1446,2025,الرياض,24526,مدرسة المعتلا الابتدائية,حكومي,المرحلة الإبتدائية,بنات
1446,2025,الرياض,24527,مدرسة مقابل الابتدائية للطفولة المبكرة,حكومي,المرحلة الإبتدائية,بنات
1446,2025,الرياض,24527,مدرسة مقابل الابتدائية للطفولة المبكرة,حكومي,رياض الأطفال,بنات
1446,2025,الرياض,24528,مدرسة الصالحية الابتدائية,حكومي,المرحلة الإبتدائية,بنات
1446,2025,الرياض,24529,مدرسة القويز الابتدائية,حكومي,المرحلة الإبتدائية,بنات
1446,2025,الرياض,24530,مدرسة نزوى الابتدائية,حكومي,المرحلة الإبتدائية,بنات
1446,2025,الرياض,24530,مدرسة نزوى الابتدائية,حكومي,المرحلة المتوسطة,بنات
1446,2025,الرياض,24530,مدرسة نزوى الابتدائية,حكومي,رياض الأطفال,بنات
1446,2025,الرياض,24531,مدرسة الزويراء الأولى الابتدائية,حكومي,المرحلة الإبتدائية,بنات
1446,2025,الرياض,24531,مدرسة الزويراء الأولى الابتدائية,حكومي,رياض الأطفال,بنات
1446,2025,الرياض,24532,مدرسة النويعمة الاولى الابتدائية,حكومي,المرحلة الإبتدائية,بنات
1446,2025,الرياض,24533,مدرسة النويعمة الثانية الابتدائية,حكومي,المرحلة الإبتدائية,بنات
1446,2025,الرياض,24534,مدرسة الشرافاء الاولى  الابتدائية,حكومي,المرحلة الإبتدائية,بنات
1446,2025,الرياض,24534,مدرسة الشرافاء الاولى  الابتدائية,حكومي,المرحلة الثانوية,بنات
1446,2025,الرياض,24534,مدرسة الشرافاء الاولى  الابتدائية,حكومي,المرحلة المتوسطة,بنات
1446,2025,الرياض,24535,مدرسة كمدة الابتدائية للطفولة المبكرة,حكومي,المرحلة الإبتدائية,بنات
1446,2025,الرياض,24535,مدرسة كمدة الابتدائية للطفولة المبكرة,حكومي,رياض الأطفال,بنات
1446,2025,الرياض,24536,مدرسة المصارير الابتدائية للطفولة المبكرة,حكومي,المرحلة الإبتدائية,بنات
1446,2025,الرياض,24536,مدرسة المصارير الابتدائية للطفولة المبكرة,حكومي,رياض الأطفال,بنات
1446,2025,الرياض,24537,مدرسة السليل الأولى الإبتدائية,حكومي,المرحلة الإبتدائية,بنات
1446,2025,الرياض,24539,مدرسة آل سويلم الإبتدائية,حكومي,المرحلة الإبتدائية,بنات
1446,2025,الرياض,24539,مدرسة آل سويلم الإبتدائية,حكومي,المرحلة المتوسطة,بنات
1446,2025,الرياض,24540,مدرسة آل حجي الإبتدائية للطفولة المبكرة,حكومي,المرحلة الإبتدائية,بنات
1446,2025,الرياض,24540,مدرسة آل حجي الإبتدائية للطفولة المبكرة,حكومي,رياض الأطفال,بنات
1446,2025,الرياض,24541,مدرسة آل ضويان الإبتدائية,حكومي,المرحلة الإبتدائية,بنات
1446,2025,الرياض,24541,مدرسة آل ضويان الإبتدائية,حكومي,المرحلة الثانوية,بنات
1446,2025,الرياض,24541,مدرسة آل ضويان الإبتدائية,حكومي,المرحلة المتوسطة,بنات
1446,2025,الرياض,24542,مدرسة تمرة الإبتدائية,حكومي,المرحلة الإبتدائية,بنات
1446,2025,الرياض,24543,مدرسة خيران الإبتدائية,حكومي,المرحلة الإبتدائية,بنات
1446,2025,الرياض,24543,مدرسة خيران الإبتدائية,حكومي,المرحلة المتوسطة,بنات
1446,2025,الرياض,24543,مدرسة خيران الإبتدائية,حكومي,رياض الأطفال,بنات
1446,2025,الرياض,24544,مدرسة الجماعين الإبتدائية,حكومي,المرحلة الإبتدائية,بنات
1446,2025,الرياض,24545,مدرسة أم السرح الإبتدائية,حكومي,المرحلة الإبتدائية,بنات
1446,2025,الرياض,24545,مدرسة أم السرح الإبتدائية,حكومي,المرحلة المتوسطة,بنات
1446,2025,الرياض,24545,مدرسة أم السرح الإبتدائية,حكومي,رياض الأطفال,بنات
1446,2025,الرياض,24546,مدرسة آل خليف الابتدائية,حكومي,المرحلة الإبتدائية,بنات
1446,2025,الرياض,24546,مدرسة آل خليف الابتدائية,حكومي,المرحلة المتوسطة,بنات
1446,2025,الرياض,24546,مدرسة آل خليف الابتدائية,حكومي,رياض الأطفال,بنات
1446,2025,الرياض,24547,مدرسة اللدام الرابعة الابتدائية للطفولة المبكرة,حكومي,المرحلة الإبتدائية,بنات
1446,2025,الرياض,24547,مدرسة اللدام الرابعة الابتدائية للطفولة المبكرة,حكومي,المرحلة المتوسطة,بنات
1446,2025,الرياض,24547,مدرسة اللدام الرابعة الابتدائية للطفولة المبكرة,حكومي,رياض الأطفال,بنات
1446,2025,الرياض,24548,مدرسة الخماسين الرابعة الابتدائية للطفولة المبكرة,حكومي,المرحلة الإبتدائية,بنات
1446,2025,الرياض,24548,مدرسة الخماسين الرابعة الابتدائية للطفولة المبكرة,حكومي,رياض الأطفال,بنات
1446,2025,الرياض,24549,مدرسة حزوم تمرة الإبتدائية للطفولة المبكرة,حكومي,المرحلة الإبتدائية,بنات
1446,2025,الرياض,24549,مدرسة حزوم تمرة الإبتدائية للطفولة المبكرة,حكومي,المرحلة المتوسطة,بنات
1446,2025,الرياض,24549,مدرسة حزوم تمرة الإبتدائية للطفولة المبكرة,حكومي,رياض الأطفال,بنات
1446,2025,الرياض,24550,مدرسة السليل الرابعة الإبتدائية,حكومي,المرحلة الإبتدائية,بنات
1446,2025,الرياض,24551,مدرسة ابتدائية تحفيظ القران الأولى بالسليل,حكومي,المرحلة الإبتدائية,بنات
1446,2025,الرياض,24552,مدرسة آل غبيش الابتدائية,حكومي,المرحلة الإبتدائية,بنات
1446,2025,الرياض,24552,مدرسة آل غبيش الابتدائية,حكومي,المرحلة المتوسطة,بنات
1446,2025,الرياض,24552,مدرسة آل غبيش الابتدائية,حكومي,رياض الأطفال,بنات
1446,2025,الرياض,24553,مدرسة حفصة بنت عمر بن الخطاب الابتدائية للطفولة المبكرة,حكومي,المرحلة الإبتدائية,بنات
1446,2025,الرياض,24553,مدرسة حفصة بنت عمر بن الخطاب الابتدائية للطفولة المبكرة,حكومي,رياض الأطفال,بنات
1446,2025,الرياض,24554,مدرسة الخالدية الإبتدائية,حكومي,المرحلة الإبتدائية,بنات
1446,2025,الرياض,24555,مدرسة ابتدائية تحفيظ النويعمة,حكومي,المرحلة الإبتدائية,بنات
1446,2025,الرياض,24555,مدرسة ابتدائية تحفيظ النويعمة,حكومي,المرحلة المتوسطة,بنات
1446,2025,الرياض,24556,مدرسة الشرافاء الثانية الابتدائية للطفولة المبكرة,حكومي,المرحلة الإبتدائية,بنات
1446,2025,الرياض,24556,مدرسة الشرافاء الثانية الابتدائية للطفولة المبكرة,حكومي,رياض الأطفال,بنات
1446,2025,الرياض,24558,مدرسة النميص الابتدائية,حكومي,المرحلة الإبتدائية,بنات
1446,2025,الرياض,24560,مدرسة الفرعة الرابعة الابتدائية للطفولة المبكرة,حكومي,المرحلة الإبتدائية,بنات
1446,2025,الرياض,24560,مدرسة الفرعة الرابعة الابتدائية للطفولة المبكرة,حكومي,رياض الأطفال,بنات
1446,2025,الرياض,24561,مدرسة الرويساء الابتدائية للطفولة المبكرة,حكومي,المرحلة الإبتدائية,بنات
1446,2025,الرياض,24561,مدرسة الرويساء الابتدائية للطفولة المبكرة,حكومي,رياض الأطفال,بنات
1446,2025,الرياض,24563,مدرسة ابتدائية تحفيظ تمرة,حكومي,المرحلة الإبتدائية,بنات
1446,2025,الرياض,24565,مدرسة الولامين الثانية الابتدائية للطفولة المبكرة,حكومي,المرحلة الإبتدائية,بنات
1446,2025,الرياض,24565,مدرسة الولامين الثانية الابتدائية للطفولة المبكرة,حكومي,رياض الأطفال,بنات
1446,2025,الرياض,24566,مدرسة ابتدائية تحفيظ القرآن الثانية بالسليل,حكومي,المرحلة الإبتدائية,بنات
1446,2025,الرياض,24568,مدرسة ابتدائية تحفيظ المعتلا للطفولة المبكرة,حكومي,المرحلة الإبتدائية,بنات
1446,2025,الرياض,24571,مدرسة  الخماسين الاولى المتوسطة,حكومي,المرحلة المتوسطة,بنات
1446,2025,الرياض,24572,مدرسة الولامين الاولى المتوسطة,حكومي,المرحلة المتوسطة,بنات
1446,2025,الرياض,24573,مدرسة اللدام الأولى المتوسطة,حكومي,المرحلة المتوسطة,بنات
1446,2025,الرياض,24574,مدرسة النويعمة المتوسطة,حكومي,المرحلة المتوسطة,بنات
1446,2025,الرياض,24576,مدرسة السليل الأولى المتوسطة,حكومي,المرحلة المتوسطة,بنات
1446,2025,الرياض,24577,مدرسة السليل الثانية المتوسطة,حكومي,المرحلة الثانوية,بنات
1446,2025,الرياض,24577,مدرسة السليل الثانية المتوسطة,حكومي,المرحلة المتوسطة,بنات
1446,2025,الرياض,24581,مدرسة كمدة المتوسطة,حكومي,المرحلة الثانوية,بنات
1446,2025,الرياض,24581,مدرسة كمدة المتوسطة,حكومي,المرحلة المتوسطة,بنات
1446,2025,الرياض,24582,مدرسة  القويز المتوسطة,حكومي,المرحلة الثانوية,بنات
1446,2025,الرياض,24582,مدرسة  القويز المتوسطة,حكومي,المرحلة المتوسطة,بنات
1446,2025,الرياض,24584,مدرسة الخماسين الثانية المتوسطة,حكومي,المرحلة المتوسطة,بنات
1446,2025,الرياض,24585,مدرسة  المعتلا المتوسطة,حكومي,المرحلة المتوسطة,بنات
1446,2025,الرياض,24586,مدرسة المصارير المتوسطة,حكومي,المرحلة الثانوية,بنات
1446,2025,الرياض,24586,مدرسة المصارير المتوسطة,حكومي,المرحلة المتوسطة,بنات
1446,2025,الرياض,24587,مدرسة الفرعة الأولى المتوسطة,حكومي,المرحلة المتوسطة,بنات
1446,2025,الرياض,24588,مدرسة اللدام الثانية المتوسطة,حكومي,المرحلة المتوسطة,بنات
1446,2025,الرياض,24643,مدرسة السليل الثانية الإبتدائية,حكومي,المرحلة الإبتدائية,بنات
1446,2025,الرياض,24652,مدرسة الابناء الإبتدائية بالسليل للبنات,حكومي,المرحلة الإبتدائية,بنات
1446,2025,الرياض,24653,مدرسةالابناء الابتدائية بوادي الدواسر,حكومي,المرحلة الإبتدائية,بنات
1446,2025,الرياض,24653,مدرسةالابناء الابتدائية بوادي الدواسر,حكومي,المرحلة الثانوية,بنات
1446,2025,الرياض,24653,مدرسةالابناء الابتدائية بوادي الدواسر,حكومي,المرحلة المتوسطة,بنات
1446,2025,الرياض,24654,مدرسة الأبناء المتوسطة للبنات بالسليل,حكومي,المرحلة الثانوية,بنات
1446,2025,الرياض,24654,مدرسة الأبناء المتوسطة للبنات بالسليل,حكومي,المرحلة المتوسطة,بنات
1446,2025,الرياض,24660,مدرسة  النخيل الابتدائية,حكومي,المرحلة الإبتدائية,بنات
1446,2025,الرياض,24666,مدرسة ام سلمة بنت ابي امية الابتدائية للطفولة المبكرة,حكومي,المرحلة الإبتدائية,بنات
1446,2025,الرياض,24666,مدرسة ام سلمة بنت ابي امية الابتدائية للطفولة المبكرة,حكومي,رياض الأطفال,بنات
1446,2025,الرياض,24667,مدرسة مقابل المتوسطة,حكومي,المرحلة المتوسطة,بنات
1446,2025,الرياض,24691,مدرسة العسيلة الابتدائية,حكومي,المرحلة الإبتدائية,بنات
1446,2025,الرياض,24691,مدرسة العسيلة الابتدائية,حكومي,المرحلة المتوسطة,بنات
1446,2025,الرياض,24693,مدرسة الفيصلية الابتدائية,حكومي,المرحلة الإبتدائية,بنات
1446,2025,الرياض,24693,مدرسة الفيصلية الابتدائية,حكومي,المرحلة المتوسطة,بنات
1446,2025,الرياض,24700,روضة اللدام الاولى,حكومي,رياض الأطفال,بنات
1446,2025,الرياض,24705,روضةالمعتلا الاولى,حكومي,رياض الأطفال,بنات
1446,2025,الرياض,24706,روضة القويزالاولى,حكومي,رياض الأطفال,بنات
1446,2025,الرياض,24707,روضة الصالحية الاولى,حكومي,رياض الأطفال,بنات
1446,2025,الرياض,24708,روضة نزوى الاولى,حكومي,رياض الأطفال,بنات
1446,2025,الرياض,24713,روضة الشفاء الثانية,حكومي,رياض الأطفال,بنات
1446,2025,الرياض,24714,روضة الاطفال الثالثة في الروضة,حكومي,رياض الأطفال,بنات
1446,2025,الرياض,24719,مدرسة النويعمة الثالثة الابتدائية,حكومي,المرحلة الإبتدائية,بنات
1446,2025,الرياض,24719,مدرسة النويعمة الثالثة الابتدائية,حكومي,رياض الأطفال,بنات
1446,2025,الرياض,25101,ابتدائية اشيقر,حكومي,المرحلة الإبتدائية,بنين
1446,2025,الرياض,25105,ابتدائية الداهنة,حكومي,المرحلة الإبتدائية,بنين
1446,2025,الرياض,25107,ابتدائية القصب,حكومي,المرحلة الإبتدائية,بنين
1446,2025,الرياض,25109,ابتدائية الوقف,حكومي,المرحلة الإبتدائية,بنين
1446,2025,الرياض,25110,ابتدائية ثرمداء,حكومي,المرحلة الإبتدائية,بنين
1446,2025,الرياض,25112,ابتدائية ابن تيمية,حكومي,المرحلة الإبتدائية,بنين
1446,2025,الرياض,25113,ابتدائية ابي بكر الصديق,حكومي,المرحلة الإبتدائية,بنين
1446,2025,الرياض,25114,ابتدائية أحمد بن حنبل,حكومي,المرحلة الإبتدائية,بنين
1446,2025,الرياض,25117,ابتدائية على بن ابى طالب,حكومي,المرحلة الإبتدائية,بنين
1446,2025,الرياض,25118,ابتدائية غسلة بالقرائن,حكومي,المرحلة الإبتدائية,بنين
1446,2025,الرياض,25119,ابتدائية لبخة,حكومي,المرحلة الإبتدائية,بنين
1446,2025,الرياض,25120,ابتدائية عمار بن ياسر,حكومي,المرحلة الإبتدائية,بنين
1446,2025,الرياض,25121,ابتدائية خالد بن الوليد,حكومي,المرحلة الإبتدائية,بنين
1446,2025,الرياض,25125,ابتدائية الامام عاصم لتحفيظ القرأن الكريم,حكومي,المرحلة الإبتدائية,بنين
1446,2025,الرياض,25126,ابتدائية أبي بن كعب لتحفيظ القرآن,حكومي,المرحلة الإبتدائية,بنين
1446,2025,الرياض,25127,متوسطة أشيقر,حكومي,المرحلة الثانوية,بنين
1446,2025,الرياض,25127,متوسطة أشيقر,حكومي,المرحلة المتوسطة,بنين
1446,2025,الرياض,25130,متوسطة القصب,حكومي,المرحلة الثانوية,بنين
1446,2025,الرياض,25130,متوسطة القصب,حكومي,المرحلة المتوسطة,بنين
1446,2025,الرياض,25131,متوسطة الوقف,حكومي,المرحلة المتوسطة,بنين
1446,2025,الرياض,25132,متوسطة ثرمداء,حكومي,المرحلة الثانوية,بنين
1446,2025,الرياض,25132,متوسطة ثرمداء,حكومي,المرحلة المتوسطة,بنين
1446,2025,الرياض,25134,متوسطة بدر,حكومي,المرحلة المتوسطة,بنين
1446,2025,الرياض,25135,متوسطة اليرموك,حكومي,المرحلة المتوسطة,بنين
1446,2025,الرياض,25136,متوسطة لبخة,حكومي,المرحلة الثانوية,بنين
1446,2025,الرياض,25136,متوسطة لبخة,حكومي,المرحلة المتوسطة,بنين
1446,2025,الرياض,25137,متوسطة مرات,حكومي,المرحلة المتوسطة,بنين
1446,2025,الرياض,25153,ابتدائية عمر بن عبدالعزيز لتعليم الكبار ( تعليم شقراء ) .,حكومي,المرحلة الثانوية,بنين
1446,2025,الرياض,25205,ابتدائية عثمان بن عفان,حكومي,المرحلة الإبتدائية,بنين
1446,2025,الرياض,25502,الروضة الأولى بمرات,حكومي,رياض الأطفال,بنات
1446,2025,الرياض,25503,روضة القصب,حكومي,رياض الأطفال,بنات
1446,2025,الرياض,25506,الروضة الثانية بشقراء,حكومي,رياض الأطفال,بنات
1446,2025,الرياض,25507,روضة اشيقر,حكومي,رياض الأطفال,بنات
1446,2025,الرياض,25511,الابتدائية الحادية عشر بشقراء,حكومي,المرحلة الإبتدائية,بنات
1446,2025,الرياض,25512,الابتدائية السابعة بشقراء,حكومي,المرحلة الإبتدائية,بنات
1446,2025,الرياض,25513,الابتدائية الأولى بشقراء,حكومي,المرحلة الإبتدائية,بنات
1446,2025,الرياض,25514,الابتدائية الثانية بشقراء,حكومي,المرحلة الإبتدائية,بنات
1446,2025,الرياض,25514,الابتدائية الثانية بشقراء,حكومي,رياض الأطفال,بنات
1446,2025,الرياض,25515,الابتدائية الثالثة شقراء,حكومي,المرحلة الإبتدائية,بنات
1446,2025,الرياض,25516,الابتدائية الرابعة شقراء,حكومي,المرحلة الإبتدائية,بنات
1446,2025,الرياض,25517,الابتدائية الخامسة بشقراء,حكومي,المرحلة الإبتدائية,بنات
1446,2025,الرياض,25518,الابتدائية السادسة بشقراء,حكومي,المرحلة الإبتدائية,بنات
1446,2025,الرياض,25518,الابتدائية السادسة بشقراء,حكومي,رياض الأطفال,بنات
1446,2025,الرياض,25519,ابتدائية الوقف,حكومي,المرحلة الإبتدائية,بنات
1446,2025,الرياض,25520,ابتدائية غسلة,حكومي,المرحلة الإبتدائية,بنات
1446,2025,الرياض,25521,ابتدائية أشيقر,حكومي,المرحلة الإبتدائية,بنات
1446,2025,الرياض,25522,ابتدائية الداهنة,حكومي,المرحلة الإبتدائية,بنات
1446,2025,الرياض,25522,ابتدائية الداهنة,حكومي,رياض الأطفال,بنات
1446,2025,الرياض,25524,ابتدائية المشاش,حكومي,المرحلة الإبتدائية,بنات
1446,2025,الرياض,25525,الابتدائية الأولى بمرات,حكومي,المرحلة الإبتدائية,بنات
1446,2025,الرياض,25526,الابتدائية الثانية بمرات,حكومي,المرحلة الإبتدائية,بنات
1446,2025,الرياض,25527,ابتدائية ثرمداء,حكومي,المرحلة الإبتدائية,بنات
1446,2025,الرياض,25530,ابتدائية لبخة,حكومي,المرحلة الإبتدائية,بنات
1446,2025,الرياض,25531,ابتدائية القصب,حكومي,المرحلة الإبتدائية,بنات
1446,2025,الرياض,25532,ابتدائية تحفيظ القران الكريم بشقراء,حكومي,المرحلة الإبتدائية,بنات
1446,2025,الرياض,25533,الابتدائية الثالثة بمرات,حكومي,المرحلة الإبتدائية,بنات
1446,2025,الرياض,25534,الابتدائية العاشرة بشقراء,حكومي,المرحلة الإبتدائية,بنات
1446,2025,الرياض,25537,الابتدائية الثامنة بشقراء,حكومي,المرحلة الإبتدائية,بنات
1446,2025,الرياض,25539,ابتدائية تحفيظ القران الكريم بمرات,حكومي,المرحلة الإبتدائية,بنات
1446,2025,الرياض,25540,ابتدائية تحفيظ القران الكريم بالقصب,حكومي,المرحلة الإبتدائية,بنات
1446,2025,الرياض,25540,ابتدائية تحفيظ القران الكريم بالقصب,حكومي,المرحلة المتوسطة,بنات
1446,2025,الرياض,25541,الابتدائية التاسعة بشقراء,حكومي,المرحلة الإبتدائية,بنات
1446,2025,الرياض,25543,المتوسطة الأولى بشقراء,حكومي,المرحلة المتوسطة,بنات
1446,2025,الرياض,25544,المتوسطة الثانية بشقراء,حكومي,المرحلة المتوسطة,بنات
1446,2025,الرياض,25545,متوسطة أشيقر,حكومي,المرحلة الثانوية,بنات
1446,2025,الرياض,25545,متوسطة أشيقر,حكومي,المرحلة المتوسطة,بنات
1446,2025,الرياض,25546,متوسطة الداهنة,حكومي,المرحلة الثانوية,بنات
1446,2025,الرياض,25546,متوسطة الداهنة,حكومي,المرحلة المتوسطة,بنات
1446,2025,الرياض,25547,متوسطة مرات,حكومي,المرحلة المتوسطة,بنات
1446,2025,الرياض,25548,متوسطة ثرمداء,حكومي,المرحلة الثانوية,بنات
1446,2025,الرياض,25548,متوسطة ثرمداء,حكومي,المرحلة المتوسطة,بنات
1446,2025,الرياض,25549,متوسطة القصب,حكومي,المرحلة الثانوية,بنات
1446,2025,الرياض,25549,متوسطة القصب,حكومي,المرحلة المتوسطة,بنات
1446,2025,الرياض,25550,متوسطة لبخة,حكومي,المرحلة الثانوية,بنات
1446,2025,الرياض,25550,متوسطة لبخة,حكومي,المرحلة المتوسطة,بنات
1446,2025,الرياض,25553,المتوسطة الثالثة بشقراء,حكومي,المرحلة المتوسطة,بنات
1446,2025,الرياض,25554,المتوسطة الرابعة بشقراء,حكومي,المرحلة المتوسطة,بنات
1446,2025,الرياض,25583,روضة لبخة,حكومي,رياض الأطفال,بنات
1446,2025,الرياض,25585,الروضة الثانية بمرات,حكومي,رياض الأطفال,بنات
1446,2025,الرياض,25596,الروضة الرابعة بشقراء,حكومي,رياض الأطفال,بنات
1446,2025,الرياض,95003,الروضة الثالثة 3,حكومي,رياض الأطفال,بنات
1446,2025,الرياض,95004,الروضة الرابعة 4,حكومي,رياض الأطفال,بنات
1446,2025,الرياض,95005,الروضة الخامسة 5,حكومي,رياض الأطفال,بنات
1446,2025,الرياض,95007,الروضة السابعة 7,حكومي,المرحلة الإبتدائية,بنات
1446,2025,الرياض,95007,الروضة السابعة 7,حكومي,رياض الأطفال,بنات
1446,2025,الرياض,95008,الروضة الثامنة 8,حكومي,رياض الأطفال,بنات
1446,2025,الرياض,95009,الروضه التاسعة 9,حكومي,رياض الأطفال,بنات
1446,2025,الرياض,95011,الروضة الحادية عشرة 11,حكومي,رياض الأطفال,بنات
1446,2025,الرياض,95012,الروضة الثانية عشرة 12,حكومي,رياض الأطفال,بنات
1446,2025,الرياض,95013,الروضة الثالثة عشرة 13,حكومي,رياض الأطفال,بنات
1446,2025,الرياض,95014,الروضة الرابعة عشرة 14,حكومي,رياض الأطفال,بنات
1446,2025,الرياض,95015,روضة مركز تدريب معلمات رياض الأطفال,حكومي,رياض الأطفال,بنات
1446,2025,الرياض,95016,روضة قوات الأمن الخاصة,حكومي,رياض الأطفال,بنات
1446,2025,الرياض,95017,المتوسطة الثامنة عشرة لتحفيظ القرآن الكريم 18,حكومي,المرحلة المتوسطة,بنات
1446,2025,الرياض,95034,الروضة الواحد والأربعون 41,حكومي,رياض الأطفال,بنات
1446,2025,الرياض,95035,الروضة السادسة والعشرون 26,حكومي,رياض الأطفال,بنات
1446,2025,الرياض,95038,الروضة الرابعة والاربعون 44,حكومي,رياض الأطفال,بنات
1446,2025,الرياض,95040,الروضة الثانية والثلاثون 32,حكومي,رياض الأطفال,بنات
1446,2025,الرياض,95041,الروضة الثامنة والعشرون 28,حكومي,رياض الأطفال,بنات
1446,2025,الرياض,95042,الروضة الواحد والعشرون 21,حكومي,رياض الأطفال,بنات
1446,2025,الرياض,95043,الروضة الرابعة والثلاثون 34,حكومي,رياض الأطفال,بنات
1446,2025,الرياض,95044,الروضة الواحد والثلاثون 31,حكومي,رياض الأطفال,بنات
1446,2025,الرياض,95046,الروضة الثالثة والعشرون 23,حكومي,رياض الأطفال,بنات
1446,2025,الرياض,95049,الروضة الرابعة والعشرون 24,حكومي,رياض الأطفال,بنات
1446,2025,الرياض,95050,الروضة الثالثة والأربعون 43,حكومي,رياض الأطفال,بنات
1446,2025,الرياض,95051,الروضة الثانية والأربعون 42,حكومي,رياض الأطفال,بنات
1446,2025,الرياض,95053,الروضة التاسعة عشرة 19,حكومي,رياض الأطفال,بنات
1446,2025,الرياض,95054,الروضة الثلاثون 30,حكومي,رياض الأطفال,بنات
1446,2025,الرياض,95055,الروضة الأربعون 40,حكومي,رياض الأطفال,بنات
1446,2025,الرياض,95056,الروضة السادسة عشرة 16,حكومي,رياض الأطفال,بنات
1446,2025,الرياض,95057,الروضة الخامسة عشرة 15,حكومي,رياض الأطفال,بنات
1446,2025,الرياض,95060,الروضة السادسة والأربعون 46,حكومي,رياض الأطفال,بنات
1446,2025,الرياض,95063,الروضة الخمسون 50,حكومي,رياض الأطفال,بنات
1446,2025,الرياض,95067,روضة حريملاء,حكومي,رياض الأطفال,بنات
1446,2025,الرياض,95069,روضة رماح,حكومي,رياض الأطفال,بنات
1446,2025,الرياض,95070,روضة المزاحمية,حكومي,رياض الأطفال,بنات
1446,2025,الرياض,95072,الروضة الثامنة والثلاثون 38,حكومي,رياض الأطفال,بنات
1446,2025,الرياض,95073,الروضة الرابعة والخمسون 54,حكومي,رياض الأطفال,بنات
1446,2025,الرياض,95076,الروضة السابعة والثلاثون 37,حكومي,رياض الأطفال,بنات
1446,2025,الرياض,95077,الروضة السابعة والأربعون 47,حكومي,رياض الأطفال,بنات
1446,2025,الرياض,95083,الابتدائية الاولى 1,حكومي,المرحلة الإبتدائية,بنات
1446,2025,الرياض,95084,الابتدائية الثانية 2,حكومي,المرحلة الإبتدائية,بنات
1446,2025,الرياض,95084,الابتدائية الثانية 2,حكومي,رياض الأطفال,بنات
1446,2025,الرياض,95086,الابتدائية الرابعة 4,حكومي,المرحلة الإبتدائية,بنات
1446,2025,الرياض,95086,الابتدائية الرابعة 4,حكومي,رياض الأطفال,بنات
1446,2025,الرياض,95087,الابتدائية السادسة 6,حكومي,المرحلة الإبتدائية,بنات
1446,2025,الرياض,95090,الابتدائية التاسعة 9,حكومي,المرحلة الإبتدائية,بنات
1446,2025,الرياض,95092,الابتدائية الحادية عشرة 11,حكومي,المرحلة الإبتدائية,بنات
1446,2025,الرياض,95092,الابتدائية الحادية عشرة 11,حكومي,رياض الأطفال,بنات
1446,2025,الرياض,95093,الابتدائية الثانية عشرة 12,حكومي,المرحلة الإبتدائية,بنات
1446,2025,الرياض,95096,الابتدائية الخامسة عشرة 15,حكومي,المرحلة الإبتدائية,بنات
1446,2025,الرياض,95096,الابتدائية الخامسة عشرة 15,حكومي,رياض الأطفال,بنات
1446,2025,الرياض,95097,الابتدائية السادسة عشرة 16,حكومي,المرحلة الإبتدائية,بنات
1446,2025,الرياض,95098,الابتدائية السابعة عشرة 17,حكومي,المرحلة الإبتدائية,بنات
1446,2025,الرياض,95099,الابتدائية الثامنة عشرة 18,حكومي,المرحلة الإبتدائية,بنات
1446,2025,الرياض,95101,الابتدائية العشرون 20,حكومي,المرحلة الإبتدائية,بنات
1446,2025,الرياض,95103,الابتدائية الثالثة والعشرون 23,حكومي,المرحلة الإبتدائية,بنات
1446,2025,الرياض,95104,الابتدائية الرابعة والعشرون 24,حكومي,المرحلة الإبتدائية,بنات
1446,2025,الرياض,95105,ابتدائية هند بنت سهل,حكومي,المرحلة الإبتدائية,بنات
1446,2025,الرياض,95105,ابتدائية هند بنت سهل,حكومي,رياض الأطفال,بنات
1446,2025,الرياض,95106,الابتدائية السادسة والعشرون 26,حكومي,المرحلة الإبتدائية,بنات
1446,2025,الرياض,95107,الابتدائية السابعة والعشرون 27,حكومي,المرحلة الإبتدائية,بنات
1446,2025,الرياض,95107,الابتدائية السابعة والعشرون 27,حكومي,رياض الأطفال,بنات
1446,2025,الرياض,95108,الابتدائية الثامنة والعشرون 28,حكومي,المرحلة الإبتدائية,بنات
1446,2025,الرياض,95108,الابتدائية الثامنة والعشرون 28,حكومي,رياض الأطفال,بنات
1446,2025,الرياض,95109,الابتدائية التاسعة والعشرون 29,حكومي,المرحلة الإبتدائية,بنات
1446,2025,الرياض,95110,الابتدائية الثلاثون 30,حكومي,المرحلة الإبتدائية,بنات
1446,2025,الرياض,95111,الابتدائية الحادية والثلاثون 31,حكومي,المرحلة الإبتدائية,بنات
1446,2025,الرياض,95111,الابتدائية الحادية والثلاثون 31,حكومي,رياض الأطفال,بنات
1446,2025,الرياض,95112,الابتدائية الثانية والثلاثون 32,حكومي,المرحلة الإبتدائية,بنات
1446,2025,الرياض,95112,الابتدائية الثانية والثلاثون 32,حكومي,رياض الأطفال,بنات
1446,2025,الرياض,95113,الابتدائية الثالثة والثلاثون 33,حكومي,المرحلة الإبتدائية,بنات
1446,2025,الرياض,95114,الابتدائية الرابعة والثلاثون 34,حكومي,المرحلة الإبتدائية,بنات
1446,2025,الرياض,95116,الابتدائية السابعة والثلاثون 37,حكومي,المرحلة الإبتدائية,بنات
1446,2025,الرياض,95117,الابتدائية الثامنة والثلاثون 38,حكومي,المرحلة الإبتدائية,بنات
1446,2025,الرياض,95117,الابتدائية الثامنة والثلاثون 38,حكومي,رياض الأطفال,بنات
1446,2025,الرياض,95118,الابتدائية التاسعة والثلاثون 39,حكومي,المرحلة الإبتدائية,بنات
1446,2025,الرياض,95118,الابتدائية التاسعة والثلاثون 39,حكومي,المرحلة المتوسطة,بنات
1446,2025,الرياض,95119,الابتدائية الأربعون 40,حكومي,المرحلة الإبتدائية,بنات
1446,2025,الرياض,95125,الابتدائية السادسة والأربعون 46,حكومي,المرحلة الإبتدائية,بنات
1446,2025,الرياض,95125,الابتدائية السادسة والأربعون 46,حكومي,رياض الأطفال,بنات
1446,2025,الرياض,95126,الابتدائية السابعة والأربعون 47,حكومي,المرحلة الإبتدائية,بنات
1446,2025,الرياض,95128,الابتدائية التاسعة والأربعون 49,حكومي,المرحلة الإبتدائية,بنات
1446,2025,الرياض,95129,ابتدائية سلطانة بنت عبدالعزيز,حكومي,المرحلة الإبتدائية,بنات
1446,2025,الرياض,95130,الابتدائية الحادية والخمسون 51,حكومي,المرحلة الإبتدائية,بنات
1446,2025,الرياض,95132,الابتدائية الثالثة والخمسون 53,حكومي,المرحلة الإبتدائية,بنات
1446,2025,الرياض,95133,الابتدائية الرابعة والخمسون 54,حكومي,المرحلة الإبتدائية,بنات
1446,2025,الرياض,95134,الابتدائية الخامسة والخمسون 55,حكومي,المرحلة الإبتدائية,بنات
1446,2025,الرياض,95134,الابتدائية الخامسة والخمسون 55,حكومي,رياض الأطفال,بنات
1446,2025,الرياض,95135,الابتدائية السادسة والخمسون 56,حكومي,المرحلة الإبتدائية,بنات
1446,2025,الرياض,95136,الابتدائية السابعة والخمسون 57,حكومي,المرحلة الإبتدائية,بنات
1446,2025,الرياض,95138,الابتدائية التاسعة والخمسون 59,حكومي,المرحلة الإبتدائية,بنات
1446,2025,الرياض,95139,الابتدائية الستون 60,حكومي,المرحلة الإبتدائية,بنات
1446,2025,الرياض,95139,الابتدائية الستون 60,حكومي,رياض الأطفال,بنات
1446,2025,الرياض,95140,الابتدائية الحادية والستون 61,حكومي,المرحلة الإبتدائية,بنات
1446,2025,الرياض,95140,الابتدائية الحادية والستون 61,حكومي,رياض الأطفال,بنات
1446,2025,الرياض,95141,الابتدائية الثانية والستون 62,حكومي,المرحلة الإبتدائية,بنات
1446,2025,الرياض,95143,الابتدائية الرابعة والستون 64,حكومي,المرحلة الإبتدائية,بنات
1446,2025,الرياض,95143,الابتدائية الرابعة والستون 64,حكومي,رياض الأطفال,بنات
1446,2025,الرياض,95144,الابتدائية الخامسة والستون 65,حكومي,المرحلة الإبتدائية,بنات
1446,2025,الرياض,95146,الابتدائية السابعة والستون 67,حكومي,المرحلة الإبتدائية,بنات
1446,2025,الرياض,95146,الابتدائية السابعة والستون 67,حكومي,رياض الأطفال,بنات
1446,2025,الرياض,95147,الابتدائية الثامنة والستون 68,حكومي,المرحلة الإبتدائية,بنات
1446,2025,الرياض,95148,الابتدائية التاسعة والستون 69,حكومي,المرحلة الإبتدائية,بنات
1446,2025,الرياض,95149,الابتدائية السبعون 70,حكومي,المرحلة الإبتدائية,بنات
1446,2025,الرياض,95150,الابتدائية الحادية والسبعون 71,حكومي,المرحلة الإبتدائية,بنات
1446,2025,الرياض,95151,الابتدائية الثانية والسبعون 72,حكومي,المرحلة الإبتدائية,بنات
1446,2025,الرياض,95153,الابتدائية الرابعة والسبعون 74,حكومي,المرحلة الإبتدائية,بنات
1446,2025,الرياض,95153,الابتدائية الرابعة والسبعون 74,حكومي,رياض الأطفال,بنات
1446,2025,الرياض,95154,الابتدائية الخامسة والسبعون 75,حكومي,المرحلة الإبتدائية,بنات
1446,2025,الرياض,95154,الابتدائية الخامسة والسبعون 75,حكومي,رياض الأطفال,بنات
1446,2025,الرياض,95155,الابتدائية السادسة والسبعون 76,حكومي,المرحلة الإبتدائية,بنات
1446,2025,الرياض,95155,الابتدائية السادسة والسبعون 76,حكومي,رياض الأطفال,بنات
1446,2025,الرياض,95156,الابتدائية السابعة والسبعون 77,حكومي,المرحلة الإبتدائية,بنات
1446,2025,الرياض,95157,الابتدائية الثامنة والسبعون 78,حكومي,المرحلة الإبتدائية,بنات
1446,2025,الرياض,95157,الابتدائية الثامنة والسبعون 78,حكومي,رياض الأطفال,بنات
1446,2025,الرياض,95158,الابتدائية التاسعة والسبعون 79,حكومي,المرحلة الإبتدائية,بنات
1446,2025,الرياض,95158,الابتدائية التاسعة والسبعون 79,حكومي,رياض الأطفال,بنات
1446,2025,الرياض,95160,الابتدائية الحادية والثمانون 81,حكومي,المرحلة الإبتدائية,بنات
1446,2025,الرياض,95160,الابتدائية الحادية والثمانون 81,حكومي,رياض الأطفال,بنات
1446,2025,الرياض,95161,الابتدائية الثانية والثمانون 82,حكومي,المرحلة الإبتدائية,بنات
1446,2025,الرياض,95163,الابتدائية الرابعة والثمانون 84,حكومي,المرحلة الإبتدائية,بنات
1446,2025,الرياض,95165,الابتدائية السادسة والثمانون 86,حكومي,المرحلة الإبتدائية,بنات
1446,2025,الرياض,95166,الابتدائية السابعة والثمانون 87,حكومي,المرحلة الإبتدائية,بنات
1446,2025,الرياض,95166,الابتدائية السابعة والثمانون 87,حكومي,رياض الأطفال,بنات
1446,2025,الرياض,95167,الابتدائية الثامنة والثمانون 88,حكومي,المرحلة الإبتدائية,بنات
1446,2025,الرياض,95168,الابتدائية التاسعة والثمانون 89,حكومي,المرحلة الإبتدائية,بنات
1446,2025,الرياض,95169,الابتدائية التسعون 90,حكومي,المرحلة الإبتدائية,بنات
1446,2025,الرياض,95169,الابتدائية التسعون 90,حكومي,رياض الأطفال,بنات
1446,2025,الرياض,95170,الابتدائية الحادية والتسعون 91,حكومي,المرحلة الإبتدائية,بنات
1446,2025,الرياض,95170,الابتدائية الحادية والتسعون 91,حكومي,رياض الأطفال,بنات
1446,2025,الرياض,95171,الابتدائية الثانية والتسعون 92,حكومي,المرحلة الإبتدائية,بنات
1446,2025,الرياض,95173,الابتدائية الخامسة والتسعون 95,حكومي,المرحلة الإبتدائية,بنات
1446,2025,الرياض,95173,الابتدائية الخامسة والتسعون 95,حكومي,رياض الأطفال,بنات
1446,2025,الرياض,95174,الابتدائية السادسة والتسعون 96,حكومي,المرحلة الإبتدائية,بنات
1446,2025,الرياض,95177,الابتدائية التاسعة والتسعون 99,حكومي,المرحلة الإبتدائية,بنات
1446,2025,الرياض,95177,الابتدائية التاسعة والتسعون 99,حكومي,رياض الأطفال,بنات
1446,2025,الرياض,95178,الابتدائية المائة 100,حكومي,المرحلة الإبتدائية,بنات
1446,2025,الرياض,95181,الابتدائية الثالثة بعد المائة 103,حكومي,المرحلة الإبتدائية,بنات
1446,2025,الرياض,95181,الابتدائية الثالثة بعد المائة 103,حكومي,رياض الأطفال,بنات
1446,2025,الرياض,95182,الابتدائية الرابعة بعد المائة 104,حكومي,المرحلة الإبتدائية,بنات
1446,2025,الرياض,95182,الابتدائية الرابعة بعد المائة 104,حكومي,رياض الأطفال,بنات
1446,2025,الرياض,95183,الابتدائية الخامسة بعد المائة 105,حكومي,المرحلة الإبتدائية,بنات
1446,2025,الرياض,95184,الابتدائية السادسة بعد المائة  106,حكومي,المرحلة الإبتدائية,بنات
1446,2025,الرياض,95185,الابتدائية السابعة بعد المائة 107,حكومي,المرحلة الإبتدائية,بنات
1446,2025,الرياض,95185,الابتدائية السابعة بعد المائة 107,حكومي,رياض الأطفال,بنات
1446,2025,الرياض,95186,الابتدائية الثامنة بعد المائة 108,حكومي,المرحلة الإبتدائية,بنات
1446,2025,الرياض,95187,الابتدائية التاسعة بعد المائة 109,حكومي,المرحلة الإبتدائية,بنات
1446,2025,الرياض,95187,الابتدائية التاسعة بعد المائة 109,حكومي,رياض الأطفال,بنات
1446,2025,الرياض,95188,الابتدائية العاشرة بعد المائة 110,حكومي,المرحلة الإبتدائية,بنات
1446,2025,الرياض,95188,الابتدائية العاشرة بعد المائة 110,حكومي,رياض الأطفال,بنات
1446,2025,الرياض,95189,الابتدائية الحادية عشرة بعد المائة 111,حكومي,المرحلة الإبتدائية,بنات
1446,2025,الرياض,95190,الابتدائية الثانية عشرة بعد المائة 112,حكومي,المرحلة الإبتدائية,بنات
1446,2025,الرياض,95191,الابتدائية الثالثة عشرة بعد المائة  113,حكومي,المرحلة الإبتدائية,بنات
1446,2025,الرياض,95192,الابتدائية الرابعة عشرة بعد المائة  114,حكومي,المرحلة الإبتدائية,بنات
1446,2025,الرياض,95192,الابتدائية الرابعة عشرة بعد المائة  114,حكومي,رياض الأطفال,بنات
1446,2025,الرياض,95193,الابتدائية الخامسة عشرة بعد المائة 115,حكومي,المرحلة الإبتدائية,بنات
1446,2025,الرياض,95194,الابتدائية السادسة عشرة بعد المائة 116,حكومي,المرحلة الإبتدائية,بنات
1446,2025,الرياض,95194,الابتدائية السادسة عشرة بعد المائة 116,حكومي,رياض الأطفال,بنات
1446,2025,الرياض,95196,الابتدائية الثامنة عشرة بعد المائة 118,حكومي,المرحلة الإبتدائية,بنات
1446,2025,الرياض,95196,الابتدائية الثامنة عشرة بعد المائة 118,حكومي,رياض الأطفال,بنات
1446,2025,الرياض,95198,الابتدائية العشرون بعد المائة 120,حكومي,المرحلة الإبتدائية,بنات
1446,2025,الرياض,95199,الابتدائية الحادية والعشرون بعد المائة 121,حكومي,المرحلة الإبتدائية,بنات
1446,2025,الرياض,95199,الابتدائية الحادية والعشرون بعد المائة 121,حكومي,رياض الأطفال,بنات
1446,2025,الرياض,95200,الابتدائية الثانية والعشرون بعد المائة  122,حكومي,المرحلة الإبتدائية,بنات
1446,2025,الرياض,95201,الابتدائية الثالثة والعشرون بعد المائة  123,حكومي,المرحلة الإبتدائية,بنات
1446,2025,الرياض,95203,الابتدائية الخامسة والعشرون بعد المائة 125,حكومي,المرحلة الإبتدائية,بنات
1446,2025,الرياض,95206,الابتدائية الثامنة والعشرون بعد المائة 128,حكومي,المرحلة الإبتدائية,بنات
1446,2025,الرياض,95207,الابتدائية التاسعة والعشرون بعد المائة 129,حكومي,المرحلة الإبتدائية,بنات
1446,2025,الرياض,95209,الابتدائية الحادية والثلاثون بعد المائة  131,حكومي,المرحلة الإبتدائية,بنات
1446,2025,الرياض,95210,الابتدائية الثانية والثلاثون بعد المائة  132,حكومي,المرحلة الإبتدائية,بنات
1446,2025,الرياض,95212,الابتدائية الرابعة والثلاثون بعد المائة  134,حكومي,المرحلة الإبتدائية,بنات
1446,2025,الرياض,95213,الابتدائية الخامسة والثلاثون بعد المائة 135,حكومي,المرحلة الإبتدائية,بنات
1446,2025,الرياض,95213,الابتدائية الخامسة والثلاثون بعد المائة 135,حكومي,رياض الأطفال,بنات
1446,2025,الرياض,95214,الابتدائية السادسة والثلاثون بعد المائة 136,حكومي,المرحلة الإبتدائية,بنات
1446,2025,الرياض,95215,الابتدائية السابعة والثلاثون بعد المائة 137,حكومي,المرحلة الإبتدائية,بنات
1446,2025,الرياض,95215,الابتدائية السابعة والثلاثون بعد المائة 137,حكومي,رياض الأطفال,بنات
1446,2025,الرياض,95217,الابتدائية التاسعة والثلاثون بعد المائة  139,حكومي,المرحلة الإبتدائية,بنات
1446,2025,الرياض,95218,الابتدائية الأربعون بعد المائة  140بويب,حكومي,المرحلة الإبتدائية,بنات
1446,2025,الرياض,95218,الابتدائية الأربعون بعد المائة  140بويب,حكومي,المرحلة الثانوية,بنات
1446,2025,الرياض,95218,الابتدائية الأربعون بعد المائة  140بويب,حكومي,المرحلة المتوسطة,بنات
1446,2025,الرياض,95219,مدرسة المنذري للطفولة المبكرة,حكومي,المرحلة الإبتدائية,بنات
1446,2025,الرياض,95219,مدرسة المنذري للطفولة المبكرة,حكومي,رياض الأطفال,بنات
1446,2025,الرياض,95221,الابتدائية الثالثة والأربعون بعد المائة 143,حكومي,المرحلة الإبتدائية,بنات
1446,2025,الرياض,95221,الابتدائية الثالثة والأربعون بعد المائة 143,حكومي,رياض الأطفال,بنات
1446,2025,الرياض,95222,الابتدائية الرابعة والأربعون بعد المائة 144,حكومي,المرحلة الإبتدائية,بنات
1446,2025,الرياض,95224,الابتدائية السادسة والأربعون بعد المائة  146,حكومي,المرحلة الإبتدائية,بنات
1446,2025,الرياض,95224,الابتدائية السادسة والأربعون بعد المائة  146,حكومي,رياض الأطفال,بنات
1446,2025,الرياض,95225,الابتدائية السابعة والأربعون بعد المائة 147,حكومي,المرحلة الإبتدائية,بنات
1446,2025,الرياض,95228,الابتدائية الخمسون بعد المائة  150,حكومي,المرحلة الإبتدائية,بنات
1446,2025,الرياض,95228,الابتدائية الخمسون بعد المائة  150,حكومي,رياض الأطفال,بنات
1446,2025,الرياض,95232,الابتدائية الرابعة والخمسون بعد المائة  154,حكومي,المرحلة الإبتدائية,بنات
1446,2025,الرياض,95233,الابتدائية الخامسة والخمسون بعد المائة 155,حكومي,المرحلة الإبتدائية,بنات
1446,2025,الرياض,95235,الابتدائية السابعة والخمسون بعد المائة 157,حكومي,المرحلة الإبتدائية,بنات
1446,2025,الرياض,95236,الابتدائية التاسعة والخمسون بعد المائة 159,حكومي,المرحلة الإبتدائية,بنات
1446,2025,الرياض,95236,الابتدائية التاسعة والخمسون بعد المائة 159,حكومي,رياض الأطفال,بنات
1446,2025,الرياض,95237,الابتدائية الستون بعد المائة  160,حكومي,المرحلة الإبتدائية,بنات
1446,2025,الرياض,95237,الابتدائية الستون بعد المائة  160,حكومي,رياض الأطفال,بنات
1446,2025,الرياض,95239,الابتدائية الثانية والستون بعد المائة 162,حكومي,المرحلة الإبتدائية,بنات
1446,2025,الرياض,95239,الابتدائية الثانية والستون بعد المائة 162,حكومي,رياض الأطفال,بنات
1446,2025,الرياض,95240,الابتدائية الثالثة والستون بعد المائة  163,حكومي,المرحلة الإبتدائية,بنات
1446,2025,الرياض,95241,الابتدائية الرابعة والستون بعد المائة  164,حكومي,المرحلة الإبتدائية,بنات
1446,2025,الرياض,95241,الابتدائية الرابعة والستون بعد المائة  164,حكومي,رياض الأطفال,بنات
1446,2025,الرياض,95242,الابتدائية الخامسة والستون بعد المائة 165,حكومي,المرحلة الإبتدائية,بنات
1446,2025,الرياض,95242,الابتدائية الخامسة والستون بعد المائة 165,حكومي,رياض الأطفال,بنات
1446,2025,الرياض,95244,الابتدائية السابعة والستون بعد المائة 167,حكومي,المرحلة الإبتدائية,بنات
1446,2025,الرياض,95245,الابتدائية الثامنة والستون بعد المائة  168,حكومي,المرحلة الإبتدائية,بنات
1446,2025,الرياض,95246,الابتدائية التاسعة والستون بعد المائة  169,حكومي,المرحلة الإبتدائية,بنات
1446,2025,الرياض,95247,الابتدائية السبعون بعد المائة 170,حكومي,المرحلة الإبتدائية,بنات
1446,2025,الرياض,95247,الابتدائية السبعون بعد المائة 170,حكومي,رياض الأطفال,بنات
1446,2025,الرياض,95248,ابتدائية عذبة الخزرجية,حكومي,المرحلة الإبتدائية,بنات
1446,2025,الرياض,95248,ابتدائية عذبة الخزرجية,حكومي,رياض الأطفال,بنات
1446,2025,الرياض,95251,الابتدائية الرابعة والسبعون بعد المائة 174,حكومي,المرحلة الإبتدائية,بنات
1446,2025,الرياض,95251,الابتدائية الرابعة والسبعون بعد المائة 174,حكومي,رياض الأطفال,بنات
1446,2025,الرياض,95252,الابتدائية الخامسة والسبعون بعد المائة 175,حكومي,المرحلة الإبتدائية,بنات
1446,2025,الرياض,95252,الابتدائية الخامسة والسبعون بعد المائة 175,حكومي,رياض الأطفال,بنات
1446,2025,الرياض,95254,الابتدائية السابعة والسبعون بعد المائة 177,حكومي,المرحلة الإبتدائية,بنات
1446,2025,الرياض,95254,الابتدائية السابعة والسبعون بعد المائة 177,حكومي,رياض الأطفال,بنات
1446,2025,الرياض,95255,ابتدائية النوار بنت مالك,حكومي,المرحلة الإبتدائية,بنات
1446,2025,الرياض,95255,ابتدائية النوار بنت مالك,حكومي,رياض الأطفال,بنات
1446,2025,الرياض,95256,الابتدائية التاسعة والسبعون بعد المائة 179,حكومي,المرحلة الإبتدائية,بنات
1446,2025,الرياض,95256,الابتدائية التاسعة والسبعون بعد المائة 179,حكومي,المرحلة المتوسطة,بنات
1446,2025,الرياض,95257,الابتدائية الثمانون بعد المائة  180,حكومي,المرحلة الإبتدائية,بنات
1446,2025,الرياض,95257,الابتدائية الثمانون بعد المائة  180,حكومي,رياض الأطفال,بنات
1446,2025,الرياض,95258,الابتدائية الحادية والثمانون بعد المائة  181,حكومي,المرحلة الإبتدائية,بنات
1446,2025,الرياض,95259,الابتدائية الثانية والثمانون بعد المائة 182,حكومي,المرحلة الإبتدائية,بنات
1446,2025,الرياض,95260,الابتدائية الثالثة والثمانون بعد المائة  183,حكومي,المرحلة الإبتدائية,بنات
1446,2025,الرياض,95261,الابتدائية الرابعة والثمانون بعد المائة 184,حكومي,المرحلة الإبتدائية,بنات
1446,2025,الرياض,95261,الابتدائية الرابعة والثمانون بعد المائة 184,حكومي,رياض الأطفال,بنات
1446,2025,الرياض,95262,الابتدائية الخامسة والثمانون بعد  المائة 185,حكومي,المرحلة الإبتدائية,بنات
1446,2025,الرياض,95263,الابتدائية السادسة والثمانون بعد المائة 186,حكومي,المرحلة الإبتدائية,بنات
1446,2025,الرياض,95265,الابتدائية الثامنة والثمانون بعد المائة 188,حكومي,المرحلة الإبتدائية,بنات
1446,2025,الرياض,95265,الابتدائية الثامنة والثمانون بعد المائة 188,حكومي,رياض الأطفال,بنات
1446,2025,الرياض,95266,الابتدائية التاسعة والثمانون بعد المائة 189,حكومي,المرحلة الإبتدائية,بنات
1446,2025,الرياض,95267,الابتدائية التسعون بعد المائة  190,حكومي,المرحلة الإبتدائية,بنات
1446,2025,الرياض,95267,الابتدائية التسعون بعد المائة  190,حكومي,رياض الأطفال,بنات
1446,2025,الرياض,95268,الابتدائية الحادية والتسعون بعد المائة  191,حكومي,المرحلة الإبتدائية,بنات
1446,2025,الرياض,95268,الابتدائية الحادية والتسعون بعد المائة  191,حكومي,رياض الأطفال,بنات
1446,2025,الرياض,95269,الابتدائية الثانية والتسعون بعد المائة  192,حكومي,المرحلة الإبتدائية,بنات
1446,2025,الرياض,95269,الابتدائية الثانية والتسعون بعد المائة  192,حكومي,رياض الأطفال,بنات
1446,2025,الرياض,95270,الابتدائية الثالثة والتسعون بعد المائة  193,حكومي,المرحلة الإبتدائية,بنات
1446,2025,الرياض,95270,الابتدائية الثالثة والتسعون بعد المائة  193,حكومي,رياض الأطفال,بنات
1446,2025,الرياض,95271,الابتدائية الرابعة والتسعون بعد المائة  194,حكومي,المرحلة الإبتدائية,بنات
1446,2025,الرياض,95271,الابتدائية الرابعة والتسعون بعد المائة  194,حكومي,رياض الأطفال,بنات
1446,2025,الرياض,95272,الابتدائية الخامسة والتسعون بعد المائة 195,حكومي,المرحلة الإبتدائية,بنات
1446,2025,الرياض,95272,الابتدائية الخامسة والتسعون بعد المائة 195,حكومي,رياض الأطفال,بنات
1446,2025,الرياض,95273,الابتدائية السادسة والتسعون بعد المائة 196,حكومي,المرحلة الإبتدائية,بنات
1446,2025,الرياض,95273,الابتدائية السادسة والتسعون بعد المائة 196,حكومي,رياض الأطفال,بنات
1446,2025,الرياض,95275,ابتدائية سلاف الأنصارية,حكومي,المرحلة الإبتدائية,بنات
1446,2025,الرياض,95277,ابتدائية آمنة بنت الحكم,حكومي,المرحلة الإبتدائية,بنات
1446,2025,الرياض,95277,ابتدائية آمنة بنت الحكم,حكومي,رياض الأطفال,بنات
1446,2025,الرياض,95278,الابتدائية الحادية بعد المئتين 201,حكومي,المرحلة الإبتدائية,بنات
1446,2025,الرياض,95278,الابتدائية الحادية بعد المئتين 201,حكومي,رياض الأطفال,بنات
1446,2025,الرياض,95279,الابتدائية الثانية بعد المئتين 202,حكومي,المرحلة الإبتدائية,بنات
1446,2025,الرياض,95280,الابتدائية الثالثة بعد المئتين 203,حكومي,المرحلة الإبتدائية,بنات
1446,2025,الرياض,95280,الابتدائية الثالثة بعد المئتين 203,حكومي,رياض الأطفال,بنات
1446,2025,الرياض,95281,الابتدائية الرابعة بعد المئتين 204,حكومي,المرحلة الإبتدائية,بنات
1446,2025,الرياض,95282,الابتدائية الخامسة بعد المئتين 205,حكومي,المرحلة الإبتدائية,بنات
1446,2025,الرياض,95283,الابتدائية السادسة بعد المئتين 206,حكومي,المرحلة الإبتدائية,بنات
1446,2025,الرياض,95284,الابتدائية السابعة بعد المئتين 207,حكومي,المرحلة الإبتدائية,بنات
1446,2025,الرياض,95284,الابتدائية السابعة بعد المئتين 207,حكومي,رياض الأطفال,بنات
1446,2025,الرياض,95285,الابتدائية الثامنة بعد المئتين 208,حكومي,المرحلة الإبتدائية,بنات
1446,2025,الرياض,95285,الابتدائية الثامنة بعد المئتين 208,حكومي,رياض الأطفال,بنات
1446,2025,الرياض,95287,الابتدائية العاشرة بعد المئتين 210,حكومي,المرحلة الإبتدائية,بنات
1446,2025,الرياض,95288,الابتدائية الحادية عشر بعد المئتين 211,حكومي,المرحلة الإبتدائية,بنات
1446,2025,الرياض,95289,الابتدائية الثانية عشرة بعد المئتين 212,حكومي,المرحلة الإبتدائية,بنات
1446,2025,الرياض,95289,الابتدائية الثانية عشرة بعد المئتين 212,حكومي,رياض الأطفال,بنات
1446,2025,الرياض,95290,الابتدائية الثالثة عشرة بعد المئتين 213,حكومي,المرحلة الإبتدائية,بنات
1446,2025,الرياض,95291,الابتدائية الرابعة عشرة بعد المئتين 214,حكومي,المرحلة الإبتدائية,بنات
1446,2025,الرياض,95293,الابتدائية السادسة عشرة بعد المئتين 216,حكومي,المرحلة الإبتدائية,بنات
1446,2025,الرياض,95294,الابتدائية السابعة عشرة بعد المئتين 217,حكومي,المرحلة الإبتدائية,بنات
1446,2025,الرياض,95294,الابتدائية السابعة عشرة بعد المئتين 217,حكومي,رياض الأطفال,بنات
1446,2025,الرياض,95296,الابتدائية الحادية والعشرون بعد المئتين 221,حكومي,المرحلة الإبتدائية,بنات
1446,2025,الرياض,95296,الابتدائية الحادية والعشرون بعد المئتين 221,حكومي,رياض الأطفال,بنات
1446,2025,الرياض,95297,الابتدائية السابعة والعشرون بعد المئتين  227,حكومي,المرحلة الإبتدائية,بنات
1446,2025,الرياض,95297,الابتدائية السابعة والعشرون بعد المئتين  227,حكومي,رياض الأطفال,بنات
1446,2025,الرياض,95298,الابتدائية الأولى بالحاير,حكومي,المرحلة الإبتدائية,بنات
1446,2025,الرياض,95299,ابتدائية العماجية,حكومي,المرحلة الإبتدائية,بنات
1446,2025,الرياض,95299,ابتدائية العماجية,حكومي,المرحلة المتوسطة,بنات
1446,2025,الرياض,95299,ابتدائية العماجية,حكومي,رياض الأطفال,بنات
1446,2025,الرياض,95300,ابتدائية هيت,حكومي,المرحلة الإبتدائية,بنات
1446,2025,الرياض,95300,ابتدائية هيت,حكومي,المرحلة الثانوية,بنات
1446,2025,الرياض,95300,ابتدائية هيت,حكومي,المرحلة المتوسطة,بنات
1446,2025,الرياض,95300,ابتدائية هيت,حكومي,رياض الأطفال,بنات
1446,2025,الرياض,95301,الابتدائية الأولى بالدرعية1,حكومي,المرحلة الإبتدائية,بنات
1446,2025,الرياض,95302,الابتدائية الثانية بالدرعية2,حكومي,المرحلة الإبتدائية,بنات
1446,2025,الرياض,95303,الابتدائية الاولى 1 بعرقة,حكومي,المرحلة الإبتدائية,بنات
1446,2025,الرياض,95306,ابتدائية قصور  آل مقبل,حكومي,المرحلة الإبتدائية,بنات
1446,2025,الرياض,95307,ابتدائية جوّ,حكومي,المرحلة الإبتدائية,بنات
1446,2025,الرياض,95307,ابتدائية جوّ,حكومي,المرحلة الثانوية,بنات
1446,2025,الرياض,95307,ابتدائية جوّ,حكومي,المرحلة المتوسطة,بنات
1446,2025,الرياض,95308,ابتدائية خالدة الأنصارية,حكومي,المرحلة الإبتدائية,بنات
1446,2025,الرياض,95308,ابتدائية خالدة الأنصارية,حكومي,رياض الأطفال,بنات
1446,2025,الرياض,95309,ابتدائية العمائر بضرماء,حكومي,المرحلة الإبتدائية,بنات
1446,2025,الرياض,95309,ابتدائية العمائر بضرماء,حكومي,رياض الأطفال,بنات
1446,2025,الرياض,95310,الابتدائية الاولى 1 بثادق,حكومي,المرحلة الإبتدائية,بنات
1446,2025,الرياض,95311,ابتدائية الرويضة بثادق,حكومي,المرحلة الإبتدائية,بنات
1446,2025,الرياض,95312,ابتدائية رغبة بثادق,حكومي,المرحلة الإبتدائية,بنات
1446,2025,الرياض,95312,ابتدائية رغبة بثادق,حكومي,رياض الأطفال,بنات
1446,2025,الرياض,95314,ابتدائية سعدى بنت عوف,حكومي,المرحلة الإبتدائية,بنات
1446,2025,الرياض,95316,ابتدائية الصفرّة بثادق,حكومي,المرحلة الإبتدائية,بنات
1446,2025,الرياض,95318,الابتدائية الأولى برماح 1,حكومي,المرحلة الإبتدائية,بنات
1446,2025,الرياض,95319,ابتدائية شوية برماح,حكومي,المرحلة الإبتدائية,بنات
1446,2025,الرياض,95319,ابتدائية شوية برماح,حكومي,المرحلة الثانوية,بنات
1446,2025,الرياض,95319,ابتدائية شوية برماح,حكومي,المرحلة المتوسطة,بنات
1446,2025,الرياض,95320,ابتدائية الرمحية برماح,حكومي,المرحلة الإبتدائية,بنات
1446,2025,الرياض,95321,ابتدائية حفرالعتش برماح,حكومي,المرحلة الإبتدائية,بنات
1446,2025,الرياض,95321,ابتدائية حفرالعتش برماح,حكومي,المرحلة الثانوية,بنات
1446,2025,الرياض,95321,ابتدائية حفرالعتش برماح,حكومي,المرحلة المتوسطة,بنات
1446,2025,الرياض,95322,ابتدائية المزيرع برماح,حكومي,المرحلة الإبتدائية,بنات
1446,2025,الرياض,95323,ابتدائية الغيلانة برماح,حكومي,المرحلة الإبتدائية,بنات
1446,2025,الرياض,95323,ابتدائية الغيلانة برماح,حكومي,رياض الأطفال,بنات
1446,2025,الرياض,95324,ابتدائية هجرة سعد برماح,حكومي,المرحلة الإبتدائية,بنات
1446,2025,الرياض,95324,ابتدائية هجرة سعد برماح,حكومي,المرحلة الثانوية,بنات
1446,2025,الرياض,95324,ابتدائية هجرة سعد برماح,حكومي,المرحلة المتوسطة,بنات
1446,2025,الرياض,95327,الابتدائية الأولى 1 بحريملاء,حكومي,المرحلة الإبتدائية,بنات
1446,2025,الرياض,95328,الابتدائية الثانية 2 بحريملاء,حكومي,المرحلة الإبتدائية,بنات
1446,2025,الرياض,95329,ابتدائية هجرة سلطانة بالعيينة,حكومي,المرحلة الإبتدائية,بنات
1446,2025,الرياض,95329,ابتدائية هجرة سلطانة بالعيينة,حكومي,رياض الأطفال,بنات
1446,2025,الرياض,95330,ابتدائية ملهم  بحريملاء,حكومي,المرحلة الإبتدائية,بنات
1446,2025,الرياض,95333,الابتدائية الاولى بالعيينه 1,حكومي,المرحلة الإبتدائية,بنات
1446,2025,الرياض,95333,الابتدائية الاولى بالعيينه 1,حكومي,رياض الأطفال,بنات
1446,2025,الرياض,95334,ابتدائية العمارية بالعيينة,حكومي,المرحلة الإبتدائية,بنات
1446,2025,الرياض,95334,ابتدائية العمارية بالعيينة,حكومي,المرحلة الثانوية,بنات
1446,2025,الرياض,95334,ابتدائية العمارية بالعيينة,حكومي,المرحلة المتوسطة,بنات
1446,2025,الرياض,95334,ابتدائية العمارية بالعيينة,حكومي,رياض الأطفال,بنات
1446,2025,الرياض,95335,ابتدائية الجبيلة بالعيينة,حكومي,المرحلة الإبتدائية,بنات
1446,2025,الرياض,95335,ابتدائية الجبيلة بالعيينة,حكومي,رياض الأطفال,بنات
1446,2025,الرياض,95336,ابتدائية قوات الأمن الخاصة,حكومي,المرحلة الإبتدائية,بنات
1446,2025,الرياض,95337,ابتدائية سدوس بالعيينة,حكومي,المرحلة الإبتدائية,بنات
1446,2025,الرياض,95339,الابتدائية الاولى بالمزاحمية 1,حكومي,المرحلة الإبتدائية,بنات
1446,2025,الرياض,95340,الابتدائية الثانية بالمزاحمية 2,حكومي,المرحلة الإبتدائية,بنات
1446,2025,الرياض,95341,الابتدائية الثالثة بالمزاحمية 3,حكومي,المرحلة الإبتدائية,بنات
1446,2025,الرياض,95341,الابتدائية الثالثة بالمزاحمية 3,حكومي,رياض الأطفال,بنات
1446,2025,الرياض,95342,ابتدائية الغطغط بالمزاحمية,حكومي,المرحلة الإبتدائية,بنات
1446,2025,الرياض,95343,ابتدائية شخيب بالمزاحمية,حكومي,المرحلة الإبتدائية,بنات
1446,2025,الرياض,95343,ابتدائية شخيب بالمزاحمية,حكومي,المرحلة المتوسطة,بنات
1446,2025,الرياض,95345,ابتدائية حويرة نساح بالمزاحمية,حكومي,المرحلة الإبتدائية,بنات
1446,2025,الرياض,95345,ابتدائية حويرة نساح بالمزاحمية,حكومي,المرحلة الثانوية,بنات
1446,2025,الرياض,95345,ابتدائية حويرة نساح بالمزاحمية,حكومي,المرحلة المتوسطة,بنات
1446,2025,الرياض,95345,ابتدائية حويرة نساح بالمزاحمية,حكومي,رياض الأطفال,بنات
1446,2025,الرياض,95349,الابتدائية الثالثة والتسعون 93,حكومي,المرحلة الإبتدائية,بنات
1446,2025,الرياض,95350,الابتدائية الحادية والعشرون 21,حكومي,المرحلة الإبتدائية,بنات
1446,2025,الرياض,95350,الابتدائية الحادية والعشرون 21,حكومي,رياض الأطفال,بنات
1446,2025,الرياض,95351,الابتدائية الثالثة والعشرون بعد المئتين 223,حكومي,المرحلة الإبتدائية,بنات
1446,2025,الرياض,95356,الابتدائية السادسة والعشرون بعد المئتين 226,حكومي,المرحلة الإبتدائية,بنات
1446,2025,الرياض,95356,الابتدائية السادسة والعشرون بعد المئتين 226,حكومي,رياض الأطفال,بنات
1446,2025,الرياض,95357,الابتدائية التاسعة والعشرون بعد المئتين 229,حكومي,المرحلة الإبتدائية,بنات
1446,2025,الرياض,95357,الابتدائية التاسعة والعشرون بعد المئتين 229,حكومي,رياض الأطفال,بنات
1446,2025,الرياض,95358,الابتدائية الحادية والثلاثون بعد المئتين 231,حكومي,المرحلة الإبتدائية,بنات
1446,2025,الرياض,95360,الابتدائية التاسعة والثلاثون بعد المئتين 239,حكومي,المرحلة الإبتدائية,بنات
1446,2025,الرياض,95360,الابتدائية التاسعة والثلاثون بعد المئتين 239,حكومي,رياض الأطفال,بنات
1446,2025,الرياض,95361,الابتدائية الأربعون بعد المئتين 240,حكومي,المرحلة الإبتدائية,بنات
1446,2025,الرياض,95362,الابتدائية الحادية والأربعون بعد المئتين 241,حكومي,المرحلة الإبتدائية,بنات
1446,2025,الرياض,95362,الابتدائية الحادية والأربعون بعد المئتين 241,حكومي,رياض الأطفال,بنات
1446,2025,الرياض,95363,الابتدائية الثالثة والأربعون بعد المئتين 243,حكومي,المرحلة الإبتدائية,بنات
1446,2025,الرياض,95364,الابتدائية الخامسة والأربعون بعد المئتين 245,حكومي,المرحلة الإبتدائية,بنات
1446,2025,الرياض,95365,الابتدائية السابعة والأربعون بعد المئتين 247,حكومي,المرحلة الإبتدائية,بنات
1446,2025,الرياض,95366,الابتدائية التاسعة والأربعون بعد المئتين 249,حكومي,المرحلة الإبتدائية,بنات
1446,2025,الرياض,95367,الابتدائية الخمسون بعد المئتين 250,حكومي,المرحلة الإبتدائية,بنات
1446,2025,الرياض,95367,الابتدائية الخمسون بعد المئتين 250,حكومي,رياض الأطفال,بنات
1446,2025,الرياض,95368,الابتدائية الثانية برماح 2,حكومي,المرحلة الإبتدائية,بنات
1446,2025,الرياض,95369,الابتدائية الثالثة والثلاثون بعد المئتين 233,حكومي,المرحلة الإبتدائية,بنات
1446,2025,الرياض,95369,الابتدائية الثالثة والثلاثون بعد المئتين 233,حكومي,رياض الأطفال,بنات
1446,2025,الرياض,95371,الابتدائية الثامنة والثلاثون بعد المئتين 238,حكومي,المرحلة الإبتدائية,بنات
1446,2025,الرياض,95371,الابتدائية الثامنة والثلاثون بعد المئتين 238,حكومي,رياض الأطفال,بنات
1446,2025,الرياض,95372,الابتدائية الثانية والأربعون بعد المئتين 242,حكومي,المرحلة الإبتدائية,بنات
1446,2025,الرياض,95373,الابتدائية الثامنة والأربعون بعد المئتين 248,حكومي,المرحلة الإبتدائية,بنات
1446,2025,الرياض,95375,الابتدائية الخامسة والعشرون بعد المئتين 225,حكومي,المرحلة الإبتدائية,بنات
1446,2025,الرياض,95375,الابتدائية الخامسة والعشرون بعد المئتين 225,حكومي,رياض الأطفال,بنات
1446,2025,الرياض,95377,الابتدائية الرابعة بالمزاحمية 4,حكومي,المرحلة الإبتدائية,بنات
1446,2025,الرياض,95379,الابتدائية الثانية والثلاثون بعد المئتين 232,حكومي,المرحلة الإبتدائية,بنات
1446,2025,الرياض,95379,الابتدائية الثانية والثلاثون بعد المئتين 232,حكومي,رياض الأطفال,بنات
1446,2025,الرياض,95380,الابتدائية الثانية والخمسون بعد المئتين 252,حكومي,المرحلة الإبتدائية,بنات
1446,2025,الرياض,95381,الابتدائية الثالثة والخمسون بعد المئتان 253,حكومي,المرحلة الإبتدائية,بنات
1446,2025,الرياض,95382,الابتدائية الرابعة والخمسون بعد المئتين 254,حكومي,المرحلة الإبتدائية,بنات
1446,2025,الرياض,95382,الابتدائية الرابعة والخمسون بعد المئتين 254,حكومي,رياض الأطفال,بنات
1446,2025,الرياض,95383,الابتدائية الخامسة والخمسون بعد المئتين 255,حكومي,المرحلة الإبتدائية,بنات
1446,2025,الرياض,95384,ابتدائية لطيفة بنت عبدالعزيز,حكومي,المرحلة الإبتدائية,بنات
1446,2025,الرياض,95385,الابتدائية السابعة والخمسون بعد المئتين 257,حكومي,المرحلة الإبتدائية,بنات
1446,2025,الرياض,95386,الابتدائية الثامنة والخمسون بعد المئتين 258,حكومي,المرحلة الإبتدائية,بنات
1446,2025,الرياض,95386,الابتدائية الثامنة والخمسون بعد المئتين 258,حكومي,رياض الأطفال,بنات
1446,2025,الرياض,95387,الابتدائية التاسعة والخمسون بعد المئتين 259,حكومي,المرحلة الإبتدائية,بنات
1446,2025,الرياض,95387,الابتدائية التاسعة والخمسون بعد المئتين 259,حكومي,رياض الأطفال,بنات
1446,2025,الرياض,95388,الابتدائية الستون بعد المئتين 260,حكومي,المرحلة الإبتدائية,بنات
1446,2025,الرياض,95388,الابتدائية الستون بعد المئتين 260,حكومي,رياض الأطفال,بنات
1446,2025,الرياض,95389,الابتدائية الحادية والستون بعد المئتين 261,حكومي,المرحلة الإبتدائية,بنات
1446,2025,الرياض,95391,الابتدائية الثالثة والستون بعد المئتين 263,حكومي,المرحلة الإبتدائية,بنات
1446,2025,الرياض,95391,الابتدائية الثالثة والستون بعد المئتين 263,حكومي,رياض الأطفال,بنات
1446,2025,الرياض,95392,الابتدائية الرابعة والستون بعد المئتين 264,حكومي,المرحلة الإبتدائية,بنات
1446,2025,الرياض,95394,الابتدائية السادسة والستون بعد المئتين 266,حكومي,المرحلة الإبتدائية,بنات
1446,2025,الرياض,95394,الابتدائية السادسة والستون بعد المئتين 266,حكومي,رياض الأطفال,بنات
1446,2025,الرياض,95395,الابتدائية الثامنة والستون بعد المئتين 268,حكومي,المرحلة الإبتدائية,بنات
1446,2025,الرياض,95396,الابتدائية التاسعة والستون بعد المئتين 269,حكومي,المرحلة الإبتدائية,بنات
1446,2025,الرياض,95397,الابتدائية الحادية والسبعون بعد المئتين 271,حكومي,المرحلة الإبتدائية,بنات
1446,2025,الرياض,95397,الابتدائية الحادية والسبعون بعد المئتين 271,حكومي,رياض الأطفال,بنات
1446,2025,الرياض,95399,الابتدائية الثالثة والسبعون بعد المئتين 273,حكومي,المرحلة الإبتدائية,بنات
1446,2025,الرياض,95400,الابتدائية السابعة والسبعون بعد المئتين 277,حكومي,المرحلة الإبتدائية,بنات
1446,2025,الرياض,95401,ابتدائية الغزيز بضرماء,حكومي,المرحلة الإبتدائية,بنات
1446,2025,الرياض,95402,ابتدائية ظبية بنت وهب,حكومي,المرحلة الإبتدائية,بنات
1446,2025,الرياض,95403,الابتدائية الاولى لتحفيظ القرآن الكريم 1,حكومي,المرحلة الإبتدائية,بنات
1446,2025,الرياض,95404,الابتدائية الثانية لتحفيظ القرآن الكريم 2,حكومي,المرحلة الإبتدائية,بنات
1446,2025,الرياض,95404,الابتدائية الثانية لتحفيظ القرآن الكريم 2,حكومي,رياض الأطفال,بنات
1446,2025,الرياض,95405,الابتدائية الثالثة لتحفيظ القرآن الكريم 3,حكومي,المرحلة الإبتدائية,بنات
1446,2025,الرياض,95407,الابتدائية الخامسة لتحفيظ القرآن الكريم  5,حكومي,المرحلة الإبتدائية,بنات
1446,2025,الرياض,95407,الابتدائية الخامسة لتحفيظ القرآن الكريم  5,حكومي,رياض الأطفال,بنات
1446,2025,الرياض,95408,ابتدائية تحفيظ القرآن الكريم بثادق,حكومي,المرحلة الإبتدائية,بنات
1446,2025,الرياض,95408,ابتدائية تحفيظ القرآن الكريم بثادق,حكومي,المرحلة المتوسطة,بنات
1446,2025,الرياض,95409,ابتدائية تحفيظ القرآن الكريم بحريملاء,حكومي,المرحلة الإبتدائية,بنات
1446,2025,الرياض,95411,الابتدائية الحادية والثمانون بعد المئتين 281,حكومي,المرحلة الإبتدائية,بنات
1446,2025,الرياض,95414,الابتدائية الثانية 2 بثادق,حكومي,المرحلة الإبتدائية,بنات
1446,2025,الرياض,95415,الابتدائية السابعة والستون بعد المئتين 267,حكومي,المرحلة الإبتدائية,بنات
1446,2025,الرياض,95416,الابتدائية الرابعة والسبعون بعد المئتين 274,حكومي,المرحلة الإبتدائية,بنات
1446,2025,الرياض,95417,الابتدائية الخامسة والسبعون بعد المئتين 275,حكومي,المرحلة الإبتدائية,بنات
1446,2025,الرياض,95418,الابتدائية السادسة والسبعون بعد المئتين 276,حكومي,المرحلة الإبتدائية,بنات
1446,2025,الرياض,95420,الابتدائية السادسة والأربعون بعد المئتين 246,حكومي,المرحلة الإبتدائية,بنات
1446,2025,الرياض,95422,الابتدائية الحادية عشرة  لتحفيظ القرآن الكريم 11,حكومي,المرحلة الإبتدائية,بنات
1446,2025,الرياض,95422,الابتدائية الحادية عشرة  لتحفيظ القرآن الكريم 11,حكومي,المرحلة المتوسطة,بنات
1446,2025,الرياض,95423,ابتدائية تحفيظ القرآن الكريم بالدرعية,حكومي,المرحلة الإبتدائية,بنات
1446,2025,الرياض,95423,ابتدائية تحفيظ القرآن الكريم بالدرعية,حكومي,المرحلة المتوسطة,بنات
1446,2025,الرياض,95424,ابتدائية تحفيظ القرآن الكريم بالمزاحمية,حكومي,المرحلة الإبتدائية,بنات
1446,2025,الرياض,95424,ابتدائية تحفيظ القرآن الكريم بالمزاحمية,حكومي,المرحلة المتوسطة,بنات
1446,2025,الرياض,95425,الابتدائية الخامسة بالمزاحمية 5,حكومي,المرحلة الإبتدائية,بنات
1446,2025,الرياض,95425,الابتدائية الخامسة بالمزاحمية 5,حكومي,رياض الأطفال,بنات
1446,2025,الرياض,95426,الابتدائية السادسة لتحفيظ القرآن الكريم  6,حكومي,المرحلة الإبتدائية,بنات
1446,2025,الرياض,95428,الابتدائية الثمانون بعد المئتين 280,حكومي,المرحلة الإبتدائية,بنات
1446,2025,الرياض,95428,الابتدائية الثمانون بعد المئتين 280,حكومي,رياض الأطفال,بنات
1446,2025,الرياض,95430,الابتدائية الحادية والتسعون بعد المئتين 291,حكومي,المرحلة الإبتدائية,بنات
1446,2025,الرياض,95430,الابتدائية الحادية والتسعون بعد المئتين 291,حكومي,رياض الأطفال,بنات
1446,2025,الرياض,95431,الابتدائية الثامنة والثمانون بعد المئتين 288,حكومي,المرحلة الإبتدائية,بنات
1446,2025,الرياض,95432,الابتدائية السابعة والثمانون بعد المئتين 287,حكومي,المرحلة الإبتدائية,بنات
1446,2025,الرياض,95432,الابتدائية السابعة والثمانون بعد المئتين 287,حكومي,رياض الأطفال,بنات
1446,2025,الرياض,95433,الابتدائية السادسة والثمانون بعد المئتين 286,حكومي,المرحلة الإبتدائية,بنات
1446,2025,الرياض,95433,الابتدائية السادسة والثمانون بعد المئتين 286,حكومي,رياض الأطفال,بنات
1446,2025,الرياض,95434,الابتدائية الخامسة والثمانون بعد المئتين 285,حكومي,المرحلة الإبتدائية,بنات
1446,2025,الرياض,95434,الابتدائية الخامسة والثمانون بعد المئتين 285,حكومي,رياض الأطفال,بنات
1446,2025,الرياض,95435,الابتدائية الرابعة بعد الثلاثمائة 304,حكومي,المرحلة الإبتدائية,بنات
1446,2025,الرياض,95436,الابتدائية الحادية بعد الثلاثمائة 301,حكومي,المرحلة الإبتدائية,بنات
1446,2025,الرياض,95437,الابتدائية السابعة بعد الثلاثمائة 307,حكومي,المرحلة الإبتدائية,بنات
1446,2025,الرياض,95437,الابتدائية السابعة بعد الثلاثمائة 307,حكومي,رياض الأطفال,بنات
1446,2025,الرياض,95438,الابتدائية الثامنة بعد الثلاثمائة 308,حكومي,المرحلة الإبتدائية,بنات
1446,2025,الرياض,95439,الابتدائية السادسة بعد الثلاثمائة 306,حكومي,المرحلة الإبتدائية,بنات
1446,2025,الرياض,95439,الابتدائية السادسة بعد الثلاثمائة 306,حكومي,رياض الأطفال,بنات
1446,2025,الرياض,95442,الابتدائية السابعة لتحفيظ القرآن الكريم  7,حكومي,المرحلة الإبتدائية,بنات
1446,2025,الرياض,95443,الابتدائية العاشرة لتحفيظ القرآن الكريم  10,حكومي,المرحلة الإبتدائية,بنات
1446,2025,الرياض,95444,ابتدائية إبراهيم بن الحارث للطفولة المبكرة,حكومي,المرحلة الإبتدائية,بنات
1446,2025,الرياض,95444,ابتدائية إبراهيم بن الحارث للطفولة المبكرة,حكومي,رياض الأطفال,بنات
1446,2025,الرياض,95445,الابتدائية الثانية والثمانون بعد المئتين 282,حكومي,المرحلة الإبتدائية,بنات
1446,2025,الرياض,95445,الابتدائية الثانية والثمانون بعد المئتين 282,حكومي,رياض الأطفال,بنات
1446,2025,الرياض,95446,الابتدائية الرابعة والثمانون بعد المئتين 284,حكومي,المرحلة الإبتدائية,بنات
1446,2025,الرياض,95446,الابتدائية الرابعة والثمانون بعد المئتين 284,حكومي,رياض الأطفال,بنات
1446,2025,الرياض,95447,الابتدائية السادسة والتسعون بعد المئتين 296,حكومي,المرحلة الإبتدائية,بنات
1446,2025,الرياض,95448,الابتدائية الثالثة برماح 3,حكومي,المرحلة الإبتدائية,بنات
1446,2025,الرياض,95449,ابتدائية تحفيظ القرآن برماح,حكومي,المرحلة الإبتدائية,بنات
1446,2025,الرياض,95450,الابتدائية الثانية عشرة لتحفيظ القرآن الكريم 12,حكومي,المرحلة الإبتدائية,بنات
1446,2025,الرياض,95451,الابتدائية الثالثة والثمانون بعد المئتين 283,حكومي,المرحلة الإبتدائية,بنات
1446,2025,الرياض,95452,الابتدائية الثانية والتسعون بعد المئتين 292,حكومي,المرحلة الإبتدائية,بنات
1446,2025,الرياض,95452,الابتدائية الثانية والتسعون بعد المئتين 292,حكومي,رياض الأطفال,بنات
1446,2025,الرياض,95453,الابتدائية السابعة والتسعون بعد المئتين 297,حكومي,المرحلة الإبتدائية,بنات
1446,2025,الرياض,95456,ابتدائية السيباني,حكومي,المرحلة الإبتدائية,بنات
1446,2025,الرياض,95457,الابتدائية الثلاثمائة 300,حكومي,المرحلة الإبتدائية,بنات
1446,2025,الرياض,95457,الابتدائية الثلاثمائة 300,حكومي,رياض الأطفال,بنات
1446,2025,الرياض,95458,الابتدائية السادسة والعشرون بعد الثلاثمائة 326,حكومي,المرحلة الإبتدائية,بنات
1446,2025,الرياض,95459,الابتدائية التاسعة بعد الثلاثمائة 309,حكومي,المرحلة الإبتدائية,بنات
1446,2025,الرياض,95460,الابتدائية التاسعة لتحفيظ القرآن الكريم 9,حكومي,المرحلة الإبتدائية,بنات
1446,2025,الرياض,95461,الابتدائية الثالثة بعد الثلاثمائة303,حكومي,المرحلة الإبتدائية,بنات
1446,2025,الرياض,95462,الابتدائية الثالثة والتسعون بعد المئتين 293,حكومي,المرحلة الإبتدائية,بنات
1446,2025,الرياض,95462,الابتدائية الثالثة والتسعون بعد المئتين 293,حكومي,رياض الأطفال,بنات
1446,2025,الرياض,95463,الابتدائية الثالثة عشرة لتحفيظ القرآن الكريم 13,حكومي,المرحلة الإبتدائية,بنات
1446,2025,الرياض,95463,الابتدائية الثالثة عشرة لتحفيظ القرآن الكريم 13,حكومي,رياض الأطفال,بنات
1446,2025,الرياض,95464,الابتدائية الرابعة عشرة لتحفيظ القرآن الكريم 14,حكومي,المرحلة الإبتدائية,بنات
1446,2025,الرياض,95465,ابتدائية تحفيظ القرآن الكريم بضرماء,حكومي,المرحلة الإبتدائية,بنات
1446,2025,الرياض,95467,ابتدائية رويغب برماح,حكومي,المرحلة الإبتدائية,بنات
1446,2025,الرياض,95467,ابتدائية رويغب برماح,حكومي,المرحلة الثانوية,بنات
1446,2025,الرياض,95467,ابتدائية رويغب برماح,حكومي,المرحلة المتوسطة,بنات
1446,2025,الرياض,95467,ابتدائية رويغب برماح,حكومي,رياض الأطفال,بنات
1446,2025,الرياض,95468,الابتدائية الخامسة والثلاثون بعد المئتين 235,حكومي,المرحلة الإبتدائية,بنات
1446,2025,الرياض,95468,الابتدائية الخامسة والثلاثون بعد المئتين 235,حكومي,رياض الأطفال,بنات
1446,2025,الرياض,95469,الابتدائية الثامنة والأربعون بعد الثلاثمائة 348,حكومي,المرحلة الإبتدائية,بنات
1446,2025,الرياض,95469,الابتدائية الثامنة والأربعون بعد الثلاثمائة 348,حكومي,المرحلة المتوسطة,بنات
1446,2025,الرياض,95470,الابتدائية التاسعة والعشرون بعد الثلاثمائة 329,حكومي,المرحلة الإبتدائية,بنات
1446,2025,الرياض,95471,الابتدائية السابعة عشرة لتحفيظ القرآن الكريم 17,حكومي,المرحلة الإبتدائية,بنات
1446,2025,الرياض,95472,الابتدائية الثانية بعد الثلاثمائة  302,حكومي,المرحلة الإبتدائية,بنات
1446,2025,الرياض,95472,الابتدائية الثانية بعد الثلاثمائة  302,حكومي,رياض الأطفال,بنات
1446,2025,الرياض,95473,الابتدائية العشرون بعد الثلاثمائة  320,حكومي,المرحلة الإبتدائية,بنات
1446,2025,الرياض,95475,الابتدائية السادسة عشرة بعد الثلاثمائة 316,حكومي,المرحلة الإبتدائية,بنات
1446,2025,الرياض,95475,الابتدائية السادسة عشرة بعد الثلاثمائة 316,حكومي,رياض الأطفال,بنات
1446,2025,الرياض,95476,الابتدائية الخامسة والتسعون بعد المئتين 295,حكومي,المرحلة الإبتدائية,بنات
1446,2025,الرياض,95476,الابتدائية الخامسة والتسعون بعد المئتين 295,حكومي,رياض الأطفال,بنات
1446,2025,الرياض,95477,ابتدائية الحفنة برماح,حكومي,المرحلة الإبتدائية,بنات
1446,2025,الرياض,95477,ابتدائية الحفنة برماح,حكومي,المرحلة المتوسطة,بنات
1446,2025,الرياض,95477,ابتدائية الحفنة برماح,حكومي,رياض الأطفال,بنات
1446,2025,الرياض,95480,الابتدائية السادسة والأربعون بعد الثلاثمائة 346,حكومي,المرحلة الإبتدائية,بنات
1446,2025,الرياض,95480,الابتدائية السادسة والأربعون بعد الثلاثمائة 346,حكومي,رياض الأطفال,بنات
1446,2025,الرياض,95481,الابتدائية الحادية والخمسون بعد المئتين 251,حكومي,المرحلة الإبتدائية,بنات
1446,2025,الرياض,95481,الابتدائية الحادية والخمسون بعد المئتين 251,حكومي,رياض الأطفال,بنات
1446,2025,الرياض,95482,الابتدائية الخامسة عشرة لتحفيظ القرآن الكريم 15,حكومي,المرحلة الإبتدائية,بنات
1446,2025,الرياض,95483,الابتدائية الحادية عشرة بعد الثلاثمائة 311,حكومي,المرحلة الإبتدائية,بنات
1446,2025,الرياض,95483,الابتدائية الحادية عشرة بعد الثلاثمائة 311,حكومي,رياض الأطفال,بنات
1446,2025,الرياض,95484,الابتدائية الحادية والخمسون الثلاثمائة 351,حكومي,المرحلة الإبتدائية,بنات
1446,2025,الرياض,95484,الابتدائية الحادية والخمسون الثلاثمائة 351,حكومي,رياض الأطفال,بنات
1446,2025,الرياض,95485,الابتدائية الثانية والخمسون بعد الثلاثمائة 352,حكومي,المرحلة الإبتدائية,بنات
1446,2025,الرياض,95486,الابتدائية الرابعة والأربعون بعد الثلاثمائة 344,حكومي,المرحلة الإبتدائية,بنات
1446,2025,الرياض,95486,الابتدائية الرابعة والأربعون بعد الثلاثمائة 344,حكومي,رياض الأطفال,بنات
1446,2025,الرياض,95487,الابتدائية الخامسة والأربعون بعد الثلاثمائة 345,حكومي,المرحلة الإبتدائية,بنات
1446,2025,الرياض,95488,الابتدائية الثالثة والأربعون بعد الثلاثمائة  343,حكومي,المرحلة الإبتدائية,بنات
1446,2025,الرياض,95489,الابتدائية الأربعون بعد الثلاثمائة 340,حكومي,المرحلة الإبتدائية,بنات
1446,2025,الرياض,95490,الابتدائية التاسعة والثلاثون بعد الثلاثمائة 339,حكومي,المرحلة الإبتدائية,بنات
1446,2025,الرياض,95490,الابتدائية التاسعة والثلاثون بعد الثلاثمائة 339,حكومي,رياض الأطفال,بنات
1446,2025,الرياض,95491,الابتدائية السابعة والثلاثون بعد الثلاثمائة 337,حكومي,المرحلة الإبتدائية,بنات
1446,2025,الرياض,95492,الابتدائية السادسة والثلاثون بعد الثلاثمائة 336,حكومي,المرحلة الإبتدائية,بنات
1446,2025,الرياض,95493,الابتدائية الخامسة والثلاثون بعد الثلاثمائه 335,حكومي,المرحلة الإبتدائية,بنات
1446,2025,الرياض,95494,الابتدائية الثانية والأربعون بعد الثلاثمائة 342,حكومي,المرحلة الإبتدائية,بنات
1446,2025,الرياض,95495,الابتدائية الرابعة والثلاثون بعد الثلاثمائة 334,حكومي,المرحلة الإبتدائية,بنات
1446,2025,الرياض,95496,الابتدائية الثامنة والعشرون بعد الثلاثمائة 328,حكومي,المرحلة الإبتدائية,بنات
1446,2025,الرياض,95497,الابتدائية السابعة والعشرون بعد الثلاثمائة 327,حكومي,المرحلة الإبتدائية,بنات
1446,2025,الرياض,95498,ابتدائية أسماء بنت عمرو,حكومي,المرحلة الإبتدائية,بنات
1446,2025,الرياض,95498,ابتدائية أسماء بنت عمرو,حكومي,رياض الأطفال,بنات
1446,2025,الرياض,95499,الابتدائية العاشرة بعد الثلاثمائة  310,حكومي,المرحلة الإبتدائية,بنات
1446,2025,الرياض,95500,ابتدائية لميس بنت الحارث,حكومي,المرحلة الإبتدائية,بنات
1446,2025,الرياض,95501,الابتدائية الثامنة والثلاثون بعد الثلاثمائة 338,حكومي,المرحلة الإبتدائية,بنات
1446,2025,الرياض,95501,الابتدائية الثامنة والثلاثون بعد الثلاثمائة 338,حكومي,رياض الأطفال,بنات
1446,2025,الرياض,95502,الابتدائية الثالثة بضرماء 3,حكومي,المرحلة الإبتدائية,بنات
1446,2025,الرياض,95502,الابتدائية الثالثة بضرماء 3,حكومي,رياض الأطفال,بنات
1446,2025,الرياض,95503,الابتدائية الرابعة عشرة بعد الثلاثمائة 314,حكومي,المرحلة الإبتدائية,بنات
1446,2025,الرياض,95503,الابتدائية الرابعة عشرة بعد الثلاثمائة 314,حكومي,رياض الأطفال,بنات
1446,2025,الرياض,95506,الابتدائية الثلاثون بعد الثلاثمائة 330,حكومي,المرحلة الإبتدائية,بنات
1446,2025,الرياض,95508,الابتدائية الثانية بالعيينه 2,حكومي,المرحلة الإبتدائية,بنات
1446,2025,الرياض,95508,الابتدائية الثانية بالعيينه 2,حكومي,رياض الأطفال,بنات
1446,2025,الرياض,95511,الابتدائية التاسعة والأربعون بعد الثلاثمائة 349,حكومي,المرحلة الإبتدائية,بنات
1446,2025,الرياض,95511,الابتدائية التاسعة والأربعون بعد الثلاثمائة 349,حكومي,رياض الأطفال,بنات
1446,2025,الرياض,95512,الابتدائية الخمسون بعد الثلاثمائة  350,حكومي,المرحلة الإبتدائية,بنات
1446,2025,الرياض,95512,الابتدائية الخمسون بعد الثلاثمائة  350,حكومي,رياض الأطفال,بنات
1446,2025,الرياض,95513,الابتدائية الرابعة والخمسون بعد الثلاثمائة 354,حكومي,المرحلة الإبتدائية,بنات
1446,2025,الرياض,95514,الابتدائية السادسة والستون بعد الثلاثمائة  366,حكومي,المرحلة الإبتدائية,بنات
1446,2025,الرياض,95515,الابتدائية الثامنة عشرة لتحفيظ القرآن الكريم 18,حكومي,المرحلة الإبتدائية,بنات
1446,2025,الرياض,95517,ابتدائية طويق,حكومي,المرحلة الإبتدائية,بنات
1446,2025,الرياض,95517,ابتدائية طويق,حكومي,رياض الأطفال,بنات
1446,2025,الرياض,95518,الابتدائية السابعة والأربعون بعد الثلاثمائة 347,حكومي,المرحلة الإبتدائية,بنات
1446,2025,الرياض,95519,الابتدائية الرابعة برماح  4,حكومي,المرحلة الإبتدائية,بنات
1446,2025,الرياض,95522,الابتدائية الثامنة والخمسون بعد الثلاثمائة 358,حكومي,المرحلة الإبتدائية,بنات
1446,2025,الرياض,95526,الابتدائية الثالثة والعشرون لتحفيظ القرآن الكريم 23,حكومي,المرحلة الإبتدائية,بنات
1446,2025,الرياض,95527,الابتدائية الرابعة والعشرون  لتحفيظ القرآن الكريم 24,حكومي,المرحلة الإبتدائية,بنات
1446,2025,الرياض,95527,الابتدائية الرابعة والعشرون  لتحفيظ القرآن الكريم 24,حكومي,رياض الأطفال,بنات
1446,2025,الرياض,95528,الابتدائية السادسة والعشرون لتحفيظ القرآن الكريم  26,حكومي,المرحلة الإبتدائية,بنات
1446,2025,الرياض,95529,متوسطة جميلة بنت زيد,حكومي,المرحلة المتوسطة,بنات
1446,2025,الرياض,95530,المتوسطة الثانية 2,حكومي,المرحلة المتوسطة,بنات
1446,2025,الرياض,95532,المتوسطة الرابعة 4,حكومي,المرحلة المتوسطة,بنات
1446,2025,الرياض,95533,متوسطة أسماء بنت الحارث,حكومي,المرحلة المتوسطة,بنات
1446,2025,الرياض,95534,المتوسطة السادسة 6,حكومي,المرحلة المتوسطة,بنات
1446,2025,الرياض,95535,متوسطة هند بنت الحكم,حكومي,المرحلة المتوسطة,بنات
1446,2025,الرياض,95536,المتوسطة الثامنة 8,حكومي,المرحلة المتوسطة,بنات
1446,2025,الرياض,95538,المتوسطة العاشرة 10,حكومي,المرحلة المتوسطة,بنات
1446,2025,الرياض,95541,المتوسطة الثالثة عشرة 13,حكومي,المرحلة المتوسطة,بنات
1446,2025,الرياض,95542,المتوسطة الرابعة عشرة 14,حكومي,المرحلة المتوسطة,بنات
1446,2025,الرياض,95543,متوسطة عائشة بنت أبي سفيان,حكومي,المرحلة المتوسطة,بنات
1446,2025,الرياض,95544,المتوسطة السادسة عشرة  16,حكومي,المرحلة المتوسطة,بنات
1446,2025,الرياض,95545,المتوسطة السابعة عشرة 17,حكومي,المرحلة المتوسطة,بنات
1446,2025,الرياض,95546,المتوسطة الثامنة عشرة 18,حكومي,المرحلة المتوسطة,بنات
1446,2025,الرياض,95547,متوسطة أسماء بنت عميس,حكومي,المرحلة المتوسطة,بنات
1446,2025,الرياض,95548,المتوسطة العشرون 20,حكومي,المرحلة المتوسطة,بنات
1446,2025,الرياض,95549,المتوسطة الحادية والعشرون 21,حكومي,المرحلة المتوسطة,بنات
1446,2025,الرياض,95550,المتوسطة الثانية والعشرون 22,حكومي,المرحلة المتوسطة,بنات
1446,2025,الرياض,95551,متوسطة ليلى الأوسية,حكومي,المرحلة المتوسطة,بنات
1446,2025,الرياض,95552,متوسطة منيرة بنت عبدالعزيز,حكومي,المرحلة المتوسطة,بنات
1446,2025,الرياض,95553,المتوسطة الخامسة والعشرون 25,حكومي,المرحلة المتوسطة,بنات
1446,2025,الرياض,95554,المتوسطة السادسة و العشرون 26,حكومي,المرحلة المتوسطة,بنات
1446,2025,الرياض,95555,المتوسطة السابعة و العشرون 27,حكومي,المرحلة المتوسطة,بنات
1446,2025,الرياض,95557,المتوسطة التاسعة والعشرون 29,حكومي,المرحلة المتوسطة,بنات
1446,2025,الرياض,95558,المتوسطة الثلاثون 30,حكومي,المرحلة المتوسطة,بنات
1446,2025,الرياض,95559,المتوسطة الحادية والثلاثون 31,حكومي,المرحلة المتوسطة,بنات
1446,2025,الرياض,95561,المتوسطة الثالثة والثلاثون 33,حكومي,المرحلة المتوسطة,بنات
1446,2025,الرياض,95562,المتوسطة الرابعة و الثلاثون 34,حكومي,المرحلة المتوسطة,بنات
1446,2025,الرياض,95564,المتوسطة السادسة والثلاثون 36,حكومي,المرحلة المتوسطة,بنات
1446,2025,الرياض,95566,المتوسطة الثامنة والثلاثون  38,حكومي,المرحلة المتوسطة,بنات
1446,2025,الرياض,95567,المتوسطة التاسعة والثلاثون 39,حكومي,المرحلة المتوسطة,بنات
1446,2025,الرياض,95568,المتوسطة الاربعون 40,حكومي,المرحلة المتوسطة,بنات
1446,2025,الرياض,95569,المتوسطة الحادية و الأربعون 41,حكومي,المرحلة المتوسطة,بنات
1446,2025,الرياض,95571,المتوسطة الثالثة والأربعون 43,حكومي,المرحلة المتوسطة,بنات
1446,2025,الرياض,95572,المتوسطة الرابعة والأربعون 44,حكومي,المرحلة المتوسطة,بنات
1446,2025,الرياض,95573,المتوسطة الخامسة والأربعون 45,حكومي,المرحلة المتوسطة,بنات
1446,2025,الرياض,95574,المتوسطة السادسة والأربعون 46,حكومي,المرحلة المتوسطة,بنات
1446,2025,الرياض,95575,المتوسطة السابعة والأربعون 47,حكومي,المرحلة المتوسطة,بنات
1446,2025,الرياض,95576,المتوسطة الثامنة والأربعون 48,حكومي,المرحلة المتوسطة,بنات
1446,2025,الرياض,95577,المتوسطة التاسعة والأربعون 49,حكومي,المرحلة المتوسطة,بنات
1446,2025,الرياض,95578,المتوسطة الخمسون 50,حكومي,المرحلة المتوسطة,بنات
1446,2025,الرياض,95579,المتوسطة الحادية والخمسون 51,حكومي,المرحلة المتوسطة,بنات
1446,2025,الرياض,95580,المتوسطة الثانية و الخمسون 52,حكومي,المرحلة المتوسطة,بنات
1446,2025,الرياض,95581,المتوسطة الثالثة والخمسون 53,حكومي,المرحلة المتوسطة,بنات
1446,2025,الرياض,95583,المتوسطة الخامسة والخمسون 55,حكومي,المرحلة المتوسطة,بنات
1446,2025,الرياض,95584,المتوسطة السادسة والخمسون 56,حكومي,المرحلة المتوسطة,بنات
1446,2025,الرياض,95585,المتوسطة السابعة والخمسون 57,حكومي,المرحلة المتوسطة,بنات
1446,2025,الرياض,95586,المتوسطة الثامنة والخمسون 58,حكومي,المرحلة المتوسطة,بنات
1446,2025,الرياض,95587,المتوسطة التاسعة والخمسون 59,حكومي,المرحلة المتوسطة,بنات
1446,2025,الرياض,95588,المتوسطة الستون 60,حكومي,المرحلة المتوسطة,بنات
1446,2025,الرياض,95589,المتوسطة الحادية والستون 61,حكومي,المرحلة المتوسطة,بنات
1446,2025,الرياض,95590,المتوسطة الثانية والستون 62,حكومي,المرحلة المتوسطة,بنات
1446,2025,الرياض,95591,المتوسطة الثالثة والستون 63,حكومي,المرحلة المتوسطة,بنات
1446,2025,الرياض,95592,المتوسطة الرابعة والستون 64,حكومي,المرحلة الثانوية,بنات
1446,2025,الرياض,95592,المتوسطة الرابعة والستون 64,حكومي,المرحلة المتوسطة,بنات
1446,2025,الرياض,95593,المتوسطة الخامسة والستون 65,حكومي,المرحلة المتوسطة,بنات
1446,2025,الرياض,95594,المتوسطة السادسة والستون 66,حكومي,المرحلة المتوسطة,بنات
1446,2025,الرياض,95595,المتوسطة السابعة والستون 67,حكومي,المرحلة المتوسطة,بنات
1446,2025,الرياض,95597,المتوسطة التاسعة والستون 69,حكومي,المرحلة المتوسطة,بنات
1446,2025,الرياض,95598,المتوسطة السبعون 70,حكومي,المرحلة المتوسطة,بنات
1446,2025,الرياض,95599,المتوسطة الحادية والسبعون 71,حكومي,المرحلة المتوسطة,بنات
1446,2025,الرياض,95600,المتوسطة الثانية والسبعون 72,حكومي,المرحلة الإبتدائية,بنات
1446,2025,الرياض,95600,المتوسطة الثانية والسبعون 72,حكومي,المرحلة المتوسطة,بنات
1446,2025,الرياض,95601,المتوسطة الثالثة والسبعون 73,حكومي,المرحلة المتوسطة,بنات
1446,2025,الرياض,95604,المتوسطة السادسة والسبعون 76,حكومي,المرحلة المتوسطة,بنات
1446,2025,الرياض,95605,المتوسطة السابعة والسبعون 77,حكومي,المرحلة المتوسطة,بنات
1446,2025,الرياض,95606,المتوسطة الثامنة والسبعون 78,حكومي,المرحلة المتوسطة,بنات
1446,2025,الرياض,95607,المتوسطة التاسعة والسبعون 79,حكومي,المرحلة المتوسطة,بنات
1446,2025,الرياض,95608,المتوسطة الثمانون 80,حكومي,المرحلة المتوسطة,بنات
1446,2025,الرياض,95609,المتوسطة الحادية والثمانون 81,حكومي,المرحلة المتوسطة,بنات
1446,2025,الرياض,95610,المتوسطة الثالثة والثمانون 83,حكومي,المرحلة المتوسطة,بنات
1446,2025,الرياض,95611,متوسطة الحاير,حكومي,المرحلة الثانوية,بنات
1446,2025,الرياض,95611,متوسطة الحاير,حكومي,المرحلة المتوسطة,بنات
1446,2025,الرياض,95613,معهد الرياض النموذجي المتوسط,حكومي,المرحلة المتوسطة,بنات
1446,2025,الرياض,95614,المتوسطة الاولى بالدرعية 1,حكومي,المرحلة الإبتدائية,بنات
1446,2025,الرياض,95614,المتوسطة الاولى بالدرعية 1,حكومي,المرحلة المتوسطة,بنات
1446,2025,الرياض,95615,متوسطة عرقه الآولى 1,حكومي,المرحلة المتوسطة,بنات
1446,2025,الرياض,95616,المتوسطة الأولى بضرماء 1,حكومي,المرحلة المتوسطة,بنات
1446,2025,الرياض,95617,متوسطة  قصور آل مقبل,حكومي,المرحلة الثانوية,بنات
1446,2025,الرياض,95617,متوسطة  قصور آل مقبل,حكومي,المرحلة المتوسطة,بنات
1446,2025,الرياض,95619,المتوسطة الأولى بثادق 1,حكومي,المرحلة الثانوية,بنات
1446,2025,الرياض,95619,المتوسطة الأولى بثادق 1,حكومي,المرحلة المتوسطة,بنات
1446,2025,الرياض,95626,متوسطة حريملاء,حكومي,المرحلة المتوسطة,بنات
1446,2025,الرياض,95627,متوسطة ملهم بحريملاء,حكومي,المرحلة المتوسطة,بنات
1446,2025,الرياض,95628,متوسطة العيينة,حكومي,المرحلة المتوسطة,بنات
1446,2025,الرياض,95628,متوسطة العيينة,حكومي,رياض الأطفال,بنات
1446,2025,الرياض,95630,المتوسطة الأولى بالمزاحمية 1,حكومي,المرحلة المتوسطة,بنات
1446,2025,الرياض,95632,متوسطة الغطغط,حكومي,المرحلة الثانوية,بنات
1446,2025,الرياض,95632,متوسطة الغطغط,حكومي,المرحلة المتوسطة,بنات
1446,2025,الرياض,95633,متوسطة هجرة سلطانة بالعيينة,حكومي,المرحلة الثانوية,بنات
1446,2025,الرياض,95633,متوسطة هجرة سلطانة بالعيينة,حكومي,المرحلة المتوسطة,بنات
1446,2025,الرياض,95634,المتوسطة الرابعة والثمانون 84,حكومي,المرحلة المتوسطة,بنات
1446,2025,الرياض,95635,المتوسطة الخامسة والثمانون 85,حكومي,المرحلة المتوسطة,بنات
1446,2025,الرياض,95636,المتوسطة السادسة والثمانون 86,حكومي,المرحلة المتوسطة,بنات
1446,2025,الرياض,95637,المتوسطة السابعة والثمانون 87,حكومي,المرحلة المتوسطة,بنات
1446,2025,الرياض,95638,المتوسطة الثامنة والثمانون 88,حكومي,المرحلة المتوسطة,بنات
1446,2025,الرياض,95639,المتوسطة التاسعة والثمانون 89,حكومي,المرحلة المتوسطة,بنات
1446,2025,الرياض,95640,المتوسطة التسعون 90,حكومي,المرحلة المتوسطة,بنات
1446,2025,الرياض,95641,المتوسطة الحادية والتسعون 91,حكومي,المرحلة المتوسطة,بنات
1446,2025,الرياض,95642,المتوسطة الثانية والتسعون 92,حكومي,المرحلة المتوسطة,بنات
1446,2025,الرياض,95643,المتوسطة الثانية والثمانون 82,حكومي,المرحلة المتوسطة,بنات
1446,2025,الرياض,95644,متوسطة قوات الأمن الخاصة,حكومي,المرحلة الثانوية,بنات
1446,2025,الرياض,95644,متوسطة قوات الأمن الخاصة,حكومي,المرحلة المتوسطة,بنات
1446,2025,الرياض,95645,المتوسطة الرابعة والتسعون 94,حكومي,المرحلة المتوسطة,بنات
1446,2025,الرياض,95646,المتوسطة السابعة والتسعون 97,حكومي,المرحلة المتوسطة,بنات
1446,2025,الرياض,95647,المتوسطة الثامنة والتسعون 98,حكومي,المرحلة المتوسطة,بنات
1446,2025,الرياض,95648,المتوسطة الثالثة والتسعون 93,حكومي,المرحلة المتوسطة,بنات
1446,2025,الرياض,95650,المتوسطة الخامسة والتسعون 95,حكومي,المرحلة المتوسطة,بنات
1446,2025,الرياض,95651,المتوسطة الرابعة بعد المائة 104,حكومي,المرحلة المتوسطة,بنات
1446,2025,الرياض,95652,المتوسطة العاشرة بعد المئتين 210,حكومي,المرحلة المتوسطة,بنات
1446,2025,الرياض,95657,المتوسطة الثانية بالمزاحمية 2,حكومي,المرحلة المتوسطة,بنات
1446,2025,الرياض,95659,متوسطة الرمحية برماح,حكومي,المرحلة الثانوية,بنات
1446,2025,الرياض,95659,متوسطة الرمحية برماح,حكومي,المرحلة المتوسطة,بنات
1446,2025,الرياض,95660,المتوسطة السادسة بعد المائة 106,حكومي,المرحلة المتوسطة,بنات
1446,2025,الرياض,95661,المتوسطة الثالثة لتحفيظ  القرآن الكريم 3,حكومي,المرحلة المتوسطة,بنات
1446,2025,الرياض,95668,المتوسطة الحادية بعد المائة 101,حكومي,المرحلة المتوسطة,بنات
1446,2025,الرياض,95669,المتوسطة الثانية بعد المائة 102,حكومي,المرحلة المتوسطة,بنات
1446,2025,الرياض,95670,المتوسطة الثالثة بعد المائة 103,حكومي,المرحلة المتوسطة,بنات
1446,2025,الرياض,95671,المتوسطة المائة 100,حكومي,المرحلة المتوسطة,بنات
1446,2025,الرياض,95673,المتوسطة العاشرة بعد المائة 110,حكومي,المرحلة المتوسطة,بنات
1446,2025,الرياض,95674,متوسطة الرمال الأولى للبنات,حكومي,المرحلة المتوسطة,بنات
1446,2025,الرياض,95675,المتوسطة الحادية عشرة بعد المائة 111,حكومي,المرحلة المتوسطة,بنات
1446,2025,الرياض,95678,المتوسطة الخامسة بعد المائة 105,حكومي,المرحلة المتوسطة,بنات
1446,2025,الرياض,95679,المتوسطة الثالثة عشرة بعد المائة 113,حكومي,المرحلة المتوسطة,بنات
1446,2025,الرياض,95680,المتوسطة الخامسة عشرة بعد المائة 115,حكومي,المرحلة الإبتدائية,بنات
1446,2025,الرياض,95680,المتوسطة الخامسة عشرة بعد المائة 115,حكومي,المرحلة المتوسطة,بنات
1446,2025,الرياض,95681,المتوسطة التاسعة بعد المائة 109,حكومي,المرحلة المتوسطة,بنات
1446,2025,الرياض,95682,المتوسطة الرابعة عشرة بعد المائة 114,حكومي,المرحلة المتوسطة,بنات
1446,2025,الرياض,95683,المتوسطة الثامنة عشرة بعد المائة 118,حكومي,المرحلة المتوسطة,بنات
1446,2025,الرياض,95684,المتوسطة الحادية والثلاثون بعد المائة 131,حكومي,المرحلة المتوسطة,بنات
1446,2025,الرياض,95685,متوسطة رملة بنت أبي سفيان,حكومي,المرحلة المتوسطة,بنات
1446,2025,الرياض,95686,المتوسطة السادسة عشرة بعد المائة 116,حكومي,المرحلة المتوسطة,بنات
1446,2025,الرياض,95688,المتوسطة الثانية بالدرعية 2,حكومي,المرحلة المتوسطة,بنات
1446,2025,الرياض,95691,المتوسطة السابعة لتحفيظ القرآن الكريم 7,حكومي,المرحلة المتوسطة,بنات
1446,2025,الرياض,95692,المتوسطة السابعة بعد المائة  107,حكومي,المرحلة المتوسطة,بنات
1446,2025,الرياض,95693,المتوسطة السادسة والثلاثون بعد المائة 136,حكومي,المرحلة المتوسطة,بنات
1446,2025,الرياض,95694,المتوسطة الحادية والعشرون بعد المائة  121,حكومي,المرحلة المتوسطة,بنات
1446,2025,الرياض,95695,المتوسطة السادسة والعشرون بعد المائة 126,حكومي,المرحلة المتوسطة,بنات
1446,2025,الرياض,95696,المتوسطة السابعة عشرة بعد المائة 117,حكومي,المرحلة المتوسطة,بنات
1446,2025,الرياض,95697,المتوسطة التاسعة عشرة بعد المائة 119,حكومي,المرحلة المتوسطة,بنات
1446,2025,الرياض,95698,المتوسطة الثانية  بضرماء 2,حكومي,المرحلة الإبتدائية,بنات
1446,2025,الرياض,95698,المتوسطة الثانية  بضرماء 2,حكومي,المرحلة المتوسطة,بنات
1446,2025,الرياض,95699,المتوسطة التاسعة والتسعون 99,حكومي,المرحلة الثانوية,بنات
1446,2025,الرياض,95699,المتوسطة التاسعة والتسعون 99,حكومي,المرحلة المتوسطة,بنات
1446,2025,الرياض,95700,المتوسطة الرابعة  بالمزاحمية 4,حكومي,المرحلة المتوسطة,بنات
1446,2025,الرياض,95701,المتوسطة الثالثة بالمزاحمية 3,حكومي,المرحلة المتوسطة,بنات
1446,2025,الرياض,95702,المتوسطة الرابعة والعشرون بعد المائة 124,حكومي,المرحلة المتوسطة,بنات
1446,2025,الرياض,95703,المتوسطة السابعة والثلاثون بعد المائة 137,حكومي,المرحلة الثانوية,بنات
1446,2025,الرياض,95703,المتوسطة السابعة والثلاثون بعد المائة 137,حكومي,المرحلة المتوسطة,بنات
1446,2025,الرياض,95704,المتوسطة الثانية برماح 2,حكومي,المرحلة المتوسطة,بنات
1446,2025,الرياض,95706,المتوسطة العشرون بعد المائة 120,حكومي,المرحلة المتوسطة,بنات
1446,2025,الرياض,95707,المتوسطة السابعة والعشرون بعد المائة 127,حكومي,المرحلة المتوسطة,بنات
1446,2025,الرياض,95708,المتوسطة الثالثة والعشرون بعد المائة  123,حكومي,المرحلة المتوسطة,بنات
1446,2025,الرياض,95710,المتوسطة التاسعة لتحفيظ القرآن 9,حكومي,المرحلة المتوسطة,بنات
1446,2025,الرياض,95711,المتوسطة الخامسة والثلاثون بعد المائة 135,حكومي,المرحلة المتوسطة,بنات
1446,2025,الرياض,95714,متوسطة فلوة بنت عبدالعزيز,حكومي,المرحلة المتوسطة,بنات
1446,2025,الرياض,95715,متوسطة نائلة بنت عمارة,حكومي,المرحلة المتوسطة,بنات
1446,2025,الرياض,95716,متوسطة هيا بنت عبدالعزيز,حكومي,المرحلة المتوسطة,بنات
1446,2025,الرياض,95717,المتوسطة الثلاثون بعد المائة 130,حكومي,المرحلة المتوسطة,بنات
1446,2025,الرياض,95718,المتوسطة التاسعة والعشرون بعد المائة 129,حكومي,المرحلة المتوسطة,بنات
1446,2025,الرياض,95719,متوسطة الرباب بنت البراء,حكومي,المرحلة المتوسطة,بنات
1446,2025,الرياض,95720,المتوسطة الثالثة والثلاثون بعد المائة 133,حكومي,المرحلة المتوسطة,بنات
1446,2025,الرياض,95721,المتوسطة التاسعة والثلاثون بعد المائة 139,حكومي,المرحلة المتوسطة,بنات
1446,2025,الرياض,95722,المتوسطة الأربعون بعد المائة 140,حكومي,المرحلة المتوسطة,بنات
1446,2025,الرياض,95724,المتوسطة الخامسة والأربعون بعد المائة 145,حكومي,المرحلة المتوسطة,بنات
1446,2025,الرياض,95725,المتوسطة السادسة والأربعون بعد المائة 146,حكومي,المرحلة المتوسطة,بنات
1446,2025,الرياض,95727,المتوسطة الرابعة عشرة لتحفيظ القرآن 14,حكومي,المرحلة المتوسطة,بنات
1446,2025,الرياض,95733,المتوسطة الثالثة عشرة لتحفيظ القرآن 13,حكومي,المرحلة المتوسطة,بنات
1446,2025,الرياض,95738,المتوسطة السادسة والخمسون بعد المائة 156,حكومي,المرحلة المتوسطة,بنات
1446,2025,الرياض,95739,المتوسطة الثامنة والثلاثون بعد المائة 138,حكومي,المرحلة المتوسطة,بنات
1446,2025,الرياض,95740,متوسطة طويق,حكومي,المرحلة الثانوية,بنات
1446,2025,الرياض,95740,متوسطة طويق,حكومي,المرحلة المتوسطة,بنات
1446,2025,الرياض,95744,المتوسطة الثانية بثادق 2,حكومي,المرحلة المتوسطة,بنات
1446,2025,الرياض,95746,المتوسطة السادسة والسبعون بعد المائة 176,حكومي,المرحلة المتوسطة,بنات
1446,2025,الرياض,95747,المتوسطة السادسة والستون بعد المائة 166,حكومي,المرحلة المتوسطة,بنات
1446,2025,الرياض,95792,ثانوية حواء الأنصارية - مسارات,حكومي,المرحلة الثانوية,بنات
1446,2025,الرياض,95834,ثانوية زينب الدمشقية - مسارات,حكومي,المرحلة الثانوية,بنات
1446,2025,الرياض,95896,المتوسطة السابعة عشرة لتحفيظ القرآن الكريم 17,حكومي,المرحلة المتوسطة,بنات
1446,2025,الرياض,96042,المتوسطة التاسعة والتسعون بعد المائة 199,حكومي,المرحلة المتوسطة,بنات
1446,2025,الرياض,96062,المتوسطة الحادية بعد المئتين 201,حكومي,المرحلة المتوسطة,بنات
1446,2025,الرياض,96078,الابتدائية الثالثة والثلاثون لتحفيظ القرآن الكريم 33,حكومي,المرحلة الإبتدائية,بنات
1446,2025,الرياض,96096,ابتدائية الجافورة,حكومي,المرحلة الإبتدائية,بنات
1446,2025,الرياض,96139,ابتدائية الأبناء الاولى 1,حكومي,المرحلة الإبتدائية,بنات
1446,2025,الرياض,96141,ابتدائية الأبناء بطريق الخرج,حكومي,المرحلة الإبتدائية,بنات
1446,2025,الرياض,96142,ابتدائية الأبناء بالحرس الملكي,حكومي,المرحلة الإبتدائية,بنات
1446,2025,الرياض,96143,ابتدائية الأبناء بقاعدة الملك سلمان للإسناد البحري,حكومي,المرحلة الإبتدائية,بنات
1446,2025,الرياض,96143,ابتدائية الأبناء بقاعدة الملك سلمان للإسناد البحري,حكومي,رياض الأطفال,بنات
1446,2025,الرياض,96144,ابتدائية الأبناء بكلية الملك عبد العزيز الحربية,حكومي,المرحلة الإبتدائية,بنات
1446,2025,الرياض,96144,ابتدائية الأبناء بكلية الملك عبد العزيز الحربية,حكومي,رياض الأطفال,بنات
1446,2025,الرياض,96145,متوسطة الأبناء بالرياض,حكومي,المرحلة المتوسطة,بنات
1446,2025,الرياض,96146,متوسطة الأبناء بالحرس الملكي,حكومي,المرحلة الثانوية,بنات
1446,2025,الرياض,96146,متوسطة الأبناء بالحرس الملكي,حكومي,المرحلة المتوسطة,بنات
1446,2025,الرياض,96147,متوسطة الأبناء بطريق الخرج,حكومي,المرحلة الثانوية,بنات
1446,2025,الرياض,96147,متوسطة الأبناء بطريق الخرج,حكومي,المرحلة المتوسطة,بنات
1446,2025,الرياض,96148,متوسطة الأبناء بالكلية الحربية,حكومي,المرحلة الثانوية,بنات
1446,2025,الرياض,96148,متوسطة الأبناء بالكلية الحربية,حكومي,المرحلة المتوسطة,بنات
1446,2025,الرياض,96149,متوسطة الأبناء بقاعدة الملك سلمان للإسناد البحري,حكومي,المرحلة الثانوية,بنات
1446,2025,الرياض,96149,متوسطة الأبناء بقاعدة الملك سلمان للإسناد البحري,حكومي,المرحلة المتوسطة,بنات
1446,2025,الرياض,96157,الروضة السادسة بعد المائة  106,حكومي,رياض الأطفال,بنات
1446,2025,الرياض,96158,الروضة الثامنة بعد المائة 108,حكومي,رياض الأطفال,بنات
1446,2025,الرياض,96159,الروضة التاسعة بعد المائة بالحرس109,حكومي,رياض الأطفال,بنات
1446,2025,الرياض,96160,الروضة العاشرة بعد المائة بالحرس110,حكومي,رياض الأطفال,بنات
1446,2025,الرياض,96161,الروضة الحادية عشرة بعد المائة 111,حكومي,رياض الأطفال,بنات
1446,2025,الرياض,96162,الروضة الثالثة عشرة بعد المائة 113,حكومي,رياض الأطفال,بنات
1446,2025,الرياض,96163,الروضة الثانية عشرة بعد المائة 112,حكومي,رياض الأطفال,بنات
1446,2025,الرياض,96165,الروضة السابعة بعد المائة  107,حكومي,رياض الأطفال,بنات
1446,2025,الرياض,96166,ابتدائية أم حبيبة لتحفيظ القرآن الكريم,حكومي,المرحلة الإبتدائية,بنات
1446,2025,الرياض,96166,ابتدائية أم حبيبة لتحفيظ القرآن الكريم,حكومي,المرحلة المتوسطة,بنات
1446,2025,الرياض,96167,ابتدائية أم حكيم بنت الحارث,حكومي,المرحلة الإبتدائية,بنات
1446,2025,الرياض,96168,ابتدائية أمامة بنت حمزة,حكومي,المرحلة الإبتدائية,بنات
1446,2025,الرياض,96169,ابتدائية أسماء بنت يزيد,حكومي,المرحلة الإبتدائية,بنات
1446,2025,الرياض,96170,ابتدائية سلمى بنت قيس,حكومي,المرحلة الإبتدائية,بنات
1446,2025,الرياض,96171,ابتدائية أم سليم,حكومي,المرحلة الإبتدائية,بنات
1446,2025,الرياض,96172,ابتدائية أم عمارة,حكومي,المرحلة الإبتدائية,بنات
1446,2025,الرياض,96173,ابتدائية الخنساء,حكومي,المرحلة الإبتدائية,بنات
1446,2025,الرياض,96174,ابتدائية جميلة بنت  الحارث,حكومي,المرحلة الإبتدائية,بنات
1446,2025,الرياض,96175,ابتدائية هاجر,حكومي,المرحلة الإبتدائية,بنات
1446,2025,الرياض,96176,ابتدائية ريحانة بنت زيد,حكومي,المرحلة الإبتدائية,بنات
1446,2025,الرياض,96177,ابتدائية لبابة بنت الحارث,حكومي,المرحلة الإبتدائية,بنات
1446,2025,الرياض,96178,ابتدائية خولة بنت الأزور,حكومي,المرحلة الإبتدائية,بنات
1446,2025,الرياض,96179,ابتدائية الشيماء,حكومي,المرحلة الإبتدائية,بنات
1446,2025,الرياض,96180,ابتدائية زينب بنت خزيمة,حكومي,المرحلة الإبتدائية,بنات
1446,2025,الرياض,96181,ابتدائية أم عمار بن ياسر,حكومي,المرحلة الإبتدائية,بنات
1446,2025,الرياض,96182,ابتدائية آمنة بنت عفان,حكومي,المرحلة الإبتدائية,بنات
1446,2025,الرياض,96183,ابتدائية أم كلثوم بنت عقبة,حكومي,المرحلة الإبتدائية,بنات
1446,2025,الرياض,96184,ابتدائية حفصة بنت عمر لتحفيظ القرآن الكريم,حكومي,المرحلة الإبتدائية,بنات
1446,2025,الرياض,96185,متوسطة أم أيمن بركة بنت ثعلبة,حكومي,المرحلة المتوسطة,بنات
1446,2025,الرياض,96186,متوسطة سودة بنت زمعة,حكومي,المرحلة المتوسطة,بنات
1446,2025,الرياض,96187,متوسطة رقية بنت محمد,حكومي,المرحلة المتوسطة,بنات
1446,2025,الرياض,96188,متوسطة زينب بنت محمد,حكومي,المرحلة المتوسطة,بنات
1446,2025,الرياض,96189,متوسطة خولة بنت ثعلبة,حكومي,المرحلة الثانوية,بنات
1446,2025,الرياض,96189,متوسطة خولة بنت ثعلبة,حكومي,المرحلة المتوسطة,بنات
1446,2025,الرياض,96228,الابتدائية الثانية 2 بعرقة,حكومي,المرحلة الإبتدائية,بنات
1446,2025,الرياض,96549,الابتدائية الثالثة عشرة بعد الأربعمائة 413,حكومي,المرحلة الإبتدائية,بنات
1446,2025,الرياض,96631,المتوسطة السابعة والتسعون بعد المائة 197,حكومي,المرحلة المتوسطة,بنات
1446,2025,الرياض,96691,المتوسطة السابعة والخمسون بعد المائة 157,حكومي,المرحلة المتوسطة,بنات
1446,2025,الرياض,96693,المتوسطة الثامنة والستون بعد المائة 168,حكومي,المرحلة المتوسطة,بنات
1446,2025,الرياض,96694,المتوسطة التاسعة والستون بعد المائة 169,حكومي,المرحلة المتوسطة,بنات
1446,2025,الرياض,96696,المتوسطة الثامنة والسبعون  بعد المائة 178,حكومي,المرحلة المتوسطة,بنات
1446,2025,الرياض,96697,المتوسطة الثمانون بعد المائة 180,حكومي,المرحلة المتوسطة,بنات
1446,2025,الرياض,96698,المتوسطة الثانية والثمانون بعد المائة 182,حكومي,المرحلة المتوسطة,بنات
1446,2025,الرياض,96699,المتوسطة السابعة والأربعون بعد المائة 147,حكومي,المرحلة المتوسطة,بنات
1446,2025,الرياض,96700,المتوسطة التاسعة والثمانون بعد المائة 189,حكومي,المرحلة المتوسطة,بنات
1446,2025,الرياض,96702,المتوسطة الستون بعد المائة 160,حكومي,المرحلة المتوسطة,بنات
1446,2025,الرياض,96703,المتوسطة السبعون بعد المائة 170,حكومي,المرحلة المتوسطة,بنات
1446,2025,الرياض,96704,المتوسطة الثالثة والسبعون بعد المائة 173,حكومي,المرحلة المتوسطة,بنات
1446,2025,الرياض,96705,المتوسطة الخامسة والسبعون بعد المائة 175,حكومي,المرحلة الإبتدائية,بنات
1446,2025,الرياض,96705,المتوسطة الخامسة والسبعون بعد المائة 175,حكومي,المرحلة المتوسطة,بنات
1446,2025,الرياض,96706,المتوسطة التاسعة والسبعون بعد المائة 179,حكومي,المرحلة المتوسطة,بنات
1446,2025,الرياض,96708,المتوسطة الثامنة والأربعون بعد المائة 148,حكومي,المرحلة المتوسطة,بنات
1446,2025,الرياض,96709,المتوسطة الثالثة والثمانون بعد المائة 183,حكومي,المرحلة المتوسطة,بنات
1446,2025,الرياض,96710,المتوسطة الرابعة والثمانون بعد المائة 184,حكومي,المرحلة المتوسطة,بنات
1446,2025,الرياض,96711,المتوسطة الخامسة والثمانون بعد المائة 185,حكومي,المرحلة المتوسطة,بنات
1446,2025,الرياض,96712,المتوسطة السابعة والثمانون بعد المائة 187,حكومي,المرحلة المتوسطة,بنات
1446,2025,الرياض,96713,المتوسطة التسعون بعد المائة 190,حكومي,المرحلة المتوسطة,بنات
1446,2025,الرياض,96714,المتوسطة الحادية والتسعون بعد المائة 191,حكومي,المرحلة المتوسطة,بنات
1446,2025,الرياض,96715,المتوسطة الثانية والتسعون بعد المائة 192,حكومي,المرحلة المتوسطة,بنات
1446,2025,الرياض,96716,المتوسطة الحادية والأربعون بعد المائة 141,حكومي,المرحلة الإبتدائية,بنات
1446,2025,الرياض,96716,المتوسطة الحادية والأربعون بعد المائة 141,حكومي,المرحلة المتوسطة,بنات
1446,2025,الرياض,96717,المتوسطة السابعة والسبعون بعد المائة 177,حكومي,المرحلة المتوسطة,بنات
1446,2025,الرياض,96718,المتوسطة الحادية والستون بعد المائة 161,حكومي,المرحلة المتوسطة,بنات
1446,2025,الرياض,96719,المتوسطة الثالثة والستون بعد المائة 163,حكومي,المرحلة المتوسطة,بنات
1446,2025,الرياض,96720,المتوسطة الثانية والسبعون بعد المائة 172,حكومي,المرحلة المتوسطة,بنات
1446,2025,الرياض,96721,المتوسطة السادسة والثمانون بعد المائة 186,حكومي,المرحلة المتوسطة,بنات
1446,2025,الرياض,96722,المتوسطة الثامنة والثمانون بعد المائة 188,حكومي,المرحلة المتوسطة,بنات
1446,2025,الرياض,96751,ثانوية الرمال الأولى للبنات,حكومي,المرحلة الثانوية,بنات
1446,2025,الرياض,96752,المتوسطة الحادية والخمسون بعد المائة 151,حكومي,المرحلة المتوسطة,بنات
1446,2025,الرياض,96753,المتوسطة الرابعة والخمسون بعد المائة 154,حكومي,المرحلة المتوسطة,بنات
1446,2025,الرياض,96754,المتوسطة الثامنة والخمسون بعد المائة 158,حكومي,المرحلة المتوسطة,بنات
1446,2025,الرياض,96755,المتوسطة الثانية والستون بعد المائة 162,حكومي,المرحلة المتوسطة,بنات
1446,2025,الرياض,96761,روضة جامعة الملك سعود,حكومي,رياض الأطفال,بنات
1446,2025,الرياض,96764,المتوسطة الرابعة والستون بعد المائة 164,حكومي,المرحلة المتوسطة,بنات
1446,2025,الرياض,96766,المتوسطة السابعة والستون بعد المائة 167,حكومي,المرحلة المتوسطة,بنات
1446,2025,الرياض,96771,المتوسطة الرابعة والتسعون بعد المائة 194,حكومي,المرحلة المتوسطة,بنات
1446,2025,الرياض,96772,الابتدائية الثانية والثلاثون بعد الثلاثمائة 332,حكومي,المرحلة الإبتدائية,بنات
1446,2025,الرياض,96773,المتوسطة الخامسة والتسعون بعد المائة 195,حكومي,المرحلة المتوسطة,بنات
1446,2025,الرياض,96774,الابتدائية الثالثة والخمسون بعد الثلاثمائة 353,حكومي,المرحلة الإبتدائية,بنات
1446,2025,الرياض,96775,الابتدائية السادسة والخمسون بعد الثلاثمائة 356,حكومي,المرحلة الإبتدائية,بنات
1446,2025,الرياض,96775,الابتدائية السادسة والخمسون بعد الثلاثمائة 356,حكومي,رياض الأطفال,بنات
1446,2025,الرياض,96777,الابتدائية الستون بعد الثلاثمائة 360,حكومي,المرحلة الإبتدائية,بنات
1446,2025,الرياض,96778,الابتدائية الحادية والستون بعد الثلاثمائة 361,حكومي,المرحلة الإبتدائية,بنات
1446,2025,الرياض,96778,الابتدائية الحادية والستون بعد الثلاثمائة 361,حكومي,رياض الأطفال,بنات
1446,2025,الرياض,96782,الابتدائية الثامنة والستون بعد الثلاثمائة 368,حكومي,المرحلة الإبتدائية,بنات
1446,2025,الرياض,96784,الابتدائية السبعون بعد الثلاثمائة 370,حكومي,المرحلة الإبتدائية,بنات
1446,2025,الرياض,96785,ابتدائية زيد بن الخطاب للطفولة المبكرة,حكومي,المرحلة الإبتدائية,بنات
1446,2025,الرياض,96785,ابتدائية زيد بن الخطاب للطفولة المبكرة,حكومي,رياض الأطفال,بنات
1446,2025,الرياض,96786,الابتدائية التاسعة والسبعون بعد الثلاثمائة 379,حكومي,المرحلة الإبتدائية,بنات
1446,2025,الرياض,96787,الابتدائية الثمانون بعد الثلاثمائة  380,حكومي,المرحلة الإبتدائية,بنات
1446,2025,الرياض,96788,الابتدائية الحادية والثمانون بعد الثلاثمائة 381,حكومي,المرحلة الإبتدائية,بنات
1446,2025,الرياض,96788,الابتدائية الحادية والثمانون بعد الثلاثمائة 381,حكومي,رياض الأطفال,بنات
1446,2025,الرياض,96789,الابتدائية الثانية والثمانون بعد الثلاثمائه 382,حكومي,المرحلة الإبتدائية,بنات
1446,2025,الرياض,96790,الابتدائية السادسة والثمانون بعد الثلاثمائة 386,حكومي,المرحلة الإبتدائية,بنات
1446,2025,الرياض,96791,الابتدائية الخامسة والثمانون بعد الثلاثمائة  385,حكومي,المرحلة الإبتدائية,بنات
1446,2025,الرياض,96792,الابتدائية السابعة والثمانون بعد الثلاثمائة 387,حكومي,المرحلة الإبتدائية,بنات
1446,2025,الرياض,96793,الابتدائية الثامنة والثمانون بعد الثلاثمائة 388,حكومي,المرحلة الإبتدائية,بنات
1446,2025,الرياض,96795,الابتدائية الخامسة والتسعون بعد الثلاثمائة 395,حكومي,المرحلة الإبتدائية,بنات
1446,2025,الرياض,96808,روضة جامعة الملك سعود (عليشة ),حكومي,رياض الأطفال,بنات
1446,2025,الرياض,96834,متوسطة الجافورة بضرماء,حكومي,المرحلة المتوسطة,بنات
1446,2025,الرياض,96847,الروضة السابعة والعشرون 27,حكومي,رياض الأطفال,بنات
1446,2025,الرياض,96860,متوسطة فاطمة بنت الخطاب,حكومي,المرحلة المتوسطة,بنات
1446,2025,الرياض,96861,المتوسطة الرابعة والسبعون بعد المائة 174,حكومي,المرحلة المتوسطة,بنات
1446,2025,الرياض,96865,الابتدائية التاسعة عشرة لتحفيظ القرآن الكريم  19,حكومي,المرحلة الإبتدائية,بنات
1446,2025,الرياض,96867,الابتدائية الحادية والعشرون لتحفيظ القرآن الكريم  21,حكومي,المرحلة الإبتدائية,بنات
1446,2025,الرياض,96872,الروضة التاسعة والثلاثون 39,حكومي,رياض الأطفال,بنات
1446,2025,الرياض,96873,الابتدائية العشرون  لتحفيظ القرآن الكريم 20,حكومي,المرحلة الإبتدائية,بنات
1446,2025,الرياض,96877,الابتدائية الثامنة والعشرون لتحفيظ القرآن الكريم 28,حكومي,المرحلة الإبتدائية,بنات
1446,2025,الرياض,96880,متوسطة هند أم سلمه,حكومي,المرحلة المتوسطة,بنات
1446,2025,الرياض,96918,المتوسطة الرابعة لتحفيظ  القرآن الكريم 4,حكومي,المرحلة الإبتدائية,بنات
1446,2025,الرياض,96918,المتوسطة الرابعة لتحفيظ  القرآن الكريم 4,حكومي,المرحلة المتوسطة,بنات
1446,2025,الرياض,96942,الابتدائية الثانية عشرة بعد الأربعمائة 412,حكومي,المرحلة الإبتدائية,بنات
1446,2025,الرياض,96942,الابتدائية الثانية عشرة بعد الأربعمائة 412,حكومي,رياض الأطفال,بنات
1446,2025,الرياض,96956,المتوسطة العاشرة لتحفيظ القرآن الكريم 10,حكومي,المرحلة المتوسطة,بنات
1446,2025,الرياض,96977,الروضة الثالثة والخمسون 53,حكومي,رياض الأطفال,بنات
1446,2025,الرياض,97016,الابتدائية الحادية عشرة بعد الأربعمائة 411,حكومي,المرحلة الإبتدائية,بنات
1446,2025,الرياض,97016,الابتدائية الحادية عشرة بعد الأربعمائة 411,حكومي,رياض الأطفال,بنات
1446,2025,الرياض,97020,روضة الأميرسلطان بن محمد بن سعود الكبير,حكومي,رياض الأطفال,بنات
1446,2025,الرياض,97021,الابتدائية الثامنة والخمسون بعد المائة 158,حكومي,المرحلة الإبتدائية,بنات
1446,2025,الرياض,97021,الابتدائية الثامنة والخمسون بعد المائة 158,حكومي,رياض الأطفال,بنات
1446,2025,الرياض,97022,الابتدائية الثامنة والعشرون بعد المئتين 228,حكومي,المرحلة الإبتدائية,بنات
1446,2025,الرياض,97022,الابتدائية الثامنة والعشرون بعد المئتين 228,حكومي,رياض الأطفال,بنات
1446,2025,الرياض,97025,الابتدائية الخامسة عشرة بعد الثلاثمائة 315,حكومي,المرحلة الإبتدائية,بنات
1446,2025,الرياض,97027,الابتدائية الثانية والعشرون بعد الثلاثمائة 322,حكومي,المرحلة الإبتدائية,بنات
1446,2025,الرياض,97030,الابتدائية الحادية والثلاثون بعد الثلاثمائة 331,حكومي,المرحلة الإبتدائية,بنات
1446,2025,الرياض,97031,الابتدائية الثالثة والثلاثون بعد الثلاثمائة 333,حكومي,المرحلة الإبتدائية,بنات
1446,2025,الرياض,97032,الابتدائية الحادية والأربعون بعد الثلاثمائة 341,حكومي,المرحلة الإبتدائية,بنات
1446,2025,الرياض,97039,الابتدائية الرابعة والسبعون بعد الثلاثمائة 374,حكومي,المرحلة الإبتدائية,بنات
1446,2025,الرياض,97039,الابتدائية الرابعة والسبعون بعد الثلاثمائة 374,حكومي,رياض الأطفال,بنات
1446,2025,الرياض,97041,الابتدائية السابعة والسبعون بعد الثلاثمائة  377,حكومي,المرحلة الإبتدائية,بنات
1446,2025,الرياض,97042,الابتدائية الثالثة والثمانون بعد الثلاثمائة 383,حكومي,المرحلة الإبتدائية,بنات
1446,2025,الرياض,97042,الابتدائية الثالثة والثمانون بعد الثلاثمائة 383,حكومي,رياض الأطفال,بنات
1446,2025,الرياض,97043,الابتدائية الرابعة والثمانون بعد الثلاثمائة 384,حكومي,المرحلة الإبتدائية,بنات
1446,2025,الرياض,97043,الابتدائية الرابعة والثمانون بعد الثلاثمائة 384,حكومي,رياض الأطفال,بنات
1446,2025,الرياض,97044,الابتدائية التاسعة والثمانون بعد الثلاثمائة 389,حكومي,المرحلة الإبتدائية,بنات
1446,2025,الرياض,97045,الابتدائية التسعون بعد الثلاثمائة 390,حكومي,المرحلة الإبتدائية,بنات
1446,2025,الرياض,97046,الابتدائية الحادية والتسعون بعد الثلاثمائة 391,حكومي,المرحلة الإبتدائية,بنات
1446,2025,الرياض,97046,الابتدائية الحادية والتسعون بعد الثلاثمائة 391,حكومي,رياض الأطفال,بنات
1446,2025,الرياض,97047,الابتدائية الثانية والتسعون بعد الثلاثمائة 392,حكومي,المرحلة الإبتدائية,بنات
1446,2025,الرياض,97047,الابتدائية الثانية والتسعون بعد الثلاثمائة 392,حكومي,رياض الأطفال,بنات
1446,2025,الرياض,97049,الابتدائية السادسة والتسعون بعد الثلاثمائة 396,حكومي,المرحلة الإبتدائية,بنات
1446,2025,الرياض,97049,الابتدائية السادسة والتسعون بعد الثلاثمائة 396,حكومي,رياض الأطفال,بنات
1446,2025,الرياض,97050,الابتدائية السابعة والتسعون بعد الثلاثمائة 397,حكومي,المرحلة الإبتدائية,بنات
1446,2025,الرياض,97053,الابتدائية الأربعمائة 400,حكومي,المرحلة الإبتدائية,بنات
1446,2025,الرياض,97055,الابتدائية الثانية بعد الأربعمائة 402,حكومي,المرحلة الإبتدائية,بنات
1446,2025,الرياض,97057,الابتدائية الرابعة بعد الأربعمائة  404,حكومي,المرحلة الإبتدائية,بنات
1446,2025,الرياض,97059,الابتدائية السادسة بعد الأربعمائة  406,حكومي,المرحلة الإبتدائية,بنات
1446,2025,الرياض,97061,الابتدائية الثامنة بعد الأربعمائة  408,حكومي,المرحلة الإبتدائية,بنات
1446,2025,الرياض,97062,الابتدائية الرابعة والتسعون بعد الثلاثمائة 394,حكومي,المرحلة الإبتدائية,بنات
1446,2025,الرياض,97063,الابتدائية الرابعة بالدرعية4,حكومي,المرحلة الإبتدائية,بنات
1446,2025,الرياض,97063,الابتدائية الرابعة بالدرعية4,حكومي,رياض الأطفال,بنات
1446,2025,الرياض,97067,الروضة الثالثة والثلاثون 33,حكومي,رياض الأطفال,بنات
1446,2025,الرياض,97069,الروضة الخامسة والأربعون 45,حكومي,رياض الأطفال,بنات
1446,2025,الرياض,97076,الروضة الثامنة والخمسون 58,حكومي,رياض الأطفال,بنات
1446,2025,الرياض,97077,الروضة التاسعة والخمسون 59,حكومي,رياض الأطفال,بنات
1446,2025,الرياض,97078,الروضة الستون 60,حكومي,رياض الأطفال,بنات
1446,2025,الرياض,97080,الروضة الثانية والستون62,حكومي,رياض الأطفال,بنات
1446,2025,الرياض,97081,الروضة الثالثة والستون 63,حكومي,رياض الأطفال,بنات
1446,2025,الرياض,97082,الروضة الرابعة والستون 64,حكومي,رياض الأطفال,بنات
1446,2025,الرياض,97083,الروضة الخامسة والستون 65,حكومي,رياض الأطفال,بنات
1446,2025,الرياض,97086,الابتدائية السابعة والعشرون تحفيظ القرآن الكريم  27,حكومي,المرحلة الإبتدائية,بنات
1446,2025,الرياض,97087,الابتدائية التاسعة والعشرون  لتحفيظ القرآن الكريم 29,حكومي,المرحلة الإبتدائية,بنات
1446,2025,الرياض,97088,الابتدائية الثلاثون لتحفيظ القرآن الكريم 30,حكومي,المرحلة الإبتدائية,بنات
1446,2025,الرياض,97089,الابتدائية الحادية والثلاثون لتحفيظ القرآن الكريم 31,حكومي,المرحلة الإبتدائية,بنات
1446,2025,الرياض,97090,الابتدائية الثانية والثلاثون لتحفيظ القرآن الكريم 32,حكومي,المرحلة الإبتدائية,بنات
1446,2025,الرياض,97090,الابتدائية الثانية والثلاثون لتحفيظ القرآن الكريم 32,حكومي,المرحلة المتوسطة,بنات
1446,2025,الرياض,97094,الابتدائية الحادية والعشرون بعد الثلاثمائة 321,حكومي,المرحلة الإبتدائية,بنات
1446,2025,الرياض,97096,الروضة الثامنة والستون 68,حكومي,رياض الأطفال,بنات
1446,2025,الرياض,97127,المتوسطة الاولى برماح 1,حكومي,المرحلة المتوسطة,بنات
1446,2025,الرياض,97138,متوسطة عاتكة بنت زيد,حكومي,المرحلة المتوسطة,بنات
1446,2025,الرياض,97139,الابتدائية التاسعة بعد الأربعمائة 409,حكومي,المرحلة الإبتدائية,بنات
1446,2025,الرياض,97147,روضة الأبناء الأولى 1,حكومي,رياض الأطفال,بنات
1446,2025,الرياض,97233,المتوسطة الثانية بعد المئتين  202,حكومي,المرحلة المتوسطة,بنات
1446,2025,الرياض,97315,المتوسطة الخامسة بعد المئتين 205,حكومي,المرحلة المتوسطة,بنات
1446,2025,الرياض,97316,المتوسطة الثامنة بعد المئتين 208,حكومي,المرحلة المتوسطة,بنات
1446,2025,الرياض,97317,المتوسطة الحادية عشرة بعد المئتين 211,حكومي,المرحلة المتوسطة,بنات
1446,2025,الرياض,97322,المتوسطة السابعة بعد المئتان 207,حكومي,المرحلة المتوسطة,بنات
1446,2025,الرياض,97323,المتوسطة الرابعة بعد المئتين 204,حكومي,المرحلة المتوسطة,بنات
1446,2025,الرياض,97328,الابتدائية الخامسة بالدرعية 5,حكومي,المرحلة الإبتدائية,بنات
1446,2025,الرياض,97328,الابتدائية الخامسة بالدرعية 5,حكومي,رياض الأطفال,بنات
1446,2025,الرياض,97329,المتوسطة الثالثة بالدرعية 3,حكومي,المرحلة المتوسطة,بنات
1446,2025,الرياض,97330,المتوسطة الثانية عشرة المئتين  212,حكومي,المرحلة المتوسطة,بنات
1446,2025,الرياض,97331,المتوسطة الحادية والعشرون بعد المئتان 221,حكومي,المرحلة المتوسطة,بنات
1446,2025,الرياض,97332,المتوسطة السابعة عشرة بعد المئتين 217,حكومي,المرحلة المتوسطة,بنات
1446,2025,الرياض,97334,الروضة الواحد والسبعون  71,حكومي,رياض الأطفال,بنات
1446,2025,الرياض,97339,الروضة السابعة والثلاثون بعد المائة 137,حكومي,رياض الأطفال,بنات
1446,2025,الرياض,97351,روضة الأبناء الثانية 2,حكومي,رياض الأطفال,بنات
1446,2025,الرياض,97385,الروضة التاسعة والستون 69,حكومي,رياض الأطفال,بنات
1446,2025,الرياض,97391,المتوسطة التاسعة عشرة بعد المئتين 219,حكومي,المرحلة المتوسطة,بنات
1446,2025,الرياض,97395,المتوسطة السادسة عشرة بعد المئتين 216,حكومي,المرحلة المتوسطة,بنات
1446,2025,الرياض,97397,المتوسطة الثامنة عشرة بعد المئتين 218,حكومي,المرحلة المتوسطة,بنات
1446,2025,الرياض,97399,المتوسطة العشرون بعد المئتين 220,حكومي,المرحلة المتوسطة,بنات
1446,2025,الرياض,97402,المتوسطة الخامسة والعشرون بعد المئتان 225,حكومي,المرحلة المتوسطة,بنات
1446,2025,الرياض,97459,الروضة الثانية بضرماء,حكومي,رياض الأطفال,بنات
1446,2025,الرياض,97460,الروضة الرابعة والتسعون 94,حكومي,رياض الأطفال,بنات
1446,2025,الرياض,97507,الروضة واحد وثمانون  81,حكومي,رياض الأطفال,بنات
1446,2025,الرياض,97556,الروضة الأولى بملهم,حكومي,رياض الأطفال,بنات
1446,2025,الرياض,97557,الروضة الأولى بقصور  آل مقبل,حكومي,رياض الأطفال,بنات
1446,2025,الرياض,97559,الروضة الثمانون 80,حكومي,رياض الأطفال,بنات
1446,2025,الرياض,97561,الروضة السادسة عشرة بعد المائة 116,حكومي,رياض الأطفال,بنات
1446,2025,الرياض,97579,روضة الأبناء بطريق الخرج,حكومي,رياض الأطفال,بنات
1446,2025,الرياض,97590,الروضة الخامسة عشرة بعد المائة  115,حكومي,رياض الأطفال,بنات
1446,2025,الرياض,97866,الابتدائية الثالثة والعشرون بعد الأربعمائة 423,حكومي,المرحلة الإبتدائية,بنات
1446,2025,الرياض,97866,الابتدائية الثالثة والعشرون بعد الأربعمائة 423,حكومي,رياض الأطفال,بنات
1446,2025,الرياض,97899,الروضة الرابعة والسبعون 74,حكومي,رياض الأطفال,بنات
1446,2025,الرياض,97903,الروضة التاسعة والتسعين 99,حكومي,رياض الأطفال,بنات
1446,2025,الرياض,97904,الروضة الرابعة والثلاثون بعد المائة 134,حكومي,رياض الأطفال,بنات
1446,2025,الرياض,97907,الابتدائية التاسعة والثلاثون بعد الأربعمائة 439,حكومي,المرحلة الإبتدائية,بنات
1446,2025,الرياض,97909,المتوسطة الثالثة عشرة بعد المئتين 213,حكومي,المرحلة المتوسطة,بنات
1446,2025,الرياض,97972,الروضة الثانية والتسعين 92,حكومي,رياض الأطفال,بنات
1446,2025,الرياض,110001,متوسطة مطرف بن عبدالله,حكومي,المرحلة المتوسطة,بنين
1446,2025,الرياض,110002,ابتدائية معاوية بن يزيد,حكومي,المرحلة الإبتدائية,بنين
1446,2025,الرياض,110004,ابتدائية معن بن عدي,حكومي,المرحلة الإبتدائية,بنين
1446,2025,الرياض,110005,ابتدائية علي بن الفضيل,حكومي,المرحلة الإبتدائية,بنين
1446,2025,الرياض,110008,ابتدائية بشر بن الوليد,حكومي,المرحلة الإبتدائية,بنين
1446,2025,الرياض,110035,متوسطة الحارث بن أوس,حكومي,المرحلة المتوسطة,بنين
1446,2025,الرياض,110068,متوسطة إياس بن مالك,حكومي,المرحلة المتوسطة,بنين
1446,2025,الرياض,110082,متوسطة الأعز بن يسار,حكومي,المرحلة المتوسطة,بنين
1446,2025,الرياض,110084,متوسطة كعب الاحبار,حكومي,المرحلة المتوسطة,بنين
1446,2025,الرياض,110086,ابتدائية حي الملقا,حكومي,المرحلة الإبتدائية,بنين
1446,2025,الرياض,110087,ابتدائية الوليد بن عمارة,حكومي,المرحلة الإبتدائية,بنين
1446,2025,الرياض,110089,متوسطة خالد بن يزيد,حكومي,المرحلة المتوسطة,بنين
1446,2025,الرياض,110091,متوسطة نجم الدين ايوب,حكومي,المرحلة المتوسطة,بنين
1446,2025,الرياض,110148,ابتدائية وهب بن عمير,حكومي,المرحلة الإبتدائية,بنين
1446,2025,الرياض,110149,متوسطة عامر بن ابي وقاص,حكومي,المرحلة المتوسطة,بنين
1446,2025,الرياض,110150,متوسطة يزيد بن النعمان,حكومي,المرحلة المتوسطة,بنين
1446,2025,الرياض,110160,ابتدائية صخر بن وادعة,حكومي,المرحلة الإبتدائية,بنين
1446,2025,الرياض,110161,ابتدائية عبيد بن حبيب,حكومي,المرحلة الإبتدائية,بنين
1446,2025,الرياض,110163,متوسطة معاوية بن خديج,حكومي,المرحلة المتوسطة,بنين
1446,2025,الرياض,110164,متوسطة أسامة الحنفي,حكومي,المرحلة المتوسطة,بنين
1446,2025,الرياض,110290,ابتدائية يزيد بن نعيم,حكومي,المرحلة الإبتدائية,بنين
1446,2025,الرياض,110611,المعهد العلمي في الرياض المرحلة المتوسطة,حكومي,المرحلة الثانوية,بنين
1446,2025,الرياض,110614,المعهد العلمي في الشفا المرحلة الثانوية,حكومي,المرحلة الثانوية,بنين
1446,2025,الرياض,110614,المعهد العلمي في الشفا المرحلة الثانوية,حكومي,المرحلة المتوسطة,بنين
1446,2025,الرياض,110615,المعهد العلمي في حريملاء المرحلة المتوسطة,حكومي,المرحلة المتوسطة,بنين
1446,2025,الرياض,110729,ابتدائية ربيعة الأسلمي,حكومي,المرحلة الإبتدائية,بنين
1446,2025,الرياض,110751,ابتدائية مسعود بن الربيع,حكومي,المرحلة الإبتدائية,بنين
1446,2025,الرياض,110769,متوسطة زيد بن سهل,حكومي,المرحلة المتوسطة,بنين
1446,2025,الرياض,110771,مدرسة الحزم الابتدائية الأولى للبنين,حكومي,المرحلة الإبتدائية,بنين
1446,2025,الرياض,110772,مدرسة الرمال الابتدائية الأولى للبنين,حكومي,المرحلة الإبتدائية,بنين
1446,2025,الرياض,110778,مدرسة العارض الثانوية الأولى للبنين,حكومي,المرحلة الثانوية,بنين
1446,2025,الرياض,110779,مدرسة الملقا الابتدائية الأولى للبنين,حكومي,المرحلة الإبتدائية,بنين
1446,2025,الرياض,110780,مدرسة الملك فيصل الابتدائية الأولى للبنين,حكومي,المرحلة الإبتدائية,بنين
1446,2025,الرياض,110781,مدرسة المنصورة الثانوية الأولى للبنين,حكومي,المرحلة الثانوية,بنين
1446,2025,الرياض,110782,مدرسة العارض الابتدائية الأولى للبنين,حكومي,المرحلة الإبتدائية,بنين
1446,2025,الرياض,110783,مدرسة العارض المتوسطة الأولى للبنين,حكومي,المرحلة المتوسطة,بنين
1446,2025,الرياض,110784,مدرسة النرجس الابتدائية الأولى للبنين,حكومي,المرحلة الإبتدائية,بنين
1446,2025,الرياض,110785,مدرسة النرجس المتوسطة الأولى للبنين,حكومي,المرحلة المتوسطة,بنين
1446,2025,الرياض,110790,مدرسة الملقا المتوسطة الثانية للبنين,حكومي,المرحلة المتوسطة,بنين
1446,2025,الرياض,110809,متوسطة سلمة بن الأكوع,حكومي,المرحلة المتوسطة,بنين
1446,2025,الرياض,110903,مدرسة المهدية الثانوية الأولى للبنين,حكومي,المرحلة الثانوية,بنين
1446,2025,الرياض,110904,مدرسة طويق المتوسطة الأولى للبنين ( مسائية ),حكومي,المرحلة المتوسطة,بنين
1446,2025,الرياض,110905,مدرسة طويق الثانوية الأولى للبنين ( مسائية ),حكومي,المرحلة الثانوية,بنين
1446,2025,الرياض,110906,مدرسة طويق الابتدائية الأولى للبنين ( مسائية ),حكومي,المرحلة الإبتدائية,بنين
1446,2025,الرياض,110907,مدرسة العوالي الابتدائية الأولى للبنين ( مسائية ),حكومي,المرحلة الإبتدائية,بنين
1446,2025,الرياض,110908,مدرسة الرمال الابتدائية الثانية للبنين ( مسائية ),حكومي,المرحلة الإبتدائية,بنين
1446,2025,الرياض,110909,مدرسة الجنادرية الابتدائية الأولى للبنين ( مسائية ),حكومي,المرحلة الإبتدائية,بنين
1446,2025,الرياض,110910,مدرسة الجنادرية الثانوية الأولى للبنين ( مسائية ),حكومي,المرحلة الثانوية,بنين
1446,2025,الرياض,110911,مدرسة الرمال الابتدائية الثالثة للبنين ( مسائية ),حكومي,المرحلة الإبتدائية,بنين
1446,2025,الرياض,110913,مدرسة الموهوبين الرياضية المتوسطة للبنين,حكومي,المرحلة المتوسطة,بنين
1446,2025,الرياض,110914,مدرسة الموهوبين التقنية الثانوية للبنين,حكومي,المرحلة الثانوية,بنين
1446,2025,الرياض,110930,متوسطة سهل بن قيس,حكومي,المرحلة المتوسطة,بنين
1446,2025,الرياض,110935,ابتدائية علي بن الحسين,حكومي,المرحلة الإبتدائية,بنين
1446,2025,الرياض,110947,مدرسة السلمانية المتوسطة الأولى للبنين,حكومي,المرحلة الثانوية,بنين
1446,2025,الرياض,110947,مدرسة السلمانية المتوسطة الأولى للبنين,حكومي,المرحلة المتوسطة,بنين
1446,2025,الرياض,110961,مدرسة الملقا المتوسطة الأولى للبنين,حكومي,المرحلة الإبتدائية,بنين
1446,2025,الرياض,110962,مدرسة الملقا الثانوية الأولى للبنين,حكومي,المرحلة الثانوية,بنين
1446,2025,الرياض,110964,مدرسة سدرة الابتدائية الثانية للبنين,حكومي,المرحلة الإبتدائية,بنين
1446,2025,الرياض,110965,مدرسة سدرة المتوسطة الرابعة للبنين,حكومي,المرحلة المتوسطة,بنين
1446,2025,الرياض,110967,مدرسة سدرة الثانوية الثالثة للبنين,حكومي,المرحلة الثانوية,بنين
1446,2025,الرياض,111199,ابتدائية المغيرة بن حكيم,حكومي,المرحلة الإبتدائية,بنين
1446,2025,الرياض,111636,ابتدائية عقبة بن عمرو,حكومي,المرحلة الإبتدائية,بنين
1446,2025,الرياض,111883,ابتدائية زيد بن عمرو,حكومي,المرحلة الإبتدائية,بنين
1446,2025,الرياض,111883,ابتدائية زيد بن عمرو,حكومي,المرحلة المتوسطة,بنين
1446,2025,الرياض,111884,ابتدائية المنذر بن الزبير,حكومي,المرحلة الإبتدائية,بنين
1446,2025,الرياض,111885,ابتدائية الحارث بن عمير,حكومي,المرحلة الإبتدائية,بنين
1446,2025,الرياض,111886,ابتدائية معاذ بن عفراء,حكومي,المرحلة الإبتدائية,بنين
1446,2025,الرياض,111915,ابتدائية زهير بن سليم,حكومي,المرحلة الإبتدائية,بنين
1446,2025,الرياض,111916,ابتدائية عامر بن عبدالله,حكومي,المرحلة الإبتدائية,بنين
1446,2025,الرياض,111918,ابتدائية طلحة بن البراء,حكومي,المرحلة الإبتدائية,بنين
1446,2025,الرياض,112500,ابتدائية سعيد بن وهب,حكومي,المرحلة الإبتدائية,بنين
1446,2025,الرياض,112527,متوسطة مسلم بن يسار,حكومي,المرحلة المتوسطة,بنين
1446,2025,الرياض,112974,متوسطة أبان بن سعيد,حكومي,المرحلة المتوسطة,بنين
1446,2025,الرياض,112993,ابتدائية عبدالله بن الحارث,حكومي,المرحلة الإبتدائية,بنين
1446,2025,الرياض,113830,ابتدائية مالك بن إياس,حكومي,المرحلة الإبتدائية,بنين
1446,2025,الرياض,114515,مدرسة الطفولة المبكرة في الخالدية,حكومي,المرحلة الإبتدائية,بنات
1446,2025,الرياض,114515,مدرسة الطفولة المبكرة في الخالدية,حكومي,رياض الأطفال,بنات
1446,2025,الرياض,114516,مدرسة الطفولة المبكرة في مروان,حكومي,المرحلة الإبتدائية,بنات
1446,2025,الرياض,114516,مدرسة الطفولة المبكرة في مروان,حكومي,رياض الأطفال,بنات
1446,2025,الرياض,114518,مدرسة الطفولة المبكرة في الفيصلية,حكومي,المرحلة الإبتدائية,بنات
1446,2025,الرياض,114518,مدرسة الطفولة المبكرة في الفيصلية,حكومي,رياض الأطفال,بنات
1446,2025,الرياض,114960,الروضة الثالثة بليلى,حكومي,رياض الأطفال,بنات
1446,2025,الرياض,115501,متوسطة الأبناء,حكومي,المرحلة الثانوية,بنات
1446,2025,الرياض,115501,متوسطة الأبناء,حكومي,المرحلة المتوسطة,بنات
1446,2025,الرياض,115518,الطفولة المبكرة بالروضة الثامنة,حكومي,المرحلة الإبتدائية,بنات
1446,2025,الرياض,115518,الطفولة المبكرة بالروضة الثامنة,حكومي,رياض الأطفال,بنات
1446,2025,الرياض,115526,ابتدائية الشعيب,حكومي,المرحلة الإبتدائية,بنات
1446,2025,الرياض,115526,ابتدائية الشعيب,حكومي,رياض الأطفال,بنات
1446,2025,الرياض,115529,الطفولة المبكرة بالحيانية,حكومي,المرحلة الإبتدائية,بنات
1446,2025,الرياض,115529,الطفولة المبكرة بالحيانية,حكومي,رياض الأطفال,بنات
1446,2025,الرياض,116001,متوسطة معاوية بن أبي سفيان,حكومي,المرحلة المتوسطة,بنين
1446,2025,الرياض,116008,متوسطة الإمام أبي حنيفة,حكومي,المرحلة المتوسطة,بنين
1446,2025,الرياض,116011,ابتدائية الإمام الطبري,حكومي,المرحلة الإبتدائية,بنين
1446,2025,الرياض,116020,ابتدائية محمد بن القاسم,حكومي,المرحلة الإبتدائية,بنين
1446,2025,الرياض,116501,المتوسطة الرابعة والعشرون,حكومي,المرحلة المتوسطة,بنات
1446,2025,الرياض,116506,المتوسطة العشرون,حكومي,المرحلة المتوسطة,بنات
1446,2025,الرياض,116520,الروضة الحادية والعشرون_الفيصلية,حكومي,رياض الأطفال,بنات
1446,2025,الرياض,116521,الروضة السابعة عشر_الخالدية,حكومي,رياض الأطفال,بنات
1446,2025,الرياض,116523,الروضة التاسعة عشرة_الزاهر,حكومي,رياض الأطفال,بنات
1446,2025,الرياض,116545,ابتدائية أم المؤمنين أم حبيبة رضي الله عنها,حكومي,المرحلة الإبتدائية,بنات
1446,2025,الرياض,116546,ابتدائية أم المؤمنين ميمونة بنت الحارث رضي الله عنها,حكومي,المرحلة الإبتدائية,بنات
1446,2025,الرياض,116546,ابتدائية أم المؤمنين ميمونة بنت الحارث رضي الله عنها,حكومي,رياض الأطفال,بنات
1446,2025,الرياض,116554,الروضة الخامسة عشر باليمامة,حكومي,رياض الأطفال,بنات
1446,2025,الرياض,116590,ابتدائية أبو بكر الصديق ( بنات ),حكومي,المرحلة الإبتدائية,بنات
1446,2025,الرياض,116593,ابتدائية المثنى بن حارثة	( بنات),حكومي,المرحلة الإبتدائية,بنات
1446,2025,الرياض,116593,ابتدائية المثنى بن حارثة	( بنات),حكومي,رياض الأطفال,بنات
1446,2025,الرياض,116596,ابتدائية خولة بنت الصامت,حكومي,المرحلة الإبتدائية,بنات
1446,2025,الرياض,116599,ابتدائية الشيماء بنت الحارث,حكومي,المرحلة الإبتدائية,بنات
1446,2025,الرياض,116600,ابتدائية الخنساء,حكومي,المرحلة الإبتدائية,بنات
1446,2025,الرياض,116601,ابتدائية آمنة القرشية,حكومي,المرحلة الإبتدائية,بنات
1446,2025,الرياض,116602,ابتدائية رقية بنت عمر,حكومي,المرحلة الإبتدائية,بنات
1446,2025,الرياض,116607,الروضة الثامنة عشر_العالية,حكومي,رياض الأطفال,بنات
1446,2025,الرياض,116623,ابتدائية حليمة السعدية للطفولة المبكرة,حكومي,المرحلة الإبتدائية,بنات
1446,2025,الرياض,116623,ابتدائية حليمة السعدية للطفولة المبكرة,حكومي,رياض الأطفال,بنات
1446,2025,الرياض,117022,حمزة بن عبدالمطلب الابتدائية,حكومي,المرحلة الإبتدائية,بنين
1446,2025,الرياض,118002,روضة شبيرمه,حكومي,رياض الأطفال,بنات
1446,2025,الرياض,118006,روضة حديجة,حكومي,رياض الأطفال,بنات
1446,2025,الرياض,118013,روضة صقرة,حكومي,رياض الأطفال,بنات
1446,2025,الرياض,118055,روضة الخالدية,حكومي,رياض الأطفال,بنات
1446,2025,الرياض,118058,روضة مشرفة نفي,حكومي,رياض الأطفال,بنات
1446,2025,الرياض,118060,روضة الصالحية,حكومي,رياض الأطفال,بنات
1446,2025,الرياض,118062,روضة النبوان,حكومي,رياض الأطفال,بنات
1446,2025,الرياض,118088,صلاح الدين الأيوبي للطفولة المبكرة,حكومي,المرحلة الإبتدائية,بنات
1446,2025,الرياض,118097,ابن تيمية للطفولة المبكرة,حكومي,المرحلة الإبتدائية,بنات
1446,2025,الرياض,118097,ابن تيمية للطفولة المبكرة,حكومي,رياض الأطفال,بنات
1446,2025,الرياض,118098,الإمام الشافعي للطفولة المبكرة,حكومي,المرحلة الإبتدائية,بنات
1446,2025,الرياض,118098,الإمام الشافعي للطفولة المبكرة,حكومي,رياض الأطفال,بنات
1446,2025,الرياض,118099,الحرمين للطفولة المبكرة,حكومي,المرحلة الإبتدائية,بنات
1446,2025,الرياض,118634,الروضة الثامنة,حكومي,رياض الأطفال,بنات
1446,2025,الرياض,118694,روضة جفن,حكومي,رياض الأطفال,بنات
1446,2025,الرياض,119507,الروضة الحكومية السابعة عشر,حكومي,رياض الأطفال,بنات
1446,2025,الرياض,119508,الروضة الحكومية التاسعة عشر,حكومي,رياض الأطفال,بنات
1446,2025,الرياض,119535,ابتدائية ام المؤمنين حفصة,حكومي,المرحلة الإبتدائية,بنات
1446,2025,الرياض,119535,ابتدائية ام المؤمنين حفصة,حكومي,المرحلة الثانوية,بنات
1446,2025,الرياض,119535,ابتدائية ام المؤمنين حفصة,حكومي,رياض الأطفال,بنات
1446,2025,الرياض,119635,الروضة الحكومية الخامسة عشر,حكومي,رياض الأطفال,بنات
1446,2025,الرياض,120018,ابتدائية عبدالله بن محمد أبابطين لتحفيظ القرآن الكريم بنين,حكومي,المرحلة الإبتدائية,بنين
1446,2025,الرياض,120502,المتوسطة الثامنة بالمجمعة,حكومي,المرحلة المتوسطة,بنات
1446,2025,الرياض,120535,الروضة السابعة للبنات,حكومي,رياض الأطفال,بنات
1446,2025,الرياض,120551,البيان للطفولة المبكرة,حكومي,المرحلة الإبتدائية,بنات
1446,2025,الرياض,120561,ابتدائية الجود للطفولة المبكرة,حكومي,المرحلة الإبتدائية,بنات
1446,2025,الرياض,120561,ابتدائية الجود للطفولة المبكرة,حكومي,رياض الأطفال,بنات
1446,2025,الرياض,120566,الابتدائية الثانية عشر,حكومي,المرحلة الإبتدائية,بنات
1446,2025,الرياض,120567,المعرفة للطفولة المبكرة,حكومي,المرحلة الإبتدائية,بنات
1446,2025,الرياض,120571,الابتدائية العاشرة,حكومي,المرحلة الإبتدائية,بنات
1446,2025,الرياض,120628,روضة الأطفال بالعقلة,حكومي,رياض الأطفال,بنات
1446,2025,الرياض,120702,روضة الأطفال الخامسة بالمجمعة,حكومي,المرحلة الإبتدائية,بنات
1446,2025,الرياض,120702,روضة الأطفال الخامسة بالمجمعة,حكومي,رياض الأطفال,بنات
1446,2025,الرياض,120732,روضة الأطفال السادسة بالمجمعة,حكومي,رياض الأطفال,بنات
1446,2025,الرياض,120803,روضة الأطفال بالحصون,حكومي,رياض الأطفال,بنات
1446,2025,الرياض,120982,الروضة الأولى بجلاجل,حكومي,رياض الأطفال,بنات
1446,2025,الرياض,122002,ابتدائية السليمانية,حكومي,المرحلة الإبتدائية,بنات
1446,2025,الرياض,122015,ابتدائية أسماء بنت أبي بكر,حكومي,المرحلة الإبتدائية,بنات
1446,2025,الرياض,122021,الابتدائية التاسعة بالقويعية,حكومي,المرحلة الإبتدائية,بنات
1446,2025,الرياض,122064,مدرسة الطفولة المبكرة بالرين,حكومي,المرحلة الإبتدائية,بنات
1446,2025,الرياض,122071,مدرسة الطفولة المبكرة بصبحاء,حكومي,المرحلة الإبتدائية,بنات
1446,2025,الرياض,122071,مدرسة الطفولة المبكرة بصبحاء,حكومي,رياض الأطفال,بنات
1446,2025,الرياض,122204,روضة الاطفال الخامسة بالقويعية,حكومي,رياض الأطفال,بنات
1446,2025,الرياض,122966,روضة الأطفال الرابعة بالرويضة,حكومي,رياض الأطفال,بنات
1446,2025,الرياض,123507,روضة ام المؤمنين صفية بعفيف,حكومي,رياض الأطفال,بنات
1446,2025,الرياض,123560,ام الحكم بنت الزبير الابتدائية بعفيف,حكومي,المرحلة الإبتدائية,بنات
1446,2025,الرياض,123563,مدرسة هند بنت أبي طالب للطفولة المبكرة,حكومي,المرحلة الإبتدائية,بنات
1446,2025,الرياض,123563,مدرسة هند بنت أبي طالب للطفولة المبكرة,حكومي,رياض الأطفال,بنات
1446,2025,الرياض,123684,أم المؤمنين خديجة بنت خويلد,حكومي,المرحلة الإبتدائية,بنات
1446,2025,الرياض,123684,أم المؤمنين خديجة بنت خويلد,حكومي,رياض الأطفال,بنات
1446,2025,الرياض,124041,المعهد العلمي في وادي الدواسر - المرحلة المتوسطة,حكومي,المرحلة المتوسطة,بنين
1446,2025,الرياض,124501,مدرسة عائشة بنت أبي بكر الصديق الأبتدائية,حكومي,المرحلة الإبتدائية,بنات
1446,2025,الرياض,124501,مدرسة عائشة بنت أبي بكر الصديق الأبتدائية,حكومي,رياض الأطفال,بنات
1446,2025,الرياض,124509,روضة الأبناء بوادي الدواسر,حكومي,رياض الأطفال,بنات
1446,2025,الرياض,124510,روضة الأبناء بالسليل,حكومي,رياض الأطفال,بنات
1446,2025,الرياض,124516,مدرسة خديجة بنت خويلد الابتدائية,حكومي,المرحلة الإبتدائية,بنات
1446,2025,الرياض,124516,مدرسة خديجة بنت خويلد الابتدائية,حكومي,رياض الأطفال,بنات
1446,2025,الرياض,124534,مدرسة أسماء بنت أبي بكر الابتدائية,حكومي,المرحلة الإبتدائية,بنات
1446,2025,الرياض,124753,روضة السليل الرابعة,حكومي,رياض الأطفال,بنات
1446,2025,الرياض,125599,الروضة الخامسة بشقراء,حكومي,رياض الأطفال,بنات
1446,2025,الرياض,125742,الروضة السابعة بشقراء,حكومي,رياض الأطفال,بنات
1446,2025,الرياض,125834,روضة ثرمداء,حكومي,رياض الأطفال,بنات
1446,2025,الرياض,125882,الروضة الثامنة بشقراء,حكومي,رياض الأطفال,بنات
1446,2025,الرياض,125944,الروضة السادسة بشقراء,حكومي,رياض الأطفال,بنات
1446,2025,الرياض,195002,الابتدائية السادسة والخمسون بعد المائة 156,حكومي,المرحلة الإبتدائية,بنات
1446,2025,الرياض,195002,الابتدائية السادسة والخمسون بعد المائة 156,حكومي,رياض الأطفال,بنات
1446,2025,الرياض,195003,الابتدائية الثالثة والسبعون بعد الثلاثمائة 373,حكومي,المرحلة الإبتدائية,بنات
1446,2025,الرياض,195003,الابتدائية الثالثة والسبعون بعد الثلاثمائة 373,حكومي,رياض الأطفال,بنات
1446,2025,الرياض,195004,الابتدائية الأربعون بعد الأربعمائة 440,حكومي,المرحلة الإبتدائية,بنات
1446,2025,الرياض,195005,المتوسطة السادسة بعد المئتان 206,حكومي,المرحلة المتوسطة,بنات
1446,2025,الرياض,195006,المتوسطة التاسعة والثلاثون بعد المئتين 239,حكومي,المرحلة المتوسطة,بنات
1446,2025,الرياض,195008,الابتدائية الخامسة والثلاثون بعد الأربعمائة 435,حكومي,المرحلة الإبتدائية,بنات
1446,2025,الرياض,195008,الابتدائية الخامسة والثلاثون بعد الأربعمائة 435,حكومي,رياض الأطفال,بنات
1446,2025,الرياض,195009,متوسطة جامعة الأميرة نورة,حكومي,المرحلة الثانوية,بنات
1446,2025,الرياض,195009,متوسطة جامعة الأميرة نورة,حكومي,المرحلة المتوسطة,بنات
1446,2025,الرياض,195010,الابتدائية التاسعة والتسعون بعد الثلاثمائة 399,حكومي,المرحلة الإبتدائية,بنات
1446,2025,الرياض,195011,المتوسطة الخامسة والثلاثون بعد المئتين 235,حكومي,المرحلة المتوسطة,بنات
1446,2025,الرياض,195071,روضة كريمة الأسلمية,حكومي,رياض الأطفال,بنات
1446,2025,الرياض,195091,الروضة الثالثة والثمانون 83,حكومي,رياض الأطفال,بنات
1446,2025,الرياض,195099,المتوسطة الحادية والسبعون يعد المائة 171,حكومي,المرحلة المتوسطة,بنات
1446,2025,الرياض,195173,ابتدائية نورة بنت فيصل بن تركي,حكومي,المرحلة الإبتدائية,بنات
1446,2025,الرياض,195174,ابتدائية ليلى الغفارية,حكومي,المرحلة الإبتدائية,بنات
1446,2025,الرياض,195174,ابتدائية ليلى الغفارية,حكومي,رياض الأطفال,بنات
1446,2025,الرياض,195177,متوسطة عاتكة بنت الوليد,حكومي,المرحلة المتوسطة,بنات
1446,2025,الرياض,195178,متوسطة سعاد بنت سلمة,حكومي,المرحلة المتوسطة,بنات
1446,2025,الرياض,195179,متوسطة سلمى بنت ربيعة,حكومي,المرحلة المتوسطة,بنات
1446,2025,الرياض,195180,متوسطة فاطمة بنت اسد,حكومي,المرحلة المتوسطة,بنات
1446,2025,الرياض,195181,متوسطة رقية الاسلمية,حكومي,المرحلة المتوسطة,بنات
1446,2025,الرياض,195182,ابتدائية حصة بنت عبدالعزيز,حكومي,المرحلة الإبتدائية,بنات
1446,2025,الرياض,195183,ابتدائية حسناء بنت معاوية,حكومي,المرحلة الإبتدائية,بنات
1446,2025,الرياض,195183,ابتدائية حسناء بنت معاوية,حكومي,رياض الأطفال,بنات
1446,2025,الرياض,195198,ابتدائية أنيسة بنت حارثة,حكومي,المرحلة الإبتدائية,بنات
1446,2025,الرياض,195198,ابتدائية أنيسة بنت حارثة,حكومي,رياض الأطفال,بنات
1446,2025,الرياض,195201,الروضة السادسة والثلاثون بعد المائة 136,حكومي,رياض الأطفال,بنات
1446,2025,الرياض,195210,الروضة التاسعة والثلاثون بعد المائة 139,حكومي,رياض الأطفال,بنات
1446,2025,الرياض,195211,الروضة الأربعون بعد المائة 140,حكومي,رياض الأطفال,بنات
1446,2025,الرياض,195212,الروضة الحادية والأربعون بعد المائة 141,حكومي,رياض الأطفال,بنات
1446,2025,الرياض,195215,الروضة الثالثة والأربعون بعد المائة 143,حكومي,رياض الأطفال,بنات
1446,2025,الرياض,195216,الروضة الرابعة والأربعون بعد المائة 144,حكومي,رياض الأطفال,بنات
1446,2025,الرياض,195217,الروضة الخامسة والأربعون بعد المائة 145,حكومي,رياض الأطفال,بنات
1446,2025,الرياض,195218,الروضة السابعة والأربعون بعد المائة 147,حكومي,رياض الأطفال,بنات
1446,2025,الرياض,195219,الروضة الثامنة والأربعون بعد المائة 148,حكومي,رياض الأطفال,بنات
1446,2025,الرياض,195223,الروضة الثانية والخمسون بعد المائة 152,حكومي,رياض الأطفال,بنات
1446,2025,الرياض,195224,الروضة الثالثة والخمسون بعد المائة 153,حكومي,رياض الأطفال,بنات
1446,2025,الرياض,195226,الروضة الرابعة والخمسون بعد المائة 154,حكومي,رياض الأطفال,بنات
1446,2025,الرياض,195227,الروضة الخامسة والخمسون بعد المائة 155,حكومي,رياض الأطفال,بنات
1446,2025,الرياض,195229,الروضة الثامنة والسبعون 78,حكومي,رياض الأطفال,بنات
1446,2025,الرياض,195231,الروضة الثامنة والخمسون بعد المائة 158,حكومي,رياض الأطفال,بنات
1446,2025,الرياض,195233,الروضة الثالثة برماح  3,حكومي,رياض الأطفال,بنات
1446,2025,الرياض,195237,ابتدائية عمرة بنت الربيع,حكومي,المرحلة الإبتدائية,بنات
1446,2025,الرياض,195237,ابتدائية عمرة بنت الربيع,حكومي,رياض الأطفال,بنات
1446,2025,الرياض,195252,ابتدائية سلافة بنت سعد,حكومي,المرحلة الإبتدائية,بنات
1446,2025,الرياض,195267,ابتدائية جمانة بنت أبي طالب,حكومي,المرحلة الإبتدائية,بنات
1446,2025,الرياض,195271,ابتدائية كريمة بنت المقداد,حكومي,المرحلة الإبتدائية,بنات
1446,2025,الرياض,195271,ابتدائية كريمة بنت المقداد,حكومي,المرحلة المتوسطة,بنات
1446,2025,الرياض,195340,الابتدائية السابعة والثلاثون بعد  المئتان 237,حكومي,المرحلة الثانوية,بنات
1446,2025,الرياض,195340,الابتدائية السابعة والثلاثون بعد  المئتان 237,حكومي,المرحلة المتوسطة,بنات
1446,2025,الرياض,195345,ابتدائية لبنى الانصارية,حكومي,المرحلة الإبتدائية,بنات
1446,2025,الرياض,195351,ابتدائية سهيمة الانصارية,حكومي,المرحلة الإبتدائية,بنات
1446,2025,الرياض,195351,ابتدائية سهيمة الانصارية,حكومي,المرحلة المتوسطة,بنات
1446,2025,الرياض,195353,ابتدائية صفية بنت شيبة,حكومي,المرحلة الإبتدائية,بنات
1446,2025,الرياض,195353,ابتدائية صفية بنت شيبة,حكومي,رياض الأطفال,بنات
1446,2025,الرياض,195354,ابتدائية خولة بنت حكيم,حكومي,المرحلة الإبتدائية,بنات
1446,2025,الرياض,195354,ابتدائية خولة بنت حكيم,حكومي,رياض الأطفال,بنات
1446,2025,الرياض,195355,متوسطة زينب بنت علي بن أبي طالب,حكومي,المرحلة المتوسطة,بنات
1446,2025,الرياض,195365,متوسطة سارة بنت عبدالعزيز,حكومي,المرحلة المتوسطة,بنات
1446,2025,الرياض,195366,متوسطة أم عامر بنت يزيد,حكومي,المرحلة الإبتدائية,بنات
1446,2025,الرياض,195366,متوسطة أم عامر بنت يزيد,حكومي,المرحلة المتوسطة,بنات
1446,2025,الرياض,195378,ابتدائية أميمة بنت بشر,حكومي,المرحلة الإبتدائية,بنات
1446,2025,الرياض,195379,ابتدائية مريم الأنصارية,حكومي,المرحلة الإبتدائية,بنات
1446,2025,الرياض,195380,ابتدائية أمامة بنت عثمان,حكومي,المرحلة الإبتدائية,بنات
1446,2025,الرياض,195380,ابتدائية أمامة بنت عثمان,حكومي,رياض الأطفال,بنات
1446,2025,الرياض,195444,مدرسة الأقصى للطفولة المبكرة,حكومي,المرحلة الإبتدائية,بنات
1446,2025,الرياض,195444,مدرسة الأقصى للطفولة المبكرة,حكومي,رياض الأطفال,بنات
1446,2025,الرياض,195445,ابتدائية بثينة بنت النعمان,حكومي,المرحلة الإبتدائية,بنات
1446,2025,الرياض,195445,ابتدائية بثينة بنت النعمان,حكومي,رياض الأطفال,بنات
1446,2025,الرياض,195446,متوسطة أم حبيب بنت العباس,حكومي,المرحلة المتوسطة,بنات
1446,2025,الرياض,195447,متوسطة سراء بنت نبهان,حكومي,المرحلة المتوسطة,بنات
1446,2025,الرياض,195448,متوسطة زبيدة بنت جعفر,حكومي,المرحلة المتوسطة,بنات
1446,2025,الرياض,195468,الروضة السابعة والثمانون بعد المائة 187,حكومي,رياض الأطفال,بنات
1446,2025,الرياض,195469,الروضة الخامسة والثمانون بعد المئة 185,حكومي,رياض الأطفال,بنات
1446,2025,الرياض,195470,الروضة السادسة والثمانون بعد المئة 186,حكومي,رياض الأطفال,بنات
1446,2025,الرياض,195563,ابتدائية أنيسة بنت عدي,حكومي,المرحلة الإبتدائية,بنات
1446,2025,الرياض,195563,ابتدائية أنيسة بنت عدي,حكومي,رياض الأطفال,بنات
1446,2025,الرياض,195617,متوسطة ام ورقه الانصاريه,حكومي,المرحلة المتوسطة,بنات
1446,2025,الرياض,195647,ابتدائية رفيدة بنت كعب,حكومي,المرحلة الإبتدائية,بنات
1446,2025,الرياض,195648,ابتدائية شيخة بنت عبدالعزيز,حكومي,المرحلة الإبتدائية,بنات
1446,2025,الرياض,195761,الروضة السادسة والستون بعد المائة 166,حكومي,رياض الأطفال,بنات
1446,2025,الرياض,195762,الروضة العشرون بعد المئتان 220,حكومي,رياض الأطفال,بنات
1446,2025,الرياض,195763,الروضة الخامسة عشرة بعد المئتان 215,حكومي,رياض الأطفال,بنات
1446,2025,الرياض,195764,الروضة الخامسة والستون بعد المئة 165,حكومي,رياض الأطفال,بنات
1446,2025,الرياض,195769,الروضة الحادية والستون بعد المئة 161,حكومي,رياض الأطفال,بنات
1446,2025,الرياض,195770,الروضة الثامنة والسبعون بعد المئة 178,حكومي,رياض الأطفال,بنات
1446,2025,الرياض,195771,الروضة التاسعة والسبعون بعد المئة 179,حكومي,رياض الأطفال,بنات
1446,2025,الرياض,195772,الروضة العاشرة بعد المئتان 210,حكومي,رياض الأطفال,بنات
1446,2025,الرياض,195773,الروضة الحادية عشرة بعد المئتان 211,حكومي,رياض الأطفال,بنات
1446,2025,الرياض,195783,الروضة الثالثة عشرة بعد المئتان 213,حكومي,رياض الأطفال,بنات
1446,2025,الرياض,195796,الروضة الثامنة والستون بعد المائة 168,حكومي,رياض الأطفال,بنات
1446,2025,الرياض,195797,الروضة الرابعة عشرة بعد المئتين 214,حكومي,رياض الأطفال,بنات
1446,2025,الرياض,195798,الروضة الحادية والثمانون بعد المئة 181,حكومي,رياض الأطفال,بنات
1446,2025,الرياض,195801,الروضة الرابعة والتسعون بعد المئة 194,حكومي,رياض الأطفال,بنات
1446,2025,الرياض,195802,الروضة الثانية بعد المئتان 202,حكومي,رياض الأطفال,بنات
1446,2025,الرياض,195803,الروضة الثانية عشرة بعد المئتين 212,حكومي,رياض الأطفال,بنات
1446,2025,الرياض,195902,متوسطة ليلى بنت هلال,حكومي,المرحلة المتوسطة,بنات
1446,2025,الرياض,195941,ابتدائية سكينه بنت أبي وقاص,حكومي,المرحلة الإبتدائية,بنات
1446,2025,الرياض,195941,ابتدائية سكينه بنت أبي وقاص,حكومي,رياض الأطفال,بنات
1446,2025,الرياض,196061,مدرسة اشبيليا للطفولة المبكرة,حكومي,المرحلة الإبتدائية,بنات
1446,2025,الرياض,196061,مدرسة اشبيليا للطفولة المبكرة,حكومي,رياض الأطفال,بنات
1446,2025,الرياض,196062,مدرسة نافع بن جبير للطفولة المبكرة,حكومي,المرحلة الإبتدائية,بنات
1446,2025,الرياض,196062,مدرسة نافع بن جبير للطفولة المبكرة,حكومي,رياض الأطفال,بنات
1446,2025,الرياض,196063,مدرسة كعب بن زهير للطفولة المبكرة,حكومي,المرحلة الإبتدائية,بنات
1446,2025,الرياض,196063,مدرسة كعب بن زهير للطفولة المبكرة,حكومي,رياض الأطفال,بنات
1446,2025,الرياض,196064,مدرسة ابن عبد البر للطفولة المبكرة,حكومي,المرحلة الإبتدائية,بنات
1446,2025,الرياض,196064,مدرسة ابن عبد البر للطفولة المبكرة,حكومي,رياض الأطفال,بنات
1446,2025,الرياض,196065,مدرسة الحباب بن جبير للطفولة المبكرة,حكومي,المرحلة الإبتدائية,بنات
1446,2025,الرياض,196065,مدرسة الحباب بن جبير للطفولة المبكرة,حكومي,رياض الأطفال,بنات
1446,2025,الرياض,196066,مدرسة قتيبة بن مسلم للطفولة المبكرة,حكومي,المرحلة الإبتدائية,بنات
1446,2025,الرياض,196066,مدرسة قتيبة بن مسلم للطفولة المبكرة,حكومي,رياض الأطفال,بنات
1446,2025,الرياض,196067,مدرسة التعاون للطفولة المبكرة,حكومي,المرحلة الإبتدائية,بنات
1446,2025,الرياض,196067,مدرسة التعاون للطفولة المبكرة,حكومي,رياض الأطفال,بنات
1446,2025,الرياض,196068,مدرسة أبي فراس الحمداني للطفولة المبكرة,حكومي,المرحلة الإبتدائية,بنات
1446,2025,الرياض,196068,مدرسة أبي فراس الحمداني للطفولة المبكرة,حكومي,رياض الأطفال,بنات
1446,2025,الرياض,196070,مدرسة ابن حزم للطفولة المبكرة,حكومي,المرحلة الإبتدائية,بنات
1446,2025,الرياض,196070,مدرسة ابن حزم للطفولة المبكرة,حكومي,رياض الأطفال,بنات
1446,2025,الرياض,196071,مدرسة المأمون للطفولة المبكرة,حكومي,المرحلة الإبتدائية,بنات
1446,2025,الرياض,196211,مدرسة يسيرة الأنصارية للطفولة المبكرة,حكومي,المرحلة الإبتدائية,بنات
1446,2025,الرياض,196212,مدرسة حسن آل الشيخ للطفولة المبكرة,حكومي,المرحلة الإبتدائية,بنات
1446,2025,الرياض,196212,مدرسة حسن آل الشيخ للطفولة المبكرة,حكومي,رياض الأطفال,بنات
1446,2025,الرياض,196213,مدرسة همام بن الحارث للطفولة المبكرة,حكومي,المرحلة الإبتدائية,بنات
1446,2025,الرياض,196214,مدرسة كعب بن يسار للطفولة المبكرة,حكومي,المرحلة الإبتدائية,بنات
1446,2025,الرياض,196214,مدرسة كعب بن يسار للطفولة المبكرة,حكومي,رياض الأطفال,بنات
1446,2025,الرياض,196215,مدرسة عمر بن عبدالعزيز للطفولة المبكرة,حكومي,المرحلة الإبتدائية,بنات
1446,2025,الرياض,196215,مدرسة عمر بن عبدالعزيز للطفولة المبكرة,حكومي,رياض الأطفال,بنات
1446,2025,الرياض,196216,مدرسة الأبناء الثانية للطفولة المبكرة,حكومي,المرحلة الإبتدائية,بنات
1446,2025,الرياض,196217,مدرسة عبدالرحمن بن سعدي للطفولة المبكرة,حكومي,المرحلة الإبتدائية,بنات
1446,2025,الرياض,196217,مدرسة عبدالرحمن بن سعدي للطفولة المبكرة,حكومي,رياض الأطفال,بنات
1446,2025,الرياض,196218,مدرسة القاسم بن معن للطفولة المبكرة,حكومي,المرحلة الإبتدائية,بنات
1446,2025,الرياض,196218,مدرسة القاسم بن معن للطفولة المبكرة,حكومي,رياض الأطفال,بنات
1446,2025,الرياض,196219,مدرسة شرفة بنت الحارث  للطفولة المبكرة,حكومي,المرحلة الإبتدائية,بنات
1446,2025,الرياض,196219,مدرسة شرفة بنت الحارث  للطفولة المبكرة,حكومي,رياض الأطفال,بنات
1446,2025,الرياض,196220,مدرسة أم كلثوم  للطفولة المبكرة,حكومي,المرحلة الإبتدائية,بنات
1446,2025,الرياض,196221,مدرسة أم هانئ للطفولة المبكرة,حكومي,المرحلة الإبتدائية,بنات
1446,2025,الرياض,196221,مدرسة أم هانئ للطفولة المبكرة,حكومي,رياض الأطفال,بنات
1446,2025,الرياض,196222,مدرسة أم كعب الأنصارية للطفولة المبكرة,حكومي,المرحلة الإبتدائية,بنات
1446,2025,الرياض,196223,مدرسة أم البنين  للطفولة المبكرة,حكومي,المرحلة الإبتدائية,بنات
1446,2025,الرياض,196223,مدرسة أم البنين  للطفولة المبكرة,حكومي,رياض الأطفال,بنات
1446,2025,الرياض,196224,مدرسة حواء  للطفولة المبكرة,حكومي,المرحلة الإبتدائية,بنات
1446,2025,الرياض,196224,مدرسة حواء  للطفولة المبكرة,حكومي,رياض الأطفال,بنات
1446,2025,الرياض,196225,مدرسة ربيعة بن سلمة للطفولة المبكرة,حكومي,المرحلة الإبتدائية,بنات
1446,2025,الرياض,196228,مدرسة هالة بنت عوف للطفولة المبكرة,حكومي,المرحلة الإبتدائية,بنات
1446,2025,الرياض,196228,مدرسة هالة بنت عوف للطفولة المبكرة,حكومي,رياض الأطفال,بنات
1446,2025,الرياض,196229,مدرسة محمد بن المثنى للطفولة المبكرة,حكومي,المرحلة الإبتدائية,بنات
1446,2025,الرياض,196230,مدرسة عبدالله بن حكيم للطفولة المبكرة,حكومي,المرحلة الإبتدائية,بنات
1446,2025,الرياض,196231,مدرسة عصماء بنت الحارث للطفولة المبكرة,حكومي,المرحلة الإبتدائية,بنات
1446,2025,الرياض,196232,مدرسة ظبية بنت البراء للطفولة المبكرة,حكومي,المرحلة الإبتدائية,بنات
1446,2025,الرياض,196232,مدرسة ظبية بنت البراء للطفولة المبكرة,حكومي,رياض الأطفال,بنات
1446,2025,الرياض,196233,مدرسة سفيان الثوري للطفولة المبكرة,حكومي,المرحلة الإبتدائية,بنات
1446,2025,الرياض,196234,مدرسة نسيبة بنت الحارث للطفولة المبكرة,حكومي,المرحلة الإبتدائية,بنات
1446,2025,الرياض,196235,مدرسة الخليل بن أحمد للطفولة المبكرة,حكومي,المرحلة الإبتدائية,بنات
1446,2025,الرياض,196235,مدرسة الخليل بن أحمد للطفولة المبكرة,حكومي,رياض الأطفال,بنات
1446,2025,الرياض,196237,مدرسة محمد إقبال للطفولة المبكرة,حكومي,المرحلة الإبتدائية,بنات
1446,2025,الرياض,196237,مدرسة محمد إقبال للطفولة المبكرة,حكومي,رياض الأطفال,بنات
1446,2025,الرياض,196240,مدرسة جبل الرحمة للطفولة المبكرة,حكومي,المرحلة الإبتدائية,بنات
1446,2025,الرياض,196241,مدرسة أبي بلال الأشعري للطفولة المبكرة,حكومي,المرحلة الإبتدائية,بنات
1446,2025,الرياض,196242,مدرسة  الأبيرق للطفولة المبكرة,حكومي,المرحلة الإبتدائية,بنات
1446,2025,الرياض,196244,مدرسة عتبة بن غزوان للطفولة المبكرة,حكومي,المرحلة الإبتدائية,بنات
1446,2025,الرياض,196244,مدرسة عتبة بن غزوان للطفولة المبكرة,حكومي,رياض الأطفال,بنات
1446,2025,الرياض,196245,مدرسة أم الحسن البصري للطفولة المبكرة,حكومي,المرحلة الإبتدائية,بنات
1446,2025,الرياض,196246,مدرسة الملك عبدالعزيز للطفولة المبكرة,حكومي,المرحلة الإبتدائية,بنات
1446,2025,الرياض,196247,مدرسة أبي بكر الصديق للطفولة المبكرة,حكومي,المرحلة الإبتدائية,بنات
1446,2025,الرياض,196247,مدرسة أبي بكر الصديق للطفولة المبكرة,حكومي,رياض الأطفال,بنات
1446,2025,الرياض,196249,مدرسة سعد بن عبادة للطفولة المبكرة,حكومي,المرحلة الإبتدائية,بنات
1446,2025,الرياض,196249,مدرسة سعد بن عبادة للطفولة المبكرة,حكومي,رياض الأطفال,بنات
1446,2025,الرياض,196250,مدرسة يزيد الشيباني للطفولة المبكرة,حكومي,المرحلة الإبتدائية,بنات
1446,2025,الرياض,196251,مدرسة عبدالرحمن بن حسن للطفولة المبكرة,حكومي,المرحلة الإبتدائية,بنات
1446,2025,الرياض,196251,مدرسة عبدالرحمن بن حسن للطفولة المبكرة,حكومي,رياض الأطفال,بنات
1446,2025,الرياض,196252,مدرسة صفوان بن اليمان  للطفولة المبكرة,حكومي,المرحلة الإبتدائية,بنات
1446,2025,الرياض,196252,مدرسة صفوان بن اليمان  للطفولة المبكرة,حكومي,رياض الأطفال,بنات
1446,2025,الرياض,196253,مدرسة الفراء  للطفولة المبكرة,حكومي,المرحلة الإبتدائية,بنات
1446,2025,الرياض,196254,مدرسة عبدالله بن حميد  للطفولة المبكرة,حكومي,المرحلة الإبتدائية,بنات
1446,2025,الرياض,196254,مدرسة عبدالله بن حميد  للطفولة المبكرة,حكومي,رياض الأطفال,بنات
1446,2025,الرياض,196255,مدرسة البحتري  للطفولة المبكرة,حكومي,المرحلة الإبتدائية,بنات
1446,2025,الرياض,196257,مدرسة ثابت بن النعمان  للطفولة المبكرة,حكومي,المرحلة الإبتدائية,بنات
1446,2025,الرياض,196259,مدرسة المزاحمية للطفولة المبكرة,حكومي,المرحلة الإبتدائية,بنات
1446,2025,الرياض,196261,مدرسة الحديبية للطفولة المبكرة,حكومي,المرحلة الإبتدائية,بنات
1446,2025,الرياض,196261,مدرسة الحديبية للطفولة المبكرة,حكومي,رياض الأطفال,بنات
1446,2025,الرياض,196262,مدرسة حي الريان للطفولة المبكرة,حكومي,المرحلة الإبتدائية,بنات
1446,2025,الرياض,196262,مدرسة حي الريان للطفولة المبكرة,حكومي,رياض الأطفال,بنات
1446,2025,الرياض,196263,مدرسة عبدالله بن مصعب للطفولة المبكرة,حكومي,المرحلة الإبتدائية,بنات
1446,2025,الرياض,196264,مدرسة الضحاك بن سفيان للطفولة المبكرة,حكومي,المرحلة الإبتدائية,بنات
1446,2025,الرياض,196265,مدرسة المقداد بن الأسود للطفولة المبكرة,حكومي,المرحلة الإبتدائية,بنات
1446,2025,الرياض,196266,مدرسة أبوجعفر المنصور للطفولة المبكرة,حكومي,المرحلة الإبتدائية,بنات
1446,2025,الرياض,196270,مدرسة سالم بن عبدالله للطفولة المبكرة,حكومي,المرحلة الإبتدائية,بنات
1446,2025,الرياض,196271,مدرسة طارق بن شهاب للطفولة المبكرة,حكومي,المرحلة الإبتدائية,بنات
1446,2025,الرياض,196271,مدرسة طارق بن شهاب للطفولة المبكرة,حكومي,رياض الأطفال,بنات
1446,2025,الرياض,196272,مدرسة عبدالرحمن بن غنم للطفولة المبكرة,حكومي,المرحلة الإبتدائية,بنات
1446,2025,الرياض,196272,مدرسة عبدالرحمن بن غنم للطفولة المبكرة,حكومي,رياض الأطفال,بنات
1446,2025,الرياض,196273,مدرسة هلال بن أمية للطفولة المبكرة,حكومي,المرحلة الإبتدائية,بنات
1446,2025,الرياض,196275,مدرسة عتبة  بن أسيد للطفولة المبكرة,حكومي,المرحلة الإبتدائية,بنات
1446,2025,الرياض,196275,مدرسة عتبة  بن أسيد للطفولة المبكرة,حكومي,رياض الأطفال,بنات
1446,2025,الرياض,196276,مدرسة الزبير بن العوام للطفولة المبكرة,حكومي,المرحلة الإبتدائية,بنات
1446,2025,الرياض,196277,مدرسة عبدالحميد الكاتب للطفولة المبكرة,حكومي,المرحلة الإبتدائية,بنات
1446,2025,الرياض,196312,مدرسة الأسود بن وهب للطفولة المبكرة,حكومي,المرحلة الإبتدائية,بنات
1446,2025,الرياض,196312,مدرسة الأسود بن وهب للطفولة المبكرة,حكومي,رياض الأطفال,بنات
1446,2025,الرياض,196313,مدرسة صفوان بن سليم للطفولة المبكرة,حكومي,المرحلة الإبتدائية,بنات
1446,2025,الرياض,196313,مدرسة صفوان بن سليم للطفولة المبكرة,حكومي,رياض الأطفال,بنات
1446,2025,الرياض,196314,مدرسة خليفة بن خياط للطفولة المبكرة,حكومي,المرحلة الإبتدائية,بنات
1446,2025,الرياض,196314,مدرسة خليفة بن خياط للطفولة المبكرة,حكومي,رياض الأطفال,بنات
1446,2025,الرياض,196315,مدرسة عبدالله بن أنيس للطفولة المبكرة,حكومي,المرحلة الإبتدائية,بنات
1446,2025,الرياض,196316,مدرسة أمية بن خويلد للطفولة المبكرة,حكومي,المرحلة الإبتدائية,بنات
1446,2025,الرياض,196316,مدرسة أمية بن خويلد للطفولة المبكرة,حكومي,رياض الأطفال,بنات
1446,2025,الرياض,196350,مدرسة عبدالله بن السائب للطفولة المبكرة لتحفيظ القرآن الكريم,حكومي,المرحلة الإبتدائية,بنات
1446,2025,الرياض,196350,مدرسة عبدالله بن السائب للطفولة المبكرة لتحفيظ القرآن الكريم,حكومي,رياض الأطفال,بنات
1446,2025,الرياض,196365,المتوسطة الثالثة والاربعون بعد المئتين 243,حكومي,المرحلة المتوسطة,بنات
1446,2025,الرياض,196453,مدرسة أم يحيى بن الحصين للطفولة المبكرة,حكومي,المرحلة الإبتدائية,بنات
1446,2025,الرياض,196454,مدرسة أم مكتوم للطفولة المبكرة,حكومي,المرحلة الإبتدائية,بنات
1446,2025,الرياض,196455,مدرسة أبي عمرو الداني للطفولة المبكرة,حكومي,المرحلة الإبتدائية,بنات
1446,2025,الرياض,196458,مدرسة الربوة للطفولة المبكرة,حكومي,المرحلة الإبتدائية,بنات
1446,2025,الرياض,196473,مدرسة أم زيد بنت عتبة للطفولة المبكرة,حكومي,المرحلة الإبتدائية,بنات
1446,2025,الرياض,196473,مدرسة أم زيد بنت عتبة للطفولة المبكرة,حكومي,رياض الأطفال,بنات
1446,2025,الرياض,196483,مدرسة أم حارثة بنت النضير للطفولة المبكرة,حكومي,المرحلة الإبتدائية,بنات
1446,2025,الرياض,196483,مدرسة أم حارثة بنت النضير للطفولة المبكرة,حكومي,رياض الأطفال,بنات
1446,2025,الرياض,196484,مدرسة أم يزيد بنت قيس للطفولة المبكرة,حكومي,المرحلة الإبتدائية,بنات
1446,2025,الرياض,196487,مدرسة أم نائلة الخزاعية للطفولة المبكرة لتحفيظ القرآن الكريم,حكومي,المرحلة الإبتدائية,بنات
1446,2025,الرياض,196487,مدرسة أم نائلة الخزاعية للطفولة المبكرة لتحفيظ القرآن الكريم,حكومي,رياض الأطفال,بنات
1446,2025,الرياض,196489,مدرسة أم العلاء الأنصارية للطفولة المبكرة,حكومي,المرحلة الإبتدائية,بنات
1446,2025,الرياض,196489,مدرسة أم العلاء الأنصارية للطفولة المبكرة,حكومي,رياض الأطفال,بنات
1446,2025,الرياض,196572,روضة عفراء الانصارية,حكومي,رياض الأطفال,بنات
1446,2025,الرياض,196573,روضة  ثبيتة الأوسية,حكومي,رياض الأطفال,بنات
1446,2025,الرياض,196575,روضة  ربيعة بنت أيوب,حكومي,رياض الأطفال,بنات
1446,2025,الرياض,196583,مدرسة أم يحيى بنت يعلى بالكلية الحربية للطفولة المبكرة,حكومي,المرحلة الإبتدائية,بنات
1446,2025,الرياض,196585,مدرسة أم سلمة الأشهلية للطفولة المبكرة,حكومي,المرحلة الإبتدائية,بنات
1446,2025,الرياض,196590,متوسطة مريم بنت عمران,حكومي,المرحلة المتوسطة,بنات
1446,2025,الرياض,196592,مدرسة عاصم بن الحكم للطفولة المبكرة,حكومي,المرحلة الإبتدائية,بنات
1446,2025,الرياض,196637,ابتدائية الرمال الأولى للبنات,حكومي,المرحلة الإبتدائية,بنات
1446,2025,الرياض,196637,ابتدائية الرمال الأولى للبنات,حكومي,رياض الأطفال,بنات
1446,2025,الرياض,196670,المتوسطة السادسة والثلاثون بعد المئتين 236,حكومي,المرحلة المتوسطة,بنات
1446,2025,الرياض,196686,الابتدائية الخامسة والاربعون بعد الاربعمائة 445,حكومي,المرحلة الإبتدائية,بنات
1446,2025,الرياض,196765,مدرسة أم نصر المحاربية للطفولة المبكرة,حكومي,المرحلة الإبتدائية,بنات
1446,2025,الرياض,196765,مدرسة أم نصر المحاربية للطفولة المبكرة,حكومي,رياض الأطفال,بنات
1446,2025,الرياض,196766,مدرسة أم المؤمنين زينب الأسدية للطفولة المبكرة,حكومي,المرحلة الإبتدائية,بنات
1446,2025,الرياض,196766,مدرسة أم المؤمنين زينب الأسدية للطفولة المبكرة,حكومي,رياض الأطفال,بنات
1446,2025,الرياض,196767,مدرسة أم الفضل القرشية للطفولة المبكرة,حكومي,المرحلة الإبتدائية,بنات
1446,2025,الرياض,196767,مدرسة أم الفضل القرشية للطفولة المبكرة,حكومي,رياض الأطفال,بنات
1446,2025,الرياض,196768,مدرسة أم زينب العنبرية للطفولة المبكرة,حكومي,المرحلة الإبتدائية,بنات
1446,2025,الرياض,196768,مدرسة أم زينب العنبرية للطفولة المبكرة,حكومي,رياض الأطفال,بنات
1446,2025,الرياض,196769,مدرسة أم سليم الخزرجية للطفولة المبكرة,حكومي,المرحلة الإبتدائية,بنات
1446,2025,الرياض,196769,مدرسة أم سليم الخزرجية للطفولة المبكرة,حكومي,رياض الأطفال,بنات
1446,2025,الرياض,196770,مدرسة أم الدرداء للطفولة المبكرة,حكومي,المرحلة الإبتدائية,بنات
1446,2025,الرياض,196770,مدرسة أم الدرداء للطفولة المبكرة,حكومي,رياض الأطفال,بنات
1446,2025,الرياض,196772,مدرسة أم حبيبة بنت أسد للطفولة المبكرة,حكومي,المرحلة الإبتدائية,بنات
1446,2025,الرياض,196772,مدرسة أم حبيبة بنت أسد للطفولة المبكرة,حكومي,رياض الأطفال,بنات
1446,2025,الرياض,196792,متوسطة عمارة بنت حمزة,حكومي,المرحلة المتوسطة,بنات
1446,2025,الرياض,196809,مدرسة إشبيليا الابتدائية الأولى للبنات,حكومي,المرحلة الإبتدائية,بنات
1446,2025,الرياض,196812,مدرسة عرقة الأولى للطفولة المبكرة,حكومي,المرحلة الإبتدائية,بنات
1446,2025,الرياض,196812,مدرسة عرقة الأولى للطفولة المبكرة,حكومي,رياض الأطفال,بنات
1446,2025,الرياض,196815,مدرسة الدار البيضاء المتوسطة الأولى للبنات,حكومي,المرحلة المتوسطة,بنات
1446,2025,الرياض,196822,مدرسة العارض  الابتدائية الأولى للبنات,حكومي,المرحلة الإبتدائية,بنات
1446,2025,الرياض,196823,مدرسة  النرجس الأولى للطفولة المبكرة,حكومي,المرحلة الإبتدائية,بنات
1446,2025,الرياض,196823,مدرسة  النرجس الأولى للطفولة المبكرة,حكومي,رياض الأطفال,بنات
1446,2025,الرياض,196824,مدرسة النرجس الثانوية الأولى  للبنات,حكومي,المرحلة الثانوية,بنات
1446,2025,الرياض,196825,مدرسة النرجس المتوسطة الأولى للبنات,حكومي,المرحلة المتوسطة,بنات
1446,2025,الرياض,196826,مدرسة الملقا الابتدائية الأولى للبنات,حكومي,المرحلة الإبتدائية,بنات
1446,2025,الرياض,196826,مدرسة الملقا الابتدائية الأولى للبنات,حكومي,رياض الأطفال,بنات
1446,2025,الرياض,196827,مدرسة العارض الابتدائية الثانية للبنات,حكومي,المرحلة الإبتدائية,بنات
1446,2025,الرياض,196827,مدرسة العارض الابتدائية الثانية للبنات,حكومي,رياض الأطفال,بنات
1446,2025,الرياض,196830,مدرسة الجبيلة الأولى للطفولة المبكرة,حكومي,المرحلة الإبتدائية,بنات
1446,2025,الرياض,196831,مدرسة المهدية الابتدائية الأولى للبنات,حكومي,المرحلة الإبتدائية,بنات
1446,2025,الرياض,196832,مدرسة طيبة الابتدائية الأولى للبنات,حكومي,المرحلة الإبتدائية,بنات
1446,2025,الرياض,196834,مدرسة الجبيلة الثانوية الأولى للبنات,حكومي,المرحلة الثانوية,بنات
1446,2025,الرياض,196834,مدرسة الجبيلة الثانوية الأولى للبنات,حكومي,المرحلة المتوسطة,بنات
1446,2025,الرياض,196835,مدرسة طيبة المتوسطة الأولى للبنات,حكومي,المرحلة المتوسطة,بنات
1446,2025,الرياض,196836,مدرسة النرجس المتوسطة الثانية للبنات,حكومي,المرحلة المتوسطة,بنات
1446,2025,الرياض,196837,مدرسة المهدية المتوسطة الأولى للبنات,حكومي,المرحلة الثانوية,بنات
1446,2025,الرياض,196837,مدرسة المهدية المتوسطة الأولى للبنات,حكومي,المرحلة المتوسطة,بنات
1446,2025,الرياض,196838,مدرسة النرجس الابتدائية الثانية للبنات,حكومي,المرحلة الإبتدائية,بنات
1446,2025,الرياض,196838,مدرسة النرجس الابتدائية الثانية للبنات,حكومي,رياض الأطفال,بنات
1446,2025,الرياض,196840,مدرسة النرجس الثانوية الثانية للبنات,حكومي,المرحلة الثانوية,بنات
1446,2025,الرياض,196841,مدرسة طيبة الثانوية الأولى للبنات,حكومي,المرحلة الثانوية,بنات
1446,2025,الرياض,196860,مدرسة النظيم الأولى لرياض الأطفال,حكومي,رياض الأطفال,بنات
1446,2025,الرياض,196861,مدرسة ضرماء الأولى للطفولة المبكرة,حكومي,المرحلة الإبتدائية,بنات
1446,2025,الرياض,196866,مدرسة النرجس الابتدائية الأولى للبنات,حكومي,المرحلة الإبتدائية,بنات
1446,2025,الرياض,196866,مدرسة النرجس الابتدائية الأولى للبنات,حكومي,رياض الأطفال,بنات
1446,2025,الرياض,196870,مدرسة السعادة الأولى للطفولة المبكرة,حكومي,المرحلة الإبتدائية,بنات
1446,2025,الرياض,196870,مدرسة السعادة الأولى للطفولة المبكرة,حكومي,رياض الأطفال,بنات
1446,2025,الرياض,196888,ابتدائية صفية بنت عبدالمطلب,حكومي,المرحلة الإبتدائية,بنات
1446,2025,الرياض,196888,ابتدائية صفية بنت عبدالمطلب,حكومي,رياض الأطفال,بنات
1446,2025,الرياض,196952,مدرسة المزاحمية الثانية للطفولة المبكرة,حكومي,المرحلة الإبتدائية,بنات
1446,2025,الرياض,196952,مدرسة المزاحمية الثانية للطفولة المبكرة,حكومي,رياض الأطفال,بنات
1446,2025,الرياض,197034,ابتدائية أسماء بنت أبي بكر,حكومي,المرحلة الإبتدائية,بنات
1446,2025,الرياض,197034,ابتدائية أسماء بنت أبي بكر,حكومي,رياض الأطفال,بنات
1446,2025,الرياض,197042,ابتدائية آمنة بنت الأرقم,حكومي,المرحلة الإبتدائية,بنات
1446,2025,الرياض,197043,ابتدائية ام المؤمنين خديجة,حكومي,المرحلة الإبتدائية,بنات
1446,2025,الرياض,197044,ابتدائية رقية بنت عمر,حكومي,المرحلة الإبتدائية,بنات
1446,2025,الرياض,197045,متوسطة زينب بنت عمر,حكومي,المرحلة المتوسطة,بنات
1446,2025,الرياض,197051,متوسطة النهضة الأولى للبنات,حكومي,المرحلة المتوسطة,بنات
1446,2025,الرياض,197053,الروضة الخامسة والثلاثون بعد المائة 135,حكومي,رياض الأطفال,بنات
1446,2025,الرياض,197059,الروضة الأولى بثادق 1,حكومي,رياض الأطفال,بنات
1446,2025,الرياض,197063,المتوسطة الثلاثون بعد المئتين 230,حكومي,المرحلة المتوسطة,بنات
1446,2025,الرياض,197068,الابتدائية السادسة بالمزاحمية 6,حكومي,المرحلة الإبتدائية,بنات
1446,2025,الرياض,197068,الابتدائية السادسة بالمزاحمية 6,حكومي,رياض الأطفال,بنات
1446,2025,الرياض,197078,الابتدائية الحادية بعد الأربعمائة 401,حكومي,المرحلة الإبتدائية,بنات
1446,2025,الرياض,197079,المتوسطة الحادية والأربعون بعد المئتين 241,حكومي,المرحلة المتوسطة,بنات
1446,2025,الرياض,197080,ابتدائية أمامه بنت أبي العاص,حكومي,المرحلة الإبتدائية,بنات
1446,2025,الرياض,197080,ابتدائية أمامه بنت أبي العاص,حكومي,رياض الأطفال,بنات
1446,2025,الرياض,197084,المتوسطة الثالثة بعد المئتين 203,حكومي,المرحلة المتوسطة,بنات
1446,2025,الرياض,197208,الروضة الحادية والخمسون 51,حكومي,رياض الأطفال,بنات
1446,2025,الرياض,197216,ابتدائية زينب بنت العوام,حكومي,المرحلة الإبتدائية,بنات
1446,2025,الرياض,197216,ابتدائية زينب بنت العوام,حكومي,رياض الأطفال,بنات
1446,2025,الرياض,197224,متوسطة أم كلثوم بنت النبي صلى الله عليه وسلم,حكومي,المرحلة المتوسطة,بنات
1446,2025,الرياض,197331,مدرسة النهضة الابتدائية الأولى للبنات,حكومي,المرحلة الإبتدائية,بنات
1446,2025,الرياض,197332,مدرسة النهضة الأولى للطفولة المبكرة,حكومي,المرحلة الإبتدائية,بنات
1446,2025,الرياض,197334,مدرسة بدر الأولى للطفولة المبكرة,حكومي,المرحلة الإبتدائية,بنات
1446,2025,الرياض,197334,مدرسة بدر الأولى للطفولة المبكرة,حكومي,رياض الأطفال,بنات
1446,2025,الرياض,197366,مدرسة العريجاء الأولى لرياض الأطفال,حكومي,رياض الأطفال,بنات
1446,2025,الرياض,197367,مدرسة العريجاء الثانية لرياض الأطفال,حكومي,رياض الأطفال,بنات
1446,2025,الرياض,197368,مدرسة العريجاء الثالثة لرياض الأطفال,حكومي,رياض الأطفال,بنات
1446,2025,الرياض,197388,مدرسة الجنادرية الابتدائية الاولى للبنات,حكومي,المرحلة الإبتدائية,بنات
1446,2025,الرياض,197389,مدرسة الجنادرية المتوسطة الأولى للبنات,حكومي,المرحلة المتوسطة,بنات
1446,2025,الرياض,197390,مدرسة البيان الابتدائية الأولى للبنات,حكومي,المرحلة الإبتدائية,بنات
1446,2025,الرياض,197390,مدرسة البيان الابتدائية الأولى للبنات,حكومي,المرحلة المتوسطة,بنات
1446,2025,الرياض,197391,مدرسة طويق الثانوية الأولى للبنات ( مسائية ),حكومي,المرحلة الثانوية,بنات
1446,2025,الرياض,197392,مدرسة طويق المتوسطة الأولى للبنات ( مسائية ),حكومي,المرحلة المتوسطة,بنات
1446,2025,الرياض,197393,مدرسة طويق المتوسطة الثانية للبنات ( مسائية ),حكومي,المرحلة المتوسطة,بنات
1446,2025,الرياض,197394,مدرسة طويق الابتدائية الثانية للبنات ( مسائية ),حكومي,المرحلة الإبتدائية,بنات
1446,2025,الرياض,197395,مدرسة طويق الابتدائية الثالثة للبنات ( مسائية ),حكومي,المرحلة الإبتدائية,بنات
1446,2025,الرياض,197396,مدرسة العوالي الابتدائية الأولى للبنات ( مسائية ),حكومي,المرحلة الإبتدائية,بنات
1446,2025,الرياض,197397,مدرسة العوالي الثانوية الأولى للبنات ( مسائية ),حكومي,المرحلة الثانوية,بنات
1446,2025,الرياض,197398,مدرسة القادسية  الأولى للطفولة المبكرة ( مسائية ),حكومي,المرحلة الإبتدائية,بنات
1446,2025,الرياض,197400,مدرسة عكاظ الابتدائية الأولى للبنات ( مسائية ),حكومي,المرحلة الإبتدائية,بنات
1446,2025,الرياض,197401,مدرسة أحد الثانوية الأولى للبنات ( مسائية ),حكومي,المرحلة الثانوية,بنات
1446,2025,الرياض,197402,مدرسة الرمال الابتدائية الثانية للبنات ( مسائية ),حكومي,المرحلة الإبتدائية,بنات
1446,2025,الرياض,197403,مدرسة الرمال المتوسطة الثانية للبنات ( مسائية ),حكومي,المرحلة المتوسطة,بنات
1446,2025,الرياض,197404,مدرسة الرمال الثانوية الثانية للبنات ( مسائية ),حكومي,المرحلة الثانوية,بنات
1446,2025,الرياض,197443,مدرسة إشبيلية الأولى للطفولة المبكرة,حكومي,المرحلة الإبتدائية,بنات
1446,2025,الرياض,197443,مدرسة إشبيلية الأولى للطفولة المبكرة,حكومي,رياض الأطفال,بنات
1446,2025,الرياض,197486,المتوسطة التاسعة بعد المئتين 209,حكومي,المرحلة المتوسطة,بنات
1446,2025,الرياض,197493,متوسطة ام المؤمنين ميمونه,حكومي,المرحلة المتوسطة,بنات
1446,2025,الرياض,197497,مدرسة بدر الثانوية الأولى للبنات,حكومي,المرحلة الثانوية,بنات
1446,2025,الرياض,197522,مدرسة سدرة الابتدائية الأولى للبنات,حكومي,المرحلة الإبتدائية,بنات
1446,2025,الرياض,197531,رروضة سدرة الخامسة,حكومي,رياض الأطفال,بنات
1446,2025,الرياض,197558,ابتدائية اروى بنت ابي العاص,حكومي,المرحلة الإبتدائية,بنات
1446,2025,الرياض,197558,ابتدائية اروى بنت ابي العاص,حكومي,رياض الأطفال,بنات
1446,2025,الرياض,197886,متوسطة عائشة بنت عثمان,حكومي,المرحلة المتوسطة,بنات
1446,2025,الرياض,241902,ابتدائية عبدالرحمن بن عوف,حكومي,المرحلة الإبتدائية,بنين
1446,2025,الرياض,710946,الابتدائية الخامسة عشر بعد الاربعمائة 415,حكومي,المرحلة الإبتدائية,بنات
1446,2025,الرياض,711355,الابتدائية الرابعة عشرة بعد الأربعمائة 414,حكومي,المرحلة الإبتدائية,بنات
1446,2025,الرياض,711355,الابتدائية الرابعة عشرة بعد الأربعمائة 414,حكومي,رياض الأطفال,بنات
1446,2025,الرياض,980041,الروضة الخامسة بعد المائة 105,حكومي,رياض الأطفال,بنات
1446,2025,الرياض,980341,الروضة الثانية بعد المائة102,حكومي,رياض الأطفال,بنات
1446,2025,الرياض,980361,الروضة الثالثة والسبعين73,حكومي,رياض الأطفال,بنات
1446,2025,الرياض,M010801,ثانوية المعتمد بن عباد - مسارات,حكومي,المرحلة الثانوية,بنين
1446,2025,الرياض,M010803,ثانوية الشوكاني - مسارات,حكومي,المرحلة الثانوية,بنين
1446,2025,الرياض,M011715,ثانوية الأمير عبدالمحسن بن عبدالعزيز - مسارات,حكومي,المرحلة الثانوية,بنين
1446,2025,الرياض,M011768,ثانوية الأمير بندر بن عبدالعزيز - مسارات,حكومي,المرحلة الثانوية,بنين
1446,2025,الرياض,M012195,ثانوية الزهراوي - مسارات,حكومي,المرحلة الثانوية,بنين
1446,2025,الرياض,M10772,ثانوية الشفا - مسارات,حكومي,المرحلة الثانوية,بنين
1446,2025,الرياض,M10783,ثانوية اليمامة - مسارات,حكومي,المرحلة الثانوية,بنين
1446,2025,الرياض,M10786,ثانوية الملك فهد - مسارات,حكومي,المرحلة الثانوية,بنين
1446,2025,الرياض,M10790,ثانوية الجوهري - مسارات,حكومي,المرحلة الثانوية,بنين
1446,2025,الرياض,M10799,ثانوية الرضوان - مسارات,حكومي,المرحلة الثانوية,بنين
1446,2025,الرياض,M10802,ثانوية صقلية - مسارات,حكومي,المرحلة الثانوية,بنين
1446,2025,الرياض,M10807,ثانوية بلاط الشهداء - مسارات,حكومي,المرحلة الثانوية,بنين
1446,2025,الرياض,M10808,ثانوية الشاطبي - مسارات,حكومي,المرحلة الثانوية,بنين
1446,2025,الرياض,M10810,ثانوية البيروني - مسارات,حكومي,المرحلة الثانوية,بنين
1446,2025,الرياض,M10814,ثانوية مجمع الملك سعود بن عبدالعزيز - مسارات,حكومي,المرحلة الثانوية,بنين
1446,2025,الرياض,M10817,ثانوية الشورى - مسارات,حكومي,المرحلة الثانوية,بنين
1446,2025,الرياض,M10820,ثانوية الإمام الألوسي - مسارات,حكومي,المرحلة الثانوية,بنين
1446,2025,الرياض,M10822,ثانوية مجمع جرير البجلي التعليمي - مسارات,حكومي,المرحلة الثانوية,بنين
1446,2025,الرياض,M10992,ثانوية الأمير بدر بن عبدالعزيز - مسارات,حكومي,المرحلة الثانوية,بنين
1446,2025,الرياض,M110003,ثانوية الإمام عبدالله بن سعود - مسارات,حكومي,المرحلة الثانوية,بنين
1446,2025,الرياض,M110007,ثانوية عثمان بن أبي العاص - مسارات,حكومي,المرحلة الثانوية,بنين
1446,2025,الرياض,M110023,ثانوية معهد العاصمة النموذجي - مسارات,حكومي,المرحلة الثانوية,بنين
1446,2025,الرياض,M110034,ثانوية مجمع الامير سلطان بن عبدالعزيز - مسارات,حكومي,المرحلة الثانوية,بنين
1446,2025,الرياض,M110130,ثانوية الأمير مقرن بن عبدالعزيز - مسارات,حكومي,المرحلة الثانوية,بنين
1446,2025,الرياض,M110179,ثانوية زهير بن قيس - مسارات,حكومي,المرحلة الثانوية,بنين
1446,2025,الرياض,M110180,ثانوية الصديق - مسارات,حكومي,المرحلة الثانوية,بنين
1446,2025,الرياض,M110181,ثانوية القادسية  - مسارات,حكومي,المرحلة الثانوية,بنين
1446,2025,الرياض,M110182,ثانوية القاسم بن سلام	 - مسارات,حكومي,المرحلة الثانوية,بنين
1446,2025,الرياض,M110183,ثانوية يزيد بن معاوية - مسارات,حكومي,المرحلة الثانوية,بنين
1446,2025,الرياض,M110184,ثانوية النجاشي - مسارات,حكومي,المرحلة الثانوية,بنين
1446,2025,الرياض,M110185,ثانوية ثادق - مسارات,حكومي,المرحلة الثانوية,بنين
1446,2025,الرياض,M110237,ثانوية الطائف - مسارات,حكومي,المرحلة الثانوية,بنين
1446,2025,الرياض,M110248,ثانوية الشهداء - مسارات,حكومي,المرحلة الثانوية,بنين
1446,2025,الرياض,M110395,ثانوية صفوان بن أمية - مسارات,حكومي,المرحلة الثانوية,بنين
1446,2025,الرياض,M110620,ثانوية زيد بن أرقم-,حكومي,المرحلة الثانوية,بنين
1446,2025,الرياض,M110747,ثانوية عبدالله بن جعفر - مسارات,حكومي,المرحلة الثانوية,بنين
1446,2025,الرياض,M110776,ثانوية الإمام الجويني - مسارات,حكومي,المرحلة الثانوية,بنين
1446,2025,الرياض,M111056,ثانوية محمد بن إبراهيم - مسارات,حكومي,المرحلة الثانوية,بنين
1446,2025,الرياض,M111670,ثانوية نجد - مسارات,حكومي,المرحلة الثانوية,بنين
1446,2025,الرياض,M112011,ثانوية الفاروق - مسارات,حكومي,المرحلة الثانوية,بنين
1446,2025,الرياض,M112151,ثانوية بدر - مسارات,حكومي,المرحلة الثانوية,بنين
1446,2025,الرياض,M112271,ثانوية ابن المنذر - مسارات,حكومي,المرحلة الثانوية,بنين
1446,2025,الرياض,M11264,ثانوية عبدالعزيز بن باز - مسارات,حكومي,المرحلة الثانوية,بنين
1446,2025,الرياض,M11265,ثانوية السليمانية - مسارات,حكومي,المرحلة الثانوية,بنين
1446,2025,الرياض,M11347,ثانوية الأمير فيصل بن فهد - مسارات,حكومي,المرحلة الثانوية,بنين
1446,2025,الرياض,M113475,ثانوية الأبناء بالرياض - مسارات,حكومي,المرحلة الثانوية,بنين
1446,2025,الرياض,M113735,ثانوية موسى بن نصير - مسارات,حكومي,المرحلة الثانوية,بنين
1446,2025,الرياض,M11379,ثانوية عبدالرحمن بن مهدي - مسارات,حكومي,المرحلة الثانوية,بنين
1446,2025,الرياض,M113892,ثانوية الأبناء بكلية الملك عبدالعزيز الحربية - مسارات,حكومي,المرحلة الثانوية,بنين
1446,2025,الرياض,M11412,ثانوية مجمع الملك عبدالله بن عبدالعزيز - مسارات,حكومي,المرحلة الثانوية,بنين
1446,2025,الرياض,M114152,ثانوية الملك فهد - مسارات,حكومي,المرحلة الثانوية,بنين
1446,2025,الرياض,M114582,الثانوية الأولى بليلى - مسارات,حكومي,المرحلة الثانوية,بنات
1446,2025,الرياض,M11469,ثانوية الفهد - مسارات,حكومي,المرحلة الثانوية,بنين
1446,2025,الرياض,M115003,ثانوية حوطة بني تميم (بنين) - مسارات,حكومي,المرحلة الثانوية,بنين
1446,2025,الرياض,M115009,ثانوية مصدة (بنين) - مسارات,حكومي,المرحلة الثانوية,بنين
1446,2025,الرياض,M115135,ثانوية الحلوة (بنين) - مسارات,حكومي,المرحلة الثانوية,بنين
1446,2025,الرياض,M11533,ثانوية الأمير محمد بن عبدالعزيز - مسارات,حكومي,المرحلة الثانوية,بنين
1446,2025,الرياض,M115510,ثانوية الحلوة (بنات) - مسارات,حكومي,المرحلة الثانوية,بنات
1446,2025,الرياض,M115592,ثانوية الحريق (بنات) - مسارات,حكومي,المرحلة الثانوية,بنات
1446,2025,الرياض,M116002,ثانوية الإمام البخاري ـ - مسارات,حكومي,المرحلة الثانوية,بنين
1446,2025,الرياض,M116021,ثانوية طيبة ـ - مسارات,حكومي,المرحلة الثانوية,بنين
1446,2025,الرياض,M116023,ثانوية صقر الجزيرة ـ - مسارات,حكومي,المرحلة الثانوية,بنين
1446,2025,الرياض,M116117,ثانوية الشيخ محمد بن عثيمين - مسارات,حكومي,المرحلة الثانوية,بنين
1446,2025,الرياض,M116120,ثانوية الملك عبدالله ـ - مسارات,حكومي,المرحلة الثانوية,بنين
1446,2025,الرياض,M116234,ثانوية الفاروق - مسارات,حكومي,المرحلة الثانوية,بنين
1446,2025,الرياض,M116500,ثانوية الهياثم - مسارات,حكومي,المرحلة الثانوية,بنين
1446,2025,الرياض,M116920,الثانوية الثالثة عشر ـ - مسارات,حكومي,المرحلة الثانوية,بنات
1446,2025,الرياض,M116990,الثانوية الأولى - مسارات,حكومي,المرحلة الثانوية,بنات
1446,2025,الرياض,M117149,ساجر الثانوية - مسارات,حكومي,المرحلة الثانوية,بنين
1446,2025,الرياض,M117176,الملك فيصل الثانوية - مسارات,حكومي,المرحلة الثانوية,بنين
1446,2025,الرياض,M117245,القرين الثانوية - مسارات,حكومي,المرحلة الثانوية,بنين
1446,2025,الرياض,M117641,داورد الثانوية - مسارات,حكومي,المرحلة الثانوية,بنين
1446,2025,الرياض,M118010,الثالثة الثانوية - مسارات,حكومي,المرحلة الثانوية,بنات
1446,2025,الرياض,M118011,الأولى الثانوية بساجر - مسارات,حكومي,المرحلة الثانوية,بنات
1446,2025,الرياض,M118459,الثانية الثانوية بالدوادمي - مسارات,حكومي,المرحلة الثانوية,بنات
1446,2025,الرياض,M119141,مدرسة الإمام محمد بن سعودالثانوية ( ) - مسارات,حكومي,المرحلة الثانوية,بنين
1446,2025,الرياض,M119513,ثانوية علقة - مسارات,حكومي,المرحلة الثانوية,بنات
1446,2025,الرياض,M119513,ثانوية علقة - مسارات,حكومي,المرحلة المتوسطة,بنات
1446,2025,الرياض,M119561,الثانويه السابعة - مسارات,حكومي,المرحلة الثانوية,بنات
1446,2025,الرياض,M120001,ثانوية الملك فهد - مسارات,حكومي,المرحلة الثانوية,بنين
1446,2025,الرياض,M120004,ثانوية تمير - مسارات,حكومي,المرحلة الثانوية,بنين
1446,2025,الرياض,M120005,ثانوية الأمير سلطان بن عبدالعزيز - مسارات,حكومي,المرحلة الثانوية,بنين
1446,2025,الرياض,M120005,ثانوية الأمير سلطان بن عبدالعزيز - مسارات,حكومي,المرحلة المتوسطة,بنين
1446,2025,الرياض,M120019,ثانوية الأمير نايف بن عبدالعزيز - مسارات,حكومي,المرحلة الثانوية,بنين
1446,2025,الرياض,M120021,ثانوية الإمام فيصل بن تركي - مسارات,حكومي,المرحلة الثانوية,بنين
1446,2025,الرياض,M120501,الثانوية الثانية بحي البصيرة - مسارات,حكومي,المرحلة الثانوية,بنات
1446,2025,الرياض,M120520,الثانوية الاولى  بحوطة سدير - مسارات,حكومي,المرحلة الثانوية,بنات
1446,2025,الرياض,M120521,الثانوية الرابعة  بالمجمعة - مسارات,حكومي,المرحلة الثانوية,بنات
1446,2025,الرياض,M121001,ثانوية القويعية ( مسارات ),حكومي,المرحلة الثانوية,بنين
1446,2025,الرياض,M121009,ثانوية الملك فهد - مسارات,حكومي,المرحلة الثانوية,بنين
1446,2025,الرياض,M121206,ثانوية سعيد بن المسيب - مسارات,حكومي,المرحلة الثانوية,بنين
1446,2025,الرياض,M121206,ثانوية سعيد بن المسيب - مسارات,حكومي,المرحلة المتوسطة,بنين
1446,2025,الرياض,M121670,ثانوية الرويضة - مسارات,حكومي,المرحلة الثانوية,بنين
1446,2025,الرياض,M122003,ثانوية الرويضة الأولى - مسارات,حكومي,المرحلة الثانوية,بنات
1446,2025,الرياض,M122019,الثانوية الثانية بالرويضة - مسارات,حكومي,المرحلة الثانوية,بنات
1446,2025,الرياض,M122020,الثانوية الثانية بالقويعية ( ) - مسارات,حكومي,المرحلة الثانوية,بنات
1446,2025,الرياض,M123502,الثانوية الثانية - مسارات,حكومي,المرحلة الثانوية,بنات
1446,2025,الرياض,M124006,ثانوية الشيخ محمد بن عثيمين - مسارات,حكومي,المرحلة الثانوية,بنين
1446,2025,الرياض,M124020,مدرسة ابن تيمية الثانوية - مسارات,حكومي,المرحلة الثانوية,بنين
1446,2025,الرياض,M124021,مدرسة عمرو بن العاص الثانوية - مسارات,حكومي,المرحلة الثانوية,بنين
1446,2025,الرياض,M124023,ثانوية كمدة - مسارات,حكومي,المرحلة الثانوية,بنين
1446,2025,الرياض,M124171,ثانوية مجمع الأمير سلطان التعليمي - مسارات,حكومي,المرحلة الثانوية,بنين
1446,2025,الرياض,M124324,ثانوية المعتلى - مسارات,حكومي,المرحلة الثانوية,بنين
1446,2025,الرياض,M124352,ثانوية الولامين - مسارات,حكومي,المرحلة الثانوية,بنين
1446,2025,الرياض,M124370,ثانوية بدر - مسارات,حكومي,المرحلة الثانوية,بنين
1446,2025,الرياض,M124505,مدرسة السليل الاولى  الثانوية - مسارات,حكومي,المرحلة الثانوية,بنات
1446,2025,الرياض,M124526,مدرسة تمره الثانوية - مسارات,حكومي,المرحلة الثانوية,بنات
1446,2025,الرياض,M124527,مدرسة المعتلا الثانوية - مسارات,حكومي,المرحلة الثانوية,بنات
1446,2025,الرياض,M124535,مدرسة خولة بنت الأزور الثانوية - مسارات,حكومي,المرحلة الثانوية,بنات
1446,2025,الرياض,M124568,مدرسة ثانوية الخماسين الأولى - مسارات,حكومي,المرحلة الثانوية,بنات
1446,2025,الرياض,M125212,ثانوية مرات . - مسارات,حكومي,المرحلة الثانوية,بنين
1446,2025,الرياض,M125740,ثانوية مرات - مسارات,حكومي,المرحلة الثانوية,بنات
1446,2025,الرياض,M141575,ثانوية ليلى - مسارات,حكومي,المرحلة الثانوية,بنين
1446,2025,الرياض,M145695,الثانوية الثانية بليلى - مسارات,حكومي,المرحلة الثانوية,بنات
1446,2025,الرياض,M151675,ثانوية ابن باز (بنين) - مسارات,حكومي,المرحلة الثانوية,بنين
1446,2025,الرياض,M15576,الثانوية الثانية بحوطة بني تميم (بنات) - مسارات,حكومي,المرحلة الثانوية,بنات
1446,2025,الرياض,M162125,ثانوية الملك فهد - مسارات,حكومي,المرحلة الثانوية,بنين
1446,2025,الرياض,M162175,ثانوية الأمير سلمان بن محمد ـ - مسارات,حكومي,المرحلة الثانوية,بنين
1446,2025,الرياض,M163355,ثانوية ابن النفيس ـ - مسارات,حكومي,المرحلة الثانوية,بنين
1446,2025,الرياض,M166485,الثانوية الثالثة - مسارات,حكومي,المرحلة الثانوية,بنات
1446,2025,الرياض,M166675,الثانوية الثامنة - مسارات,حكومي,المرحلة الثانوية,بنات
1446,2025,الرياض,M166685,الثانوية التاسعة - مسارات,حكومي,المرحلة الثانوية,بنات
1446,2025,الرياض,M168785,الثانوية الخامسة بالدلم ـ - مسارات,حكومي,المرحلة الثانوية,بنات
1446,2025,الرياض,M168795,الثانوية السادسة - مسارات,حكومي,المرحلة الثانوية,بنات
1446,2025,الرياض,M168805,الثانوية الحادية عشر - مسارات,حكومي,المرحلة الثانوية,بنات
1446,2025,الرياض,M17292,الدوادمي الثانوية - مسارات,حكومي,المرحلة الثانوية,بنين
1446,2025,الرياض,M18487,السادسة الثانوية - مسارات,حكومي,المرحلة الثانوية,بنات
1446,2025,الرياض,M19151,مدرسة طيبة الثانوية - مسارات,حكومي,المرحلة الثانوية,بنين
1446,2025,الرياض,M191625,مدرسة الرياض الثانوية ( ) - مسارات,حكومي,المرحلة الثانوية,بنين
1446,2025,الرياض,M195022,الثانوية الثامنة والثلاثون  38 - مسارات,حكومي,المرحلة الثانوية,بنات
1446,2025,الرياض,M195096,الثانوية السابعة بعد المائة 107 - مسارات,حكومي,المرحلة الثانوية,بنات
1446,2025,الرياض,M195287,الثانوية الثانية والثمانون 82 - مسارات,حكومي,المرحلة الثانوية,بنات
1446,2025,الرياض,M195291,ثانوية صفية بنت الخطاب - مسارات,حكومي,المرحلة الثانوية,بنات
1446,2025,الرياض,M195350,ثانوية عرقة - مسارات,حكومي,المرحلة الثانوية,بنات
1446,2025,الرياض,M195413,الثانوية الخمسون 50 - مسارات,حكومي,المرحلة الثانوية,بنات
1446,2025,الرياض,M195450,الثانوية التسعون 90	 - مسارات,حكومي,المرحلة الثانوية,بنات
1446,2025,الرياض,M195451,الثانوية السادسة بعد المائة 106 - مسارات,حكومي,المرحلة الثانوية,بنات
1446,2025,الرياض,M195452,ثانوية طرفة بنت عبدالعزيز - مسارات,حكومي,المرحلة الثانوية,بنات
1446,2025,الرياض,M195509,ثانوية جواهر بنت عبدالعزيز - مسارات,حكومي,المرحلة الثانوية,بنات
1446,2025,الرياض,M19562,الثانوية الثالثة - مسارات,حكومي,المرحلة الثانوية,بنات
1446,2025,الرياض,M195630,ثانوية درة بنت أبي سفيان - مسارات,حكومي,المرحلة الثانوية,بنات
1446,2025,الرياض,M195634,ثانوية خولة بنت اليمان - مسارات,حكومي,المرحلة الثانوية,بنات
1446,2025,الرياض,M195646,ثانوية حليمة السعدية  - مسارات,حكومي,المرحلة الثانوية,بنات
1446,2025,الرياض,M196600,الثانوية الرابعة والتسعون 94 - مسارات,حكومي,المرحلة الثانوية,بنات
1446,2025,الرياض,M196954,الثانوية السادسة عشرة بعد المائة 116 - مسارات,حكومي,المرحلة الثانوية,بنات
1446,2025,الرياض,M197093,الثانوية الأربعون بعد المائة 140 - مسارات,حكومي,المرحلة الثانوية,بنات
1446,2025,الرياض,M197099,الثانوية الحادية بعد المائة 101 - مسارات,حكومي,المرحلة الثانوية,بنات
1446,2025,الرياض,M197124,الثانوية الرابعة والعشرون بعد المائة 124 - مسارات,حكومي,المرحلة الثانوية,بنات
1446,2025,الرياض,M197126,الثانوية الحادية  والثمانون 81 - مسارات,حكومي,المرحلة الثانوية,بنات
1446,2025,الرياض,M197130,الثانوية الثانية والأربعون بعد المائة 142 - مسارات,حكومي,المرحلة الثانوية,بنات
1446,2025,الرياض,M197138,الثانوية الثالثة والخمسون 53 - مسارات,حكومي,المرحلة الثانوية,بنات
1446,2025,الرياض,M197160,الثانوية الأربعون 40 - مسارات,حكومي,المرحلة الثانوية,بنات
1446,2025,الرياض,M197469,الثانوية الخامسة والخمسون 55 - مسارات,حكومي,المرحلة الثانوية,بنات
1446,2025,الرياض,M20201,ثانوية الملك عبدالله - مسارات,حكومي,المرحلة الثانوية,بنين
1446,2025,الرياض,M20239,ثانوية مجمع عبدالعزيز وعبدالله التويجري - مسارات,حكومي,المرحلة الثانوية,بنين
1446,2025,الرياض,M20311,ثانوية مجمع المعجل التعليمي - مسارات,حكومي,المرحلة الثانوية,بنين
1446,2025,الرياض,M206155,الثانوية الأولى  بالمجمعة - مسارات,حكومي,المرحلة الثانوية,بنات
1446,2025,الرياض,M206225,الثانوية الثانية  بالمجمعة - مسارات,حكومي,المرحلة الثانوية,بنات
1446,2025,الرياض,M232775,ثانوية القدس - مسارات,حكومي,المرحلة الثانوية,بنين
1446,2025,الرياض,M236190,الثانوية الأولى بعفيف - مسارات,حكومي,المرحلة الثانوية,بنات
1446,2025,الرياض,M23632,الثانوية الثالثة بعفيف - - مسارات,حكومي,المرحلة الثانوية,بنات
1446,2025,الرياض,M241835,ثانوية الخماسين - مسارات,حكومي,المرحلة الثانوية,بنين
1446,2025,الرياض,M241845,ثانوية السليل - مسارات,حكومي,المرحلة الثانوية,بنين
1446,2025,الرياض,M241875,ثانوية النويعمة - مسارات,حكومي,المرحلة الثانوية,بنين
1446,2025,الرياض,M241885,ثانوية الشيخ عبدالعزيز بن باز - مسارات,حكومي,المرحلة الثانوية,بنين
1446,2025,الرياض,M245975,مدرسة ثانوية الولامين - مسارات,حكومي,المرحلة الثانوية,بنات
1446,2025,الرياض,M245985,مدرسة ثانوية النويعمة - مسارات,حكومي,المرحلة الثانوية,بنات
1446,2025,الرياض,M246015,مدرسة ثانوية اللدام الأولى - مسارات,حكومي,المرحلة الثانوية,بنات
1446,2025,الرياض,M255555,الثانوية الأولى بشقراء - مسارات,حكومي,المرحلة الثانوية,بنات
1446,2025,الرياض,M3910766,ثانوية الحائر - مسارات,حكومي,المرحلة الثانوية,بنين
1446,2025,الرياض,M3910766,ثانوية الحائر - مسارات,حكومي,المرحلة المتوسطة,بنين
1446,2025,الرياض,M3910767,ثانوية الإمام عبدالعزيز بن محمد - مسارات,حكومي,المرحلة الثانوية,بنين
1446,2025,الرياض,M3910768,ثانوية أبي تمام - مسارات,حكومي,المرحلة الثانوية,بنين
1446,2025,الرياض,M3910770,ثانوية الجزيرة - مسارات,حكومي,المرحلة الثانوية,بنين
1446,2025,الرياض,M3910771,ثانوية الرياض - مسارات,حكومي,المرحلة الثانوية,بنين
1446,2025,الرياض,M3910774,ثانوية العارض - مسارات,حكومي,المرحلة الثانوية,بنين
1446,2025,الرياض,M3910775,ثانوية العليا - مسارات,حكومي,المرحلة الثانوية,بنين
1446,2025,الرياض,M3910777,ثانوية الفيصل - مسارات,حكومي,المرحلة الثانوية,بنين
1446,2025,الرياض,M3910779,ثانوية قرطبة - مسارات,حكومي,المرحلة الثانوية,بنين
1446,2025,الرياض,M3910781,ثانوية الملك عبدالعزيز - مسارات,حكومي,المرحلة الثانوية,بنين
1446,2025,الرياض,M3910784,ثانوية عبدالرحمن الغافقي - مسارات,حكومي,المرحلة الثانوية,بنين
1446,2025,الرياض,M3910785,ثانوية العز بن عبدالسلام - مسارات,حكومي,المرحلة الثانوية,بنين
1446,2025,الرياض,M3910787,ثانوية اليرموك - مسارات,حكومي,المرحلة الثانوية,بنين
1446,2025,الرياض,M3910792,ثانوية الإدريسي - مسارات,حكومي,المرحلة الثانوية,بنين
1446,2025,الرياض,M3910793,ثانوية نهاوند - مسارات,حكومي,المرحلة الثانوية,بنين
1446,2025,الرياض,M3910794,ثانوية طليحة الأسدي - مسارات,حكومي,المرحلة الثانوية,بنين
1446,2025,الرياض,M3910794,ثانوية طليحة الأسدي - مسارات,حكومي,المرحلة المتوسطة,بنين
1446,2025,الرياض,M3910795,ثانوية النظيم - مسارات,حكومي,المرحلة الثانوية,بنين
1446,2025,الرياض,M3910797,ثانوية المدائن - مسارات,حكومي,المرحلة الثانوية,بنين
1446,2025,الرياض,M3910798,ثانوية الماوردي - مسارات,حكومي,المرحلة الثانوية,بنين
1446,2025,الرياض,M3910800,ثانوية أبي بكر بن العربي - مسارات,حكومي,المرحلة الثانوية,بنين
1446,2025,الرياض,M3910806,ثانوية عرقة - مسارات,حكومي,المرحلة الثانوية,بنين
1446,2025,الرياض,M3910811,ثانوية القدس - مسارات,حكومي,المرحلة الثانوية,بنين
1446,2025,الرياض,M3910812,ثانوية محمد بن واسع - مسارات,حكومي,المرحلة الثانوية,بنين
1446,2025,الرياض,M3910815,ثانوية ثابت بن الربيع - مسارات,حكومي,المرحلة الثانوية,بنين
1446,2025,الرياض,M3910816,ثانوية تبوك - مسارات,حكومي,المرحلة الثانوية,بنين
1446,2025,الرياض,M3910818,ثانوية طليطلة - مسارات,حكومي,المرحلة الثانوية,بنين
1446,2025,الرياض,M3910821,ثانوية أبي بكر المخزومي - مسارات,حكومي,المرحلة الثانوية,بنين
1446,2025,الرياض,M3910823,ثانوية الحسن بن علي - مسارات,حكومي,المرحلة الثانوية,بنين
1446,2025,الرياض,M3910824,ثانوية ابن عقيل - مسارات,حكومي,المرحلة الثانوية,بنين
1446,2025,الرياض,M3910827,ثانوية العيينة - مسارات,حكومي,المرحلة الثانوية,بنين
1446,2025,الرياض,M3910827,ثانوية العيينة - مسارات,حكومي,المرحلة المتوسطة,بنين
1446,2025,الرياض,M3910828,ثانوية الغاط - بنين - مسارات,حكومي,المرحلة الثانوية,بنين
1446,2025,الرياض,M3910830,ثانوية المزاحمية - مسارات,حكومي,المرحلة الثانوية,بنين
1446,2025,الرياض,M3910833,ثانوية حريملاء - مسارات,حكومي,المرحلة الثانوية,بنين
1446,2025,الرياض,M3910835,ثانوية نساح - مسارات,حكومي,المرحلة الإبتدائية,بنين
1446,2025,الرياض,M3910835,ثانوية نساح - مسارات,حكومي,المرحلة الثانوية,بنين
1446,2025,الرياض,M3910835,ثانوية نساح - مسارات,حكومي,المرحلة المتوسطة,بنين
1446,2025,الرياض,M3910837,ثانوية رماح - مسارات,حكومي,المرحلة الثانوية,بنين
1446,2025,الرياض,M3910838,ثانوية رويغب - مسارات,حكومي,المرحلة الإبتدائية,بنين
1446,2025,الرياض,M3910838,ثانوية رويغب - مسارات,حكومي,المرحلة الثانوية,بنين
1446,2025,الرياض,M3910838,ثانوية رويغب - مسارات,حكومي,المرحلة المتوسطة,بنين
1446,2025,الرياض,M3910840,ثانوية ضرماء - مسارات,حكومي,المرحلة الثانوية,بنين
1446,2025,الرياض,M3910842,ثانوية خلاد بن السائب - مسارات,حكومي,المرحلة الثانوية,بنين
1446,2025,الرياض,M3910842,ثانوية خلاد بن السائب - مسارات,حكومي,المرحلة المتوسطة,بنين
1446,2025,الرياض,M3910929,ثانوية الأبناء بطريق الخرج - مسارات,حكومي,المرحلة الثانوية,بنين
1446,2025,الرياض,M3910930,ثانوية الأبناء بالحرس الملكي - مسارات,حكومي,المرحلة الثانوية,بنين
1446,2025,الرياض,M3910944,ثانوية الأمير مشعل بن عبدالعزيز - مسارات,حكومي,المرحلة الثانوية,بنين
1446,2025,الرياض,M3910977,ثانوية الأمير عبدالرحمن بن عبدالعزيز - مسارات,حكومي,المرحلة الثانوية,بنين
1446,2025,الرياض,M3910978,ثانوية الأمير طلال بن عبدالعزيز - مسارات,حكومي,المرحلة الثانوية,بنين
1446,2025,الرياض,M3910989,ثانوية الأمير سعد بن عبدالعزيز - مسارات,حكومي,المرحلة الثانوية,بنين
1446,2025,الرياض,M39110006,ثانوية القاسم بن محمد - مسارات,حكومي,المرحلة الثانوية,بنين
1446,2025,الرياض,M39110033,ثانوية عبدالعزيز الخويطر - مسارات,حكومي,المرحلة الثانوية,بنين
1446,2025,الرياض,M39110041,ثانوية سعود الفيصل - مسارات,حكومي,المرحلة الثانوية,بنين
1446,2025,الرياض,M39110054,ثانوية سلمة بن دينار - مسارات,حكومي,المرحلة الثانوية,بنين
1446,2025,الرياض,M39110062,ثانوية عزالدين بن الوزير - مسارات,حكومي,المرحلة الثانوية,بنين
1446,2025,الرياض,M39110107,ثانوية فواز بن عبدالعزيز - مسارات,حكومي,المرحلة الثانوية,بنين
1446,2025,الرياض,M39110195,ثانوية قصور آل مقبل - مسارات,حكومي,المرحلة الثانوية,بنين
1446,2025,الرياض,M39110195,ثانوية قصور آل مقبل - مسارات,حكومي,المرحلة المتوسطة,بنين
1446,2025,الرياض,M39111010,ثانوية عبدالله بن أبي أوفى - مسارات,حكومي,المرحلة الثانوية,بنين
1446,2025,الرياض,M39111699,ثانوية الحكم بن عمرو - مسارات,حكومي,المرحلة الثانوية,بنين
1446,2025,الرياض,M39111898,ثانوية طريف بن مالك - مسارات,حكومي,المرحلة الثانوية,بنين
1446,2025,الرياض,M39111919,ثانوية ابن النفيس - مسارات,حكومي,المرحلة الثانوية,بنين
1446,2025,الرياض,M3911237,ثانوية الصفرات - مسارات,حكومي,المرحلة الإبتدائية,بنين
1446,2025,الرياض,M3911237,ثانوية الصفرات - مسارات,حكومي,المرحلة الثانوية,بنين
1446,2025,الرياض,M3911237,ثانوية الصفرات - مسارات,حكومي,المرحلة المتوسطة,بنين
1446,2025,الرياض,M3911268,ثانوية أبي اسماعيل الهروي - مسارات,حكومي,المرحلة الثانوية,بنين
1446,2025,الرياض,M3911269,ثانوية جبل طارق - مسارات,حكومي,المرحلة الثانوية,بنين
1446,2025,الرياض,M3911270,ثانوية عبدالله بن أم مكتوم - مسارات,حكومي,المرحلة الثانوية,بنين
1446,2025,الرياض,M3911272,ثانوية ابن أبي حاتم - مسارات,حكومي,المرحلة الثانوية,بنين
1446,2025,الرياض,M39113327,ثانوية تميم بن اوس - مسارات,حكومي,المرحلة الثانوية,بنين
1446,2025,الرياض,M3911378,ثانوية الألباني - مسارات,حكومي,المرحلة الثانوية,بنين
1446,2025,الرياض,M3911409,ثانوية مالك بن دينار - مسارات,حكومي,المرحلة الثانوية,بنين
1446,2025,الرياض,M3911441,ثانوية الأمير عبدالمجيد بن عبدالعزيز - مسارات,حكومي,المرحلة الثانوية,بنين
1446,2025,الرياض,M3911464,ثانوية الأمير سطام بن عبدالعزيز - مسارات,حكومي,المرحلة الثانوية,بنين
1446,2025,الرياض,M3911517,ثانوية محمد بن عثيمين - مسارات,حكومي,المرحلة الثانوية,بنين
1446,2025,الرياض,M3911520,ثانوية الأبواء - مسارات,حكومي,المرحلة الثانوية,بنين
1446,2025,الرياض,M3911599,ثانوية مجمع الأمير أحمد بن عبدالعزيز - مسارات,حكومي,المرحلة الثانوية,بنين
1446,2025,الرياض,M3911599,ثانوية مجمع الأمير أحمد بن عبدالعزيز - مسارات,حكومي,المرحلة المتوسطة,بنين
1446,2025,الرياض,M3911614,ثانوية الأندلس - مسارات,حكومي,المرحلة الثانوية,بنين
1446,2025,الرياض,M3911618,ثانوية الأمير ماجد بن عبد العزيز - مسارات,حكومي,المرحلة الثانوية,بنين
1446,2025,الرياض,M39116526,ثانوية أم المؤمنين عائشة بنت أبي بكر الصديق - مسارات,حكومي,المرحلة الثانوية,بنات
1446,2025,الرياض,M3911707,ثانوية الأمير ناصر بن عبدالعزيز - مسارات,حكومي,المرحلة الثانوية,بنين
1446,2025,الرياض,M3911713,ثانوية الأمير منصور بن عبدالعزيز - مسارات,حكومي,المرحلة الثانوية,بنين
1446,2025,الرياض,M3911765,ثانوية اليعقوبي - مسارات,حكومي,المرحلة الثانوية,بنين
1446,2025,الرياض,M3911767,ثانوية ابن سينا - مسارات,حكومي,المرحلة الثانوية,بنين
1446,2025,الرياض,M3911947,ثانوية جعفر بن محمد - مسارات,حكومي,المرحلة الثانوية,بنين
1446,2025,الرياض,M3911971,ثانوية الأبناء بقاعدة الملك سلمان للإسناد البحري - مسارات,حكومي,المرحلة الثانوية,بنين
1446,2025,الرياض,M39120002,ثانوية الأمير مقرن بن عبد العزيز - مسارات,حكومي,المرحلة الثانوية,بنين
1446,2025,الرياض,M3912207,ثانوية ثمامة بن أثال - مسارات,حكومي,المرحلة الثانوية,بنين
1446,2025,الرياض,M3912615,ثانوية الأمير محمد بن نايف - مسارات,حكومي,المرحلة الثانوية,بنين
1446,2025,الرياض,M3912617,ثانوية بلال بن سعد - مسارات,حكومي,المرحلة الثانوية,بنين
1446,2025,الرياض,M3912618,ثانوية عامر بن فهيرة - مسارات,حكومي,المرحلة الثانوية,بنين
1446,2025,الرياض,M3914153,ثانوية الأحمر - مسارات,حكومي,المرحلة الثانوية,بنين
1446,2025,الرياض,M3914154,ثانوية البديع - مسارات,حكومي,المرحلة الثانوية,بنين
1446,2025,الرياض,M3914156,ثانوية الهدار - مسارات,حكومي,المرحلة الثانوية,بنين
1446,2025,الرياض,M3914156,ثانوية الهدار - مسارات,حكومي,المرحلة المتوسطة,بنين
1446,2025,الرياض,M3914224,ثانوية الملك عبدالله بن عبدالعزيز - مسارات,حكومي,المرحلة الثانوية,بنين
1446,2025,الرياض,M3914567,ثانوية البديع - مسارات,حكومي,المرحلة الثانوية,بنات
1446,2025,الرياض,M3916211,ثانوية الخرج - مسارات,حكومي,المرحلة الثانوية,بنين
1446,2025,الرياض,M3916218,ثانوية الأمير ناصر بن عبد العزيز - مسارات,حكومي,المرحلة الثانوية,بنين
1446,2025,الرياض,M3916266,ثانوية الحسن بن علي - مسارات,حكومي,المرحلة الثانوية,بنين
1446,2025,الرياض,M3916288,ثانوية العز بن عبد السلام - مسارات,حكومي,المرحلة الثانوية,بنين
1446,2025,الرياض,M3916322,ثانوية أم القرى - مسارات,حكومي,المرحلة الثانوية,بنين
1446,2025,الرياض,M3916647,الثانوية الثانية - مسارات,حكومي,المرحلة الثانوية,بنات
1446,2025,الرياض,M3916649,الثانوية الرابعة - مسارات,حكومي,المرحلة الثانوية,بنات
1446,2025,الرياض,M3916656,الثانوية الأولى بالدلم - مسارات,حكومي,المرحلة الثانوية,بنات
1446,2025,الرياض,M3916659,الثانوية الخامسة - مسارات,حكومي,المرحلة الثانوية,بنات
1446,2025,الرياض,M3916665,الثانوية السابعة - مسارات,حكومي,المرحلة الثانوية,بنات
1446,2025,الرياض,M3916674,ثانوية قاعدة الأمير سلطان الجوية - مسارات,حكومي,المرحلة الثانوية,بنات
1446,2025,الرياض,M3916675,الثانوية السادسة بالدلم - مسارات,حكومي,المرحلة الثانوية,بنات
1446,2025,الرياض,M3916678,الثانوية الثانية عشر - مسارات,حكومي,المرحلة الثانوية,بنات
1446,2025,الرياض,M3916796,الثانوية الخامسة عشر - مسارات,حكومي,المرحلة الثانوية,بنات
1446,2025,الرياض,M3916869,الثانوية السابعة عشر - مسارات,حكومي,المرحلة الثانوية,بنات
1446,2025,الرياض,M3917286,البجادية الثانوية - مسارات,حكومي,المرحلة الثانوية,بنين
1446,2025,الرياض,M3917291,القاعية الثانوية - مسارات,حكومي,المرحلة الثانوية,بنين
1446,2025,الرياض,M3917293,نجد الثانوية - مسارات,حكومي,المرحلة الثانوية,بنين
1446,2025,الرياض,M3917297,الفقارة الثانوية - مسارات,حكومي,المرحلة الثانوية,بنين
1446,2025,الرياض,M3917306,شبيرمة الثانوية - مسارات,حكومي,المرحلة الثانوية,بنين
1446,2025,الرياض,M3917310,جهام الثانوية - مسارات,حكومي,المرحلة الثانوية,بنين
1446,2025,الرياض,M3917314,نفي الثانوية - مسارات,حكومي,المرحلة الثانوية,بنين
1446,2025,الرياض,M3917315,وثيلان وعشيران الثانوية - مسارات,حكومي,المرحلة الثانوية,بنين
1446,2025,الرياض,M3917366,الجزيرة الثانوية - مسارات,حكومي,المرحلة الثانوية,بنين
1446,2025,الرياض,M3918266,الأولى الثانوية بالدوادمي - مسارات,حكومي,المرحلة الثانوية,بنات
1446,2025,الرياض,M3918268,عرجاء الثانوية - مسارات,حكومي,المرحلة الثانوية,بنات
1446,2025,الرياض,M3918270,البجادية الثانوية - مسارات,حكومي,المرحلة الثانوية,بنات
1446,2025,الرياض,M3918282,الحفيرة الثانوية - مسارات,حكومي,المرحلة الثانوية,بنات
1446,2025,الرياض,M3918283,جهام الثانوية - مسارات,حكومي,المرحلة الثانوية,بنات
1446,2025,الرياض,M3918284,نفي الثانوية - مسارات,حكومي,المرحلة الثانوية,بنات
1446,2025,الرياض,M3918293,وثيلان الثانوية - مسارات,حكومي,المرحلة الثانوية,بنات
1446,2025,الرياض,M3918320,الرابعة الثانوية - مسارات,حكومي,المرحلة الثانوية,بنات
1446,2025,الرياض,M3918433,الخامسة الثانوية - مسارات,حكومي,المرحلة الثانوية,بنات
1446,2025,الرياض,M3918434,الثانية الثانوية بساجر - مسارات,حكومي,المرحلة الثانوية,بنات
1446,2025,الرياض,M3918516,السابعة الثانوية - مسارات,حكومي,المرحلة الثانوية,بنات
1446,2025,الرياض,M3919134,مدرسة الشيخ ابن باز الثانوية - مسارات,حكومي,المرحلة الثانوية,بنين
1446,2025,الرياض,M3919164,مدرسة الاندلس الثانوية - مسارات,حكومي,المرحلة الثانوية,بنين
1446,2025,الرياض,M39195007,الثانوية السبعون بعد المائة  170 - مسارات,حكومي,المرحلة الثانوية,بنات
1446,2025,الرياض,M39195012,الثانوية الثانية والستون بعد المائة 162 - مسارات,حكومي,المرحلة الثانوية,بنات
1446,2025,الرياض,M39195034,الثانوية التاسعة والأربعون بعد المائة 149 - مسارات,حكومي,المرحلة الثانوية,بنات
1446,2025,الرياض,M39195076,الثانوية الخامسة والأربعون بعد المائة 145 - مسارات,حكومي,المرحلة الثانوية,بنات
1446,2025,الرياض,M39195175,ثانوية صيتة بنت عبدالعزيز - مسارات,حكومي,المرحلة الثانوية,بنات
1446,2025,الرياض,M39195176,ثانوية البندري بنت عبدالعزيز - مسارات,حكومي,المرحلة الثانوية,بنات
1446,2025,الرياض,M3919564,الثانوية الخامسة - مسارات,حكومي,المرحلة الثانوية,بنات
1446,2025,الرياض,M3919600,الثانوية الثامنة - مسارات,حكومي,المرحلة الثانوية,بنات
1446,2025,الرياض,M3919600,الثانوية الثامنة - مسارات,حكومي,المرحلة المتوسطة,بنات
1446,2025,الرياض,M39196448,الثانوية الحادية والسبعون بعد المائة 171 - مسارات,حكومي,المرحلة الثانوية,بنات
1446,2025,الرياض,M39196463,ثانوية أميمه بنت الخطاب - مسارات,حكومي,المرحلة الثانوية,بنات
1446,2025,الرياض,M39196811,ثانوية حفصة بنت سيرين - مسارات,حكومي,المرحلة الثانوية,بنات
1446,2025,الرياض,M39197046,ثانوية حبيبة بنت قيس - مسارات,حكومي,المرحلة الثانوية,بنات
1446,2025,الرياض,M39197052,ثانوية جميلة المخزومية - مسارات,حكومي,المرحلة الثانوية,بنات
1446,2025,الرياض,M39197085,الثانوية الثالثة والثلاثون بعد المائة 133 - مسارات,حكومي,المرحلة الثانوية,بنات
1446,2025,الرياض,M39197147,ثانوية خديجة بنت الزبير - مسارات,حكومي,المرحلة الثانوية,بنات
1446,2025,الرياض,M39197971,ثانوية ام المؤمنين جويرية - مسارات,حكومي,المرحلة الثانوية,بنات
1446,2025,الرياض,M3920205,ثانوية عبدالرحمن بن عوف - مسارات,حكومي,المرحلة الثانوية,بنين
1446,2025,الرياض,M3920310,ثانوية العباس بن عبدالمطلب - مسارات,حكومي,المرحلة الثانوية,بنين
1446,2025,الرياض,M3920616,الثانوية الأولى بحرمة - مسارات,حكومي,المرحلة الثانوية,بنات
1446,2025,الرياض,M3920617,الثانوية الأولى بالأرطاوية - مسارات,حكومي,المرحلة الثانوية,بنات
1446,2025,الرياض,M3920617,الثانوية الأولى بالأرطاوية - مسارات,حكومي,المرحلة المتوسطة,بنات
1446,2025,الرياض,M3920618,ثانوية جلاجل - مسارات,حكومي,المرحلة الثانوية,بنات
1446,2025,الرياض,M3920619,ثانوية روضة سدير - مسارات,حكومي,المرحلة الثانوية,بنات
1446,2025,الرياض,M3920621,الثانوية الأولى بتمير - مسارات,حكومي,المرحلة الثانوية,بنات
1446,2025,الرياض,M3920621,الثانوية الأولى بتمير - مسارات,حكومي,المرحلة المتوسطة,بنات
1446,2025,الرياض,M3920624,ثانوية عودة سدير - مسارات,حكومي,المرحلة الثانوية,بنات
1446,2025,الرياض,M3920624,ثانوية عودة سدير - مسارات,حكومي,المرحلة المتوسطة,بنات
1446,2025,الرياض,M3920627,الثانوية الثانية بحوطة سدير - مسارات,حكومي,المرحلة الثانوية,بنات
1446,2025,الرياض,M3920627,الثانوية الثانية بحوطة سدير - مسارات,حكومي,المرحلة المتوسطة,بنات
1446,2025,الرياض,M3920633,الثانوية الخامسة بالمجمعة - مسارات,حكومي,المرحلة الثانوية,بنات
1446,2025,الرياض,M3920719,الثانوية السادسة بالمجمعة - مسارات,حكومي,المرحلة الثانوية,بنات
1446,2025,الرياض,M3921257,ثانوية أم سريحة - مسارات,حكومي,المرحلة الثانوية,بنين
1446,2025,الرياض,M3921258,ثانوية الجله - مسارات,حكومي,المرحلة الثانوية,بنين
1446,2025,الرياض,M3921261,ثانوية الربواء - مسارات,حكومي,المرحلة الثانوية,بنين
1446,2025,الرياض,M3921265,ثانوية العفج - مسارات,حكومي,المرحلة الثانوية,بنين
1446,2025,الرياض,M3921266,ثانوية الفويلق - مسارات,حكومي,المرحلة الثانوية,بنين
1446,2025,الرياض,M3921268,ثانوية الحصاة - مسارات,حكومي,المرحلة الثانوية,بنين
1446,2025,الرياض,M3921269,ثانوية حلبان - مسارات,حكومي,المرحلة الثانوية,بنين
1446,2025,الرياض,M3921271,ثانوية صبحاء - مسارات,حكومي,المرحلة الثانوية,بنين
1446,2025,الرياض,M3921272,ثانوية عنان - مسارات,حكومي,المرحلة الثانوية,بنين
1446,2025,الرياض,M3921327,ثانوية السيح - مسارات,حكومي,المرحلة الثانوية,بنين
1446,2025,الرياض,M3921327,ثانوية السيح - مسارات,حكومي,المرحلة المتوسطة,بنين
1446,2025,الرياض,M3922206,الثانوية الأولى بالقويعية - مسارات,حكومي,المرحلة الثانوية,بنات
1446,2025,الرياض,M3922206,الثانوية الأولى بالقويعية - مسارات,حكومي,المرحلة المتوسطة,بنات
1446,2025,الرياض,M3922212,ثانوية حلاة الجله - مسارات,حكومي,المرحلة الثانوية,بنات
1446,2025,الرياض,M3922222,ثانوية حلبان - مسارات,حكومي,المرحلة الإبتدائية,بنات
1446,2025,الرياض,M3922222,ثانوية حلبان - مسارات,حكومي,المرحلة الثانوية,بنات
1446,2025,الرياض,M3922222,ثانوية حلبان - مسارات,حكومي,المرحلة المتوسطة,بنات
1446,2025,الرياض,M3922222,ثانوية حلبان - مسارات,حكومي,رياض الأطفال,بنات
1446,2025,الرياض,M3922226,الثانوية الثانية بالرين - مسارات,حكومي,المرحلة الثانوية,بنات
1446,2025,الرياض,M3922228,ثانوية نخيلان - مسارات,حكومي,المرحلة الإبتدائية,بنات
1446,2025,الرياض,M3922228,ثانوية نخيلان - مسارات,حكومي,المرحلة الثانوية,بنات
1446,2025,الرياض,M3922228,ثانوية نخيلان - مسارات,حكومي,المرحلة المتوسطة,بنات
1446,2025,الرياض,M3923185,ثانوية عفيف - مسارات,حكومي,المرحلة الثانوية,بنين
1446,2025,الرياض,M3923189,ثانوية الأشعرية - مسارات,حكومي,المرحلة الثانوية,بنين
1446,2025,الرياض,M3923229,ثانوية الكفيفية - مسارات,حكومي,المرحلة الثانوية,بنين
1446,2025,الرياض,M3923644,الثانوية الرابعة بعفيف - مسارات,حكومي,المرحلة الثانوية,بنات
1446,2025,الرياض,M3923688,الثانوية الخامسة بعفيف - مسارات,حكومي,المرحلة الثانوية,بنات
1446,2025,الرياض,M3924185,ثانوية الملك فهد - مسارات,حكومي,المرحلة الإبتدائية,بنين
1446,2025,الرياض,M3924185,ثانوية الملك فهد - مسارات,حكومي,المرحلة الثانوية,بنين
1446,2025,الرياض,M3924185,ثانوية الملك فهد - مسارات,حكومي,المرحلة المتوسطة,بنين
1446,2025,الرياض,M3924248,ثانوية الملك عبدالله - مسارات,حكومي,المرحلة الثانوية,بنين
1446,2025,الرياض,M3924378,ثانوية الأمير نايف - مسارات,حكومي,المرحلة الثانوية,بنين
1446,2025,الرياض,M3924385,ثانوية عثمان بن عفان - مسارات,حكومي,المرحلة الثانوية,بنين
1446,2025,الرياض,M3924386,ثانوية الأمير سطام بن عبدالعزيز - مسارات,حكومي,المرحلة الثانوية,بنين
1446,2025,الرياض,M3924665,مدرسة اللدام الثانية الثانوية - مسارات,حكومي,المرحلة الثانوية,بنات
1446,2025,الرياض,M3924695,مدرسة الخماسين الثانية الثانوية - مسارات,حكومي,المرحلة الثانوية,بنات
1446,2025,الرياض,M3925142,ثانوية الداهنة - مسارات,حكومي,المرحلة الثانوية,بنين
1446,2025,الرياض,M3925142,ثانوية الداهنة - مسارات,حكومي,المرحلة المتوسطة,بنين
1446,2025,الرياض,M3925145,ثانوية الملك عبدالعزيز - مسارات,حكومي,المرحلة الثانوية,بنين
1446,2025,الرياض,M3925561,الثانوية الثانية بشقراء - مسارات,حكومي,المرحلة الثانوية,بنات
1446,2025,الرياض,M3995753,ثانوية رميثة بنت عمرو- مسارات,حكومي,المرحلة الثانوية,بنات
1446,2025,الرياض,M3995754,الثانوية الثانية 2 - مسارات,حكومي,المرحلة الثانوية,بنات
1446,2025,الرياض,M3995755,الثانوية الثالثة 3 - مسارات,حكومي,المرحلة الثانوية,بنات
1446,2025,الرياض,M3995757,الثانوية الخامسة 5 - مسارات,حكومي,المرحلة الثانوية,بنات
1446,2025,الرياض,M3995759,الثانوية السابعة 7 - مسارات,حكومي,المرحلة الثانوية,بنات
1446,2025,الرياض,M3995760,الثانوية الثامنة 8 - مسارات,حكومي,المرحلة الثانوية,بنات
1446,2025,الرياض,M3995761,الثانوية التاسعة 9 - مسارات,حكومي,المرحلة الثانوية,بنات
1446,2025,الرياض,M3995762,ثانوية زينب بنت معاوية - مسارات,حكومي,المرحلة الثانوية,بنات
1446,2025,الرياض,M3995763,الثانوية الحادية عشرة 11 - مسارات,حكومي,المرحلة الثانوية,بنات
1446,2025,الرياض,M3995764,الثانوية الثانية عشرة 12 - مسارات,حكومي,المرحلة الثانوية,بنات
1446,2025,الرياض,M3995765,الثانوية الثالثة عشرة 13 - مسارات,حكومي,المرحلة الثانوية,بنات
1446,2025,الرياض,M3995765,الثانوية الثالثة عشرة 13 - مسارات,حكومي,المرحلة المتوسطة,بنات
1446,2025,الرياض,M3995767,الثانوية الخامسة عشرة 15 - مسارات,حكومي,المرحلة الثانوية,بنات
1446,2025,الرياض,M3995768,الثانوية السادسة عشرة 16 - مسارات,حكومي,المرحلة الثانوية,بنات
1446,2025,الرياض,M3995769,الثانوية السابعة عشرة 17 - مسارات,حكومي,المرحلة الثانوية,بنات
1446,2025,الرياض,M3995771,الثانوية التاسعة عشرة 19 - مسارات,حكومي,المرحلة الثانوية,بنات
1446,2025,الرياض,M3995772,الثانوية العشرون 20 - مسارات,حكومي,المرحلة الثانوية,بنات
1446,2025,الرياض,M3995774,الثانوية الثانية والعشرون 22 - مسارات,حكومي,المرحلة الثانوية,بنات
1446,2025,الرياض,M3995775,الثانوية الثالثة والعشرون 23 - مسارات,حكومي,المرحلة الثانوية,بنات
1446,2025,الرياض,M3995776,الثانوية الرابعة والعشرون 24 - مسارات,حكومي,المرحلة الثانوية,بنات
1446,2025,الرياض,M3995778,الثانوية السادسة والعشرون 26 - مسارات,حكومي,المرحلة الثانوية,بنات
1446,2025,الرياض,M3995779,الثانوية السابعة والعشرون 27 - مسارات,حكومي,المرحلة الثانوية,بنات
1446,2025,الرياض,M3995781,الثانوية التاسعة والعشرون 29 - مسارات,حكومي,المرحلة الثانوية,بنات
1446,2025,الرياض,M3995782,الثانوية الثلاثون 30 - مسارات,حكومي,المرحلة الثانوية,بنات
1446,2025,الرياض,M3995783,الثانوية الحادية والثلاثون 31 - مسارات,حكومي,المرحلة الثانوية,بنات
1446,2025,الرياض,M3995788,ثانوية العنود بنت عبد العزيز - مسارات,حكومي,المرحلة الثانوية,بنات
1446,2025,الرياض,M3995789,الثانوية السابعة والثلاثون 37 - مسارات,حكومي,المرحلة الثانوية,بنات
1446,2025,الرياض,M3995793,الثانوية الحادية والأربعون 41 - مسارات,حكومي,المرحلة الثانوية,بنات
1446,2025,الرياض,M3995795,الثانوية الثالثة والأربعون 43 - مسارات,حكومي,المرحلة الثانوية,بنات
1446,2025,الرياض,M3995796,الثانوية الرابعة والأربعون 44 - مسارات,حكومي,المرحلة الثانوية,بنات
1446,2025,الرياض,M3995797,الثانوية السادسة  والأربعون 46 - مسارات,حكومي,المرحلة الثانوية,بنات
1446,2025,الرياض,M3995798,الثانوية السابعة والأربعون 47 - مسارات,حكومي,المرحلة الثانوية,بنات
1446,2025,الرياض,M3995802,معهد الرياض النموذجي الثانوي - مسارات,حكومي,المرحلة الثانوية,بنات
1446,2025,الرياض,M3995803,الثانوية الأولى بالدرعية 1 - مسارات,حكومي,المرحلة الثانوية,بنات
1446,2025,الرياض,M3995804,الثانوية الأولى بضرماء 1 - مسارات,حكومي,المرحلة الثانوية,بنات
1446,2025,الرياض,M3995806,ثانوية رماح - مسارات,حكومي,المرحلة الثانوية,بنات
1446,2025,الرياض,M3995807,الثانوية الأولى بحريملاء - مسارات,حكومي,المرحلة الثانوية,بنات
1446,2025,الرياض,M3995808,ثانوية العيينة - مسارات,حكومي,المرحلة الثانوية,بنات
1446,2025,الرياض,M3995809,الثانوية الأولى بالمزاحمية 1 - مسارات,حكومي,المرحلة الثانوية,بنات
1446,2025,الرياض,M3995813,الثانوية الخامسة والاربعون 45 - مسارات,حكومي,المرحلة الثانوية,بنات
1446,2025,الرياض,M3995815,الثانوية الرابعة والخمسون 54 - مسارات,حكومي,المرحلة الثانوية,بنات
1446,2025,الرياض,M3995817,الثانوية السادسة والخمسون 56 - مسارات,حكومي,المرحلة الثانوية,بنات
1446,2025,الرياض,M3995818,الثانوية السابعة والخمسون 57 - مسارات,حكومي,المرحلة الثانوية,بنات
1446,2025,الرياض,M3995827,الثانوية التاسعة والخمسون 59 - مسارات,حكومي,المرحلة الثانوية,بنات
1446,2025,الرياض,M3995829,ثانوية ملهم - مسارات,حكومي,المرحلة الثانوية,بنات
1446,2025,الرياض,M3995831,الثانوية الثانية والستون 62 - مسارات,حكومي,المرحلة الثانوية,بنات
1446,2025,الرياض,M3995832,الثانوية الثالثة والستون 63 - مسارات,حكومي,المرحلة الثانوية,بنات
1446,2025,الرياض,M3995834,الثانوية الثامنة والستون 68 - مسارات,حكومي,المرحلة الثانوية,بنات
1446,2025,الرياض,M3995836,الثانوية السادسة والستون 66 - مسارات,حكومي,المرحلة الثانوية,بنات
1446,2025,الرياض,M3995840,ثانوية رغبة - مسارات,حكومي,المرحلة الثانوية,بنات
1446,2025,الرياض,M3995840,ثانوية رغبة - مسارات,حكومي,المرحلة المتوسطة,بنات
1446,2025,الرياض,M3995846,الثانوية الثامنة والسبعون 78 - مسارات,حكومي,المرحلة الثانوية,بنات
1446,2025,الرياض,M3995847,الثانوية الحادية والسبعون 71 - مسارات,حكومي,المرحلة الثانوية,بنات
1446,2025,الرياض,M3995848,الثانوية السابعة والستون 67 - مسارات,حكومي,المرحلة الثانوية,بنات
1446,2025,الرياض,M3995850,ثانوية خولة بنت الأسود - مسارات,حكومي,المرحلة الثانوية,بنات
1446,2025,الرياض,M3995852,الثانوية السادسة والسبعون 76 - مسارات,حكومي,المرحلة الثانوية,بنات
1446,2025,الرياض,M3995853,الثانوية الثالثة والسبعون - مسارات,حكومي,المرحلة الثانوية,بنات
1446,2025,الرياض,M3995856,الثانوية الثانية بالمزاحمية 2 - مسارات,حكومي,المرحلة الثانوية,بنات
1446,2025,الرياض,M3995860,الثانوية الخامسة والثمانون 85 - مسارات,حكومي,المرحلة الثانوية,بنات
1446,2025,الرياض,M3995861,الثانوية السادسة والثمانون 86 - مسارات,حكومي,المرحلة الثانوية,بنات
1446,2025,الرياض,M3995862,الثانوية الرابعة والثمانون 84 - مسارات,حكومي,المرحلة الثانوية,بنات
1446,2025,الرياض,M3995863,الثانوية التاسعة والسبعون 79 - مسارات,حكومي,المرحلة الثانوية,بنات
1446,2025,الرياض,M3995865,الثانوية الثامنة والثمانون 88 - مسارات,حكومي,المرحلة الثانوية,بنات
1446,2025,الرياض,M3995874,ثانوية حكيمة بنت غيلان - مسارات,حكومي,المرحلة الثانوية,بنات
1446,2025,الرياض,M3995883,الثانوية السابعة والثمانون 87 - مسارات,حكومي,المرحلة الثانوية,بنات
1446,2025,الرياض,M3996092,الثانوية السادسة والعشرون بعد المائة 126 - مسارات,حكومي,المرحلة الثانوية,بنات
1446,2025,الرياض,M3996093,الثانوية السابعة والعشرون بعد المائة 127 - مسارات,حكومي,المرحلة الثانوية,بنات
1446,2025,الرياض,M3996097,الثانوية التاسعة والعشرون بعد المائة - مسارات,حكومي,المرحلة الثانوية,بنات
1446,2025,الرياض,M3996105,الثانوية السابعة عشرة بعد المائة 117 - مسارات,حكومي,المرحلة الثانوية,بنات
1446,2025,الرياض,M3996106,الثانوية الثامنة عشرة بعد المائة 118 - مسارات,حكومي,المرحلة الثانوية,بنات
1446,2025,الرياض,M3996107,الثانوية التاسعة عشرة بعد المائة 119 - مسارات,حكومي,المرحلة الثانوية,بنات
1446,2025,الرياض,M3996150,ثانوية الأبناء بالرياض - مسارات,حكومي,المرحلة الثانوية,بنات
1446,2025,الرياض,M3996194,ثانوية أم المؤمنين عائشة بنت أبي بكر - مسارات,حكومي,المرحلة الثانوية,بنات
1446,2025,الرياض,M3996196,ثانوية سمية بنت الخياط - مسارات,حكومي,المرحلة الثانوية,بنات
1446,2025,الرياض,M3996723,الثانوية الحادية والتسعون 91 - مسارات,حكومي,المرحلة الثانوية,بنات
1446,2025,الرياض,M3996725,الثانوية الخامسة والتسعون - مسارات,حكومي,المرحلة الثانوية,بنات
1446,2025,الرياض,M3996726,الثانوية السادسة والتسعون 96 - مسارات,حكومي,المرحلة الثانوية,بنات
1446,2025,الرياض,M3996727,الثانوية الثامنة والتسعون 98 - مسارات,حكومي,المرحلة الثانوية,بنات
1446,2025,الرياض,M3996728,الثانوية المائة 100 - مسارات,حكومي,المرحلة الثانوية,بنات
1446,2025,الرياض,M3996732,الثانوية الرابعة بعد المائة 104 - مسارات,حكومي,المرحلة الثانوية,بنات
1446,2025,الرياض,M3996733,الثانوية الخامسة بعد المائة 105 - مسارات,حكومي,المرحلة الثانوية,بنات
1446,2025,الرياض,M3996734,ثانوية سلمى بنت زيد - مسارات,حكومي,المرحلة الثانوية,بنات
1446,2025,الرياض,M3996735,ثانوية سندس بنت خالد - مسارات,حكومي,المرحلة الثانوية,بنات
1446,2025,الرياض,M3996736,الثانوية الثامنة بعد المائة 108 - مسارات,حكومي,المرحلة الثانوية,بنات
1446,2025,الرياض,M3996738,الثانوية العاشرة بعد المائة 110 - مسارات,حكومي,المرحلة الثانوية,بنات
1446,2025,الرياض,M3996741,الثانوية الثالثة عشرة بعد المائة 113 - مسارات,حكومي,المرحلة الثانوية,بنات
1446,2025,الرياض,M3996742,الثانوية الرابعة عشرة بعد المائة 114 - مسارات,حكومي,المرحلة الثانوية,بنات
1446,2025,الرياض,M3996743,الثانوية الخامسة عشرة بعد المائة 115 - مسارات,حكومي,المرحلة الثانوية,بنات
1446,2025,الرياض,M3996744,ثانوية عمرة بنت رواحة - مسارات,حكومي,المرحلة الثانوية,بنات
1446,2025,الرياض,M3996745,الثانوية الثانية  بالدرعية 2 - مسارات,حكومي,المرحلة الثانوية,بنات
1446,2025,الرياض,M3996751,ثانوية عزة الأشجعية - مسارات,حكومي,المرحلة الثانوية,بنات
1446,2025,الرياض,M3996878,الثانوية الحادية والعشرون بعد المائة 121 - مسارات,حكومي,المرحلة الثانوية,بنات
1446,2025,الرياض,M3996935,الثانوية الحادية والثلاثون بعد المائة 131 - مسارات,حكومي,المرحلة الثانوية,بنات
1446,2025,الرياض,M3996946,الثانوية السابعة والسبعون 77 - مسارات,حكومي,المرحلة الثانوية,بنات
1446,2025,الرياض,M3996954,الثانوية الثانية والثلاثون بعد المائة 132 - مسارات,حكومي,المرحلة الثانوية,بنات
1446,2025,الرياض,M3996985,الثانوية الرابعة والثلاثون بعد المائة 134 - مسارات,حكومي,المرحلة الثانوية,بنات
1446,2025,الرياض,M3997065,ثانوية سلامة بنت وهب - مسارات,حكومي,المرحلة الثانوية,بنات
1446,2025,الرياض,M3997085,ثانوية سيرين القبطية - مسارات,حكومي,المرحلة الثانوية,بنات
1446,2025,الرياض,M3997130,الثانوية السادسة والثلاثون بعد المائة 136 - مسارات,حكومي,المرحلة الثانوية,بنات
1446,2025,الرياض,M3997308,الثانوية الحادية والأربعون بعد المائة 141 - مسارات,حكومي,المرحلة الثانوية,بنات
1446,2025,الرياض,M3997313,الثانوية الرابعة والأربعون بعد المائة 144 - مسارات,حكومي,المرحلة الثانوية,بنات
1446,2025,الرياض,M3997324,الثانوية التاسعة والثلاثون بعد المائة 139 - مسارات,حكومي,المرحلة الثانوية,بنات
1446,2025,الرياض,M3997393,الثانوية السادسة والأربعون بعد المائة 146 - مسارات,حكومي,المرحلة الثانوية,بنات
1446,2025,الرياض,M3997396,الثانوية الثانية والخمسون بعد المائة 152 - مسارات,حكومي,المرحلة الثانوية,بنات
1446,2025,الرياض,M3997398,الثانوية الواحد والخمسون بعد المائة 151 - مسارات,حكومي,المرحلة الثانوية,بنات
1446,2025,الرياض,M3997400,الثانوية الثالثة والخمسين بعد المائة 153 - مسارات,حكومي,المرحلة الثانوية,بنات
1446,2025,الرياض,M3997401,الثانوية الرابعة والخمسون بعد المائة - مسارات,حكومي,المرحلة الثانوية,بنات
1446,2025,الرياض,M3997487,الثانوية السابعة والستون بعد المائة 167 - مسارات,حكومي,المرحلة الثانوية,بنات
1446,2025,الرياض,M3997911,الثانوية الثامنة والأربعون بعد المائة 148 - مسارات,حكومي,المرحلة الثانوية,بنات
1446,2025,الرياض,M3997914,الثانوية السادسة والخمسون بعد المائة 156 - مسارات,حكومي,المرحلة الثانوية,بنات
1446,2025,الرياض,M513914,الثانوية الأولى - مسارات,حكومي,المرحلة الثانوية,بنات
1446,2025,الرياض,M515149,ثانوية الحريق (بنين) - مسارات,حكومي,المرحلة الثانوية,بنين
1446,2025,الرياض,M519558,الثانوية الاولى (  ) - مسارات,حكومي,المرحلة الثانوية,بنات
1446,2025,الرياض,M523186,ثانوية الجزيرة - مسارات,حكومي,المرحلة الثانوية,بنين
1446,2025,الرياض,M957535,الثانوية الأولى - مسارات,حكومي,المرحلة الثانوية,بنات
1446,2025,الرياض,M957535,الثانوية الأولى - مسارات,حكومي,المرحلة المتوسطة,بنات
1446,2025,الرياض,M95756,الثانوية الرابعة 4 - مسارات,حكومي,المرحلة الثانوية,بنات
1446,2025,الرياض,M957585,الثانوية السادسة 6 - مسارات,حكومي,المرحلة الثانوية,بنات
1446,2025,الرياض,M957625,الثانوية العاشرة 10 - مسارات,حكومي,المرحلة الثانوية,بنات
1446,2025,الرياض,M957665,الثانوية الرابعة عشرة 14 - مسارات,حكومي,المرحلة الثانوية,بنات
1446,2025,الرياض,M957705,الثانوية الثامنة عشرة 18 - مسارات,حكومي,المرحلة الثانوية,بنات
1446,2025,الرياض,M95773,الثانوية الحادية والعشرون 21 - مسارات,حكومي,المرحلة الثانوية,بنات
1446,2025,الرياض,M957775,الثانوية الخامسة والعشرون 25 - مسارات,حكومي,المرحلة الثانوية,بنات
1446,2025,الرياض,M957805,الثانوية الثامنة والعشرون 28 - مسارات,حكومي,المرحلة الثانوية,بنات
1446,2025,الرياض,M957845,الثانوية الثانية والثلاثون 32 - مسارات,حكومي,المرحلة الثانوية,بنات
1446,2025,الرياض,M957855,الثانوية الثالثة والثلاثون 33 - مسارات,حكومي,المرحلة الثانوية,بنات
1446,2025,الرياض,M957915,الثانوية التاسعة والثلاثون 39 - مسارات,حكومي,المرحلة الثانوية,بنات
1446,2025,الرياض,M957945,الثانوية الثانية والاربعون 42 - مسارات,حكومي,المرحلة الثانوية,بنات
1446,2025,الرياض,M957995,الثانوية الثامنة والأربعون 48 - مسارات,حكومي,المرحلة الثانوية,بنات
1446,2025,الرياض,M958005,الثانوية التاسعة والأربعون 49 - مسارات,حكومي,المرحلة الثانوية,بنات
1446,2025,الرياض,M958305,الثانوية الحادية والستون 61 - مسارات,حكومي,المرحلة الثانوية,بنات
1446,2025,الرياض,M958335,الثانوية الستون 60 - مسارات,حكومي,المرحلة الثانوية,بنات
1446,2025,الرياض,M958355,الثانوية الثامنة والخمسون 58 - مسارات,حكومي,المرحلة الثانوية,بنات
1446,2025,الرياض,M958375,الثانوية الخامسة والستون 65 - مسارات,حكومي,المرحلة الثانوية,بنات
1446,2025,الرياض,M958385,الثانوية السبعون70 - مسارات,حكومي,المرحلة الثانوية,بنات
1446,2025,الرياض,M958435,الثانوية التاسعة والستون 69 - مسارات,حكومي,المرحلة الثانوية,بنات
1446,2025,الرياض,M958505,الثانوية الرابعة والسبعون 74 - مسارات,حكومي,المرحلة الثانوية,بنات
1446,2025,الرياض,M958545,الثانوية الخامسة والسبعون 75 - مسارات,حكومي,المرحلة الثانوية,بنات
1446,2025,الرياض,M958645,الثانوية الثالثة والثمانون 83 - مسارات,حكومي,المرحلة الثانوية,بنات
1446,2025,الرياض,M958665,الثانوية التاسعة والثمانون 89 - مسارات,حكومي,المرحلة الثانوية,بنات
1446,2025,الرياض,M960745,الثانوية الثالثة والعشرون بعد المائة 123 - مسارات,حكومي,المرحلة الثانوية,بنات
1446,2025,الرياض,M960945,الثانوية الثامنة والعشرون بعد المائة 128 - مسارات,حكومي,المرحلة الثانوية,بنات
1446,2025,الرياض,M96197,ثانوية أم المؤمنين صفية بنت حيي - مسارات,حكومي,المرحلة الثانوية,بنات
1446,2025,الرياض,M967245,الثانوية الثانية والتسعون92 - مسارات,حكومي,المرحلة الثانوية,بنات
1446,2025,الرياض,M967305,الثانوية الثانية بعد المائة 102 - مسارات,حكومي,المرحلة الثانوية,بنات
1446,2025,الرياض,M967315,الثانوية الثالثة بعد المائة - مسارات 103,حكومي,المرحلة الثانوية,بنات
1446,2025,الرياض,M967375,الثانوية التاسعة بعد المائة -    109 - مسارات,حكومي,المرحلة الثانوية,بنات
1446,2025,الرياض,M967395,الثانوية الحادية عشرة بعد المائة 111 - مسارات,حكومي,المرحلة الثانوية,بنات
1446,2025,الرياض,M967405,الثانوية الثانية عشرة بعد المائة 112 - مسارات,حكومي,المرحلة الثانوية,بنات
1446,2025,الرياض,M968765,الثانوية الثلاثون بعد المائة 130- - مسارات,حكومي,المرحلة الثانوية,بنات
1446,2025,الرياض,M969855,الثانوية الثالثة والاربعون بعد المائة 143 - مسارات,حكومي,المرحلة الثانوية,بنات
1446,2025,الرياض,M971145,الثانوية العشرون بعد المائة 120 - مسارات,حكومي,المرحلة الثانوية,بنات
1446,2025,الرياض,M971165,الثانوية الثانية والعشرون بعد المائة 122 - مسارات,حكومي,المرحلة الثانوية,بنات
1446,2025,الرياض,M973355,ثانوية فاطمة بنت محمد - مسارات,حكومي,المرحلة الثانوية,بنات
1446,2025,الرياض,M974045,الثانوية الثامنة والخمسون بعد المائة 158 - مسارات,حكومي,المرحلة الثانوية,بنات
1446,2025,الرياض,M974055,الثانوية الـحادية والستون بعد المائة 161 - مسارات,حكومي,المرحلة الثانوية,بنات
