اسم_الحي,المنطقة,البلدية_الفرعية,اسم_الخدمة,التصنيف,نوع_الخدمة,geo_point_2d
AL-MUROOJ,الوسط,AL-OLAYA,Fun Time,ترفيهي,ترفيهي,"24.7671666, 46.6636401"
AT-TAAWUN,الوسط,AL-OLAYA,Mabelle Center,ترفيهي,ترفيهي,"24.7780405, 46.70705903"
AT-TAAWUN,الوسط,AL-OLAYA,Oppa,ترفيهي,ترفيهي,"24.77689684, 46.70794054"
KING FAHD,الوسط,AL-OLAYA,Sparky's,ترفيهي,ترفيهي,"24.74366012, 46.65922155"
KING FAHD,الوسط,AL-OLAYA,Kidzzdom,ترفيهي,ترفيهي,"24.74209548, 46.67913191"
AL-NUZHA,الوسط,AL-OLAYA,Sondouki Club,ترفيهي,ترفيهي,"24.7637333, 46.704931"
MUGHARAZAT,الوسط,AL-OLAYA,Billy Beez,ترفيهي,ترفيهي,"24.76731146, 46.71658994"
MUGHARAZAT,الوسط,AL-OLAYA,Strike 11,ترفيهي,ترفيهي,"24.7649073, 46.71622454"
MUGHARAZAT,الوسط,AL-OLAYA,Sparky's,ترفيهي,ترفيهي,"24.76772905, 46.71583592"
AL-WAHAH,الوسط,AL-OLAYA,Le Petite Sofa,ترفيهي,ترفيهي,"24.74696377, 46.722882"
AL-OLAYA,الوسط,AL-OLAYA,Chuck E. cheese,ترفيهي,ترفيهي,"24.70851878, 46.67716315"
AL-OLAYA,الوسط,AL-OLAYA,Fun Gate,ترفيهي,ترفيهي,"24.70610134, 46.68860781"
KING ABDUL AZIZ,الوسط,AL-OLAYA,Sala City,ترفيهي,ترفيهي,"24.6957149, 46.7282532"
AR-RABWAH,الوسط,AL-MALAZ,Sky Zone,ترفيهي,ترفيهي,"24.69255871, 46.764801"
AR-RABWAH,الوسط,AL-MALAZ,Snowy Forest,ترفيهي,ترفيهي,"24.69288295, 46.76459954"
AR-RABWAH,الوسط,AL-MALAZ,Saffori Land,ترفيهي,ترفيهي,"24.68614121, 46.77472473"
AR-RABWAH,الوسط,AL-MALAZ,Snow City,ترفيهي,ترفيهي,"24.68614331, 46.77488013"
AR-RABWAH,الوسط,AL-MALAZ,Sparky's,ترفيهي,ترفيهي,"24.69270137, 46.7644464"
AL-MURABA,الوسط,AL-MALAZ,Sparky's,ترفيهي,ترفيهي,"24.66372556, 46.70378877"
AL-MATHAR,الوسط,ASH-SHOMAISI,Sky Zone,ترفيهي,ترفيهي,"24.66565419, 46.68189011"
AL-NAKHEEL,الوسط,AL-MATHAR,Bricks 4 Kidz,ترفيهي,ترفيهي,"24.74109398, 46.60790648"
AL-MUHAMMADIYAH,الوسط,AL-MATHAR,Adventura,ترفيهي,ترفيهي,"24.73175651, 46.6475042"
NORTH AL-MATHAR,الوسط,AL-MATHAR,Sparky's,ترفيهي,ترفيهي,"24.69272254, 46.67042878"
AL-QAIRAWAN,الشمال,SHIMAL-Al-Riyadh,Hupa Lupa,ترفيهي,ترفيهي,"24.8416494, 46.605895"
AL-QAIRAWAN,الشمال,SHIMAL-Al-Riyadh,6Meem Entertainment _iCombat,ترفيهي,ترفيهي,"24.8246419, 46.5616668"
AL-MALQA,الشمال,SHIMAL-Al-Riyadh,Sky Zone,ترفيهي,ترفيهي,"24.79181283, 46.61204227"
AL-MALQA,الشمال,SHIMAL-Al-Riyadh,Sky Zone,ترفيهي,ترفيهي,"24.82052967, 46.60153532"
AL-MALQA,الشمال,SHIMAL-Al-Riyadh,Snowy Forest,ترفيهي,ترفيهي,"24.7915783, 46.61207545"
AL-MALQA,الشمال,SHIMAL-Al-Riyadh,Lambee Tily,ترفيهي,ترفيهي,"24.80887979, 46.6171649"
AL-YASMEEN,الشمال,SHIMAL-Al-Riyadh,Color Motion,ترفيهي,ترفيهي,"24.81864148, 46.64430219"
AL-YASMEEN,الشمال,SHIMAL-Al-Riyadh,Chuck E. cheese,ترفيهي,ترفيهي,"24.82412821, 46.65397655"
AS-SAHAFA,الشمال,SHIMAL-Al-Riyadh,Joy Zone,ترفيهي,ترفيهي,"24.79836522, 46.64291608"
AR-RABI,الشمال,SHIMAL-Al-Riyadh,Mosary Arena,ترفيهي,ترفيهي,"24.79745519, 46.67552344"
AR-RABI,الشمال,SHIMAL-Al-Riyadh,Chuck E. cheese,ترفيهي,ترفيهي,"24.78896825, 46.65825098"
AR-RABI,الشمال,SHIMAL-Al-Riyadh,Doomi doo,ترفيهي,ترفيهي,"24.79329255, 46.65333764"
AN-NADA,الشمال,SHIMAL-Al-Riyadh,AVATAR,ترفيهي,ترفيهي,"24.81514967, 46.68309158"
AL-GHADEER,الشمال,SHIMAL-Al-Riyadh,Ryadh Winter Wonderland,ترفيهي,ترفيهي,"24.76904892, 46.64524128"
AL-GHADEER,الشمال,SHIMAL-Al-Riyadh,Rink,ترفيهي,ترفيهي,"24.77035025, 46.64447659"
AL-GHADEER,الشمال,SHIMAL-Al-Riyadh,Foot Park,ترفيهي,ترفيهي,"24.77136885, 46.64389776"
AN-NAFEL,الشمال,SHIMAL-Al-Riyadh,Woosh,ترفيهي,ترفيهي,"24.78919541, 46.6798368"
AN-NAFEL,الشمال,SHIMAL-Al-Riyadh,Woody park,ترفيهي,ترفيهي,"24.77953652, 46.68498954"
AN-NAFEL,الشمال,SHIMAL-Al-Riyadh,Sparky's,ترفيهي,ترفيهي,"24.77118793, 46.66911884"
AL-FALAH,الشمال,SHIMAL-Al-Riyadh,Global Art,ترفيهي,ترفيهي,"24.78947686, 46.70274688"
HITTEEN,الشمال,SHIMAL-Al-Riyadh,DOOS KARTING,ترفيهي,ترفيهي,"24.7590208, 46.5969591"
HITTEEN,الشمال,SHIMAL-Al-Riyadh,Boulevard World,ترفيهي,ترفيهي,"24.7755481, 46.6021152"
HITTEEN,الشمال,SHIMAL-Al-Riyadh,Chuck E. cheese,ترفيهي,ترفيهي,"24.75229781, 46.58519312"
AL-AQEEK,الشمال,SHIMAL-Al-Riyadh,Noor Riyadh,ترفيهي,ترفيهي,"24.76270965, 46.64045006"
AR-RIMAL,الشرق,AR-RAWDAH,Firstaiment,ترفيهي,ترفيهي,"24.84903306, 46.78140489"
AR-RIMAL,الشرق,AR-RAWDAH,Woody park,ترفيهي,ترفيهي,"24.85428551, 46.8033477"
AL-MUANISIYAH,الشرق,AR-RAWDAH,Snowy Forest,ترفيهي,ترفيهي,"24.84468362, 46.76051414"
AL-MUANISIYAH,الشرق,AR-RAWDAH,Yobi,ترفيهي,ترفيهي,"24.82764548, 46.7830538"
AL-HAMRA,الشرق,AR-RAWDAH,Alhokair Land,ترفيهي,ترفيهي,"24.76515334, 46.73726168"
AL-QUDS,الشرق,AR-RAWDAH,Fun Oasis,ترفيهي,ترفيهي,"24.75723831, 46.7441564"
KING FAISAL,الشرق,AR-RAWDAH,Strike 10,ترفيهي,ترفيهي,"24.77429239, 46.77673981"
KING FAISAL,الشرق,AR-RAWDAH,Saffori Land,ترفيهي,ترفيهي,"24.76907809, 46.76400581"
KING FAISAL,الشرق,AR-RAWDAH,Sparky's,ترفيهي,ترفيهي,"24.77480263, 46.77647642"
AR-RAWDAH,الشرق,AR-RAWDAH,Sparky's,ترفيهي,ترفيهي,"24.72372434, 46.77464149"
AL-ANDALUS,الشرق,AR-RAWDAH,Billy Beez,ترفيهي,ترفيهي,"24.73905294, 46.79934485"
ASH-SHOHDA,الشرق,AR-RAWDAH,Chuck E. cheese,ترفيهي,ترفيهي,"24.77868453, 46.73556319"
ASH-SHOHDA,الشرق,AR-RAWDAH,Chuck E. cheese,ترفيهي,ترفيهي,"24.79043517, 46.7408472"
ASH-SHOHDA,الشرق,AR-RAWDAH,Fun Oasis,ترفيهي,ترفيهي,"24.7820783, 46.73020613"
AR-RAYAN,الشرق,AN-NASEEM,Chuck E. cheese,ترفيهي,ترفيهي,"24.70106529, 46.7716792"
EAST AN-NASEEM,الشرق,AN-NASEEM,Saffori Land,ترفيهي,ترفيهي,"24.75110413, 46.822856"
EAST AN-NASEEM,الشرق,AN-NASEEM,Sparky's,ترفيهي,ترفيهي,"24.75073847, 46.822751"
WEST AL-ORAIJA,الغرب,AL-URAIJA,Chuck E. cheese,ترفيهي,ترفيهي,"24.58461805, 46.61667563"
AS-SUWAIDI AL-GHARBI,الغرب,AL-URAIJA,TORY LAND,ترفيهي,ترفيهي,"24.56137493, 46.64257043"
AS-SUWAIDI,الغرب,AL-URAIJA,Saffori Land,ترفيهي,ترفيهي,"24.60348363, 46.70479298"
KING KHALID INT.AIRPORT,الشمال,KING KHALID INT. AIRPORT,Evoution,ترفيهي,ترفيهي,"24.84504151, 46.73431455"
KING KHALID INT.AIRPORT,الشمال,KING KHALID INT. AIRPORT,Happiness Museum,ترفيهي,ترفيهي,"24.8415751, 46.73331655"
ISHBILIYAH,الشرق,AR-RAWDAH,Al Aziziyah Panda United Company Ishbilyah Branch,تجاري,Market store,"24.80787333, 46.80706952"
AL-YARMUK,الشرق,AR-RAWDAH,Danube Co. for Food and Luxuries,تجاري,Hypermarket,"24.81190166, 46.77068613"
AL-HAMRA,الشرق,AR-RAWDAH,SPAR Co. Supermarkets,تجاري,Supermarket,"24.76304233, 46.74517494"
AL-HAMRA,الشرق,AR-RAWDAH,Al Aziziyah Panda United Company,تجاري,Market store,"24.79025378, 46.7652054"
AL-ANDALUS,الشرق,AR-RAWDAH,Abdullah Al Othaim Markets Company,تجاري,Market store,"24.73809667, 46.78190685"
AL-MUANISIYAH,الشرق,AR-RAWDAH,Panda Retail Company,تجاري,Market store,"24.82813978, 46.78211507"
QURTUBAH,الشرق,AR-RAWDAH,Panda Supermarket,تجاري,Supermarket,"24.83636837, 46.74285067"
AS-SUWAIDI,الغرب,AL-URAIJA,Al Othaim Central Markets,تجاري,Market store,"24.60322316, 46.70471707"
AS-SULAIMANYAH,الوسط,AL-OLAYA,Al Aziziyah Panda United Company,تجاري,Market store,"24.69391784, 46.69636121"
KING FAHD,الوسط,AL-OLAYA,Panda Retail Company,تجاري,Market store,"24.7419086, 46.65851247"
AL-NUZHA,الوسط,AL-OLAYA,Tamimi Market Company,تجاري,Market store,"24.75783303, 46.71273878"
AT-TAAWUN,الوسط,AL-OLAYA,Abdullah Al Othaim Markets Company,تجاري,Market store,"24.77470074, 46.70301026"
TWAEEQ,الغرب,NAMAR,Abdullah Al Othaim Markets Company Twaeq Branch,تجاري,Market store,"24.55925453, 46.56408803"
UTAYQAH,الوسط,AL-BATHA,Abdullah Al Othaim Markets Company Utayqah Branch,تجاري,Market store,"24.60172019, 46.71068727"
OLAISHAH,الوسط,ASH-SHOMAISI,Al Aziziyah Panda United Company Olaishah Branch,تجاري,Market store,"24.62775847, 46.68171217"
DAHRAT LABAN,الغرب,IRQAH,Abdullah Al Othaim Markets Company Dahrat Laban Branch,تجاري,Market store,"24.62295629, 46.55982843"
AL-MURABA,الوسط,AL-MALAZ,Lulu Saudi Company for Major Markets,تجاري,Market store,"24.66425996, 46.70304804"
AL-YASMEEN,الشمال,SHIMAL-Al-Riyadh,Al Jazeera Express,تجاري,Market store,"24.8220627, 46.6301813"
AL-GHADEER,الشمال,SHIMAL-Al-Riyadh,Danube Co. for Food and Luxuries,تجاري,Hypermarket,"24.7700291, 46.66498921"
AL-YASMEEN,الشمال,SHIMAL-Al-Riyadh,Abdullah Al Othaim Markets Company Al Yasmeen Branch,تجاري,Market store,"24.81410379, 46.65891166"
AL-YASMEEN,الشمال,SHIMAL-Al-Riyadh,Lulu Saudi Company for Major Markets Ltd.,تجاري,Market store,"24.81759911, 46.66477329"
AR-RABI,الشمال,SHIMAL-Al-Riyadh,Panda Hypermarket,تجاري,Hypermarket,"24.80828809, 46.66903595"
AL-ANDALUS,الشرق,AR-RAWDAH,Tamimi Food Market Company Al Andalus Branch,تجاري,Market store,"24.74659966, 46.77522866"
ISHBILIYAH,الشرق,AR-RAWDAH,Tamimi Market Company,تجاري,Market store,"24.77965782, 46.7884829"
QURTUBAH,الشرق,AR-RAWDAH,Tamimi Market Company,تجاري,Market store,"24.80750235, 46.73736031"
AL-YARMUK,الشرق,AR-RAWDAH,Al Aziziyah Panda United Company (Panda),تجاري,Market store,"24.8176401, 46.78323113"
BADER,الجنوب,ASH-SHIFA,Rukun Al Othaim Supermarket,تجاري,Supermarket,"24.55028929, 46.72151659"
AL-MUROOJ,الوسط,AL-OLAYA,Al Othaim Markets Company,تجاري,Market store,"24.75534837, 46.66293808"
AL-MASEEF,الوسط,AL-OLAYA,Al Aziziyah Panda United Company,تجاري,Market store,"24.77060271, 46.68904379"
AS-SULAIMANYAH,الوسط,AL-OLAYA,Al Aziziyah Panda United Company,تجاري,Market store,"24.7197384, 46.69048395"
AL-HAZM,الغرب,NAMAR,Abdullah Al Othaim Markets Company Al Hazm Branch - Al Riyadh,تجاري,Market store,"24.54233821, 46.64780841"
AL-MATHAR,الوسط,ASH-SHOMAISI,Al Tamimi Markets Company,تجاري,Market store,"24.67402759, 46.66803569"
WEST AN-NASEEM,الشرق,AN-NASEEM,Rukun Al Othaim Supermarket,تجاري,Supermarket,"24.73171131, 46.82518271"
AR-RAWABI,الشرق,AN-NASEEM,Danube Co. for Food and Luxuries,تجاري,Hypermarket,"24.68575388, 46.79424909"
AR-RAWABI,الشرق,AN-NASEEM,Al Othaim Commercial Company Ltd.,تجاري,Market store,"24.69492396, 46.7758083"
AN-NADHEEM,الشرق,AN-NASEEM,Panda Supermarket,تجاري,Supermarket,"24.81054428, 46.89902983"
NORTH AL-MATHAR,الوسط,AL-MATHAR,Danube Co. for Food and Luxuries,تجاري,Hypermarket,"24.6924716, 46.66894147"
AL-NAKHEEL,الوسط,AL-MATHAR,Al Tamimi Markets Company,تجاري,Market store,"24.74154486, 46.60330587"
AN-NAFEL,الشمال,SHIMAL-Al-Riyadh,Abdullah Al Othaim Markets Company An Nafel Branch (Al Othaim Markets),تجاري,Market store,"24.78423354, 46.68220848"
HITTEEN,الشمال,SHIMAL-Al-Riyadh,Panda Retail Company Hitteen Branch (Hyper Panda),تجاري,Hypermarket,"24.75300602, 46.58525756"
AR-RABI,الشمال,SHIMAL-Al-Riyadh,Al Tamimi Markets Company,تجاري,Market store,"24.79090793, 46.64910674"
AL-WADI,الشمال,SHIMAL-Al-Riyadh,Saudi Company for Comprehensive Stores (Carrefour),تجاري,Hypermarket,"24.78913436, 46.70159592"
AL-YASMEEN,الشمال,SHIMAL-Al-Riyadh,Danube Co. for Food and Luxuries Al Yasmeen Branch,تجاري,Hypermarket,"24.82324147, 46.65500347"
AL-MALQA,الشمال,SHIMAL-Al-Riyadh,Danube Co. for Food and Luxuries Al Malqa Branch,تجاري,Hypermarket,"24.80836266, 46.61642158"
AL-MALQA,الشمال,SHIMAL-Al-Riyadh,Al Tamimi Markets Company,تجاري,Market store,"24.80144263, 46.60288127"
AL-HAMRA,الشرق,AR-RAWDAH,Panda Retail Company,تجاري,Market store,"24.76802702, 46.75705482"
AN-NAHDAH,الشرق,AR-RAWDAH,Al Tamimi Markets Company,تجاري,Market store,"24.76181036, 46.81086643"
SHUBRA,الغرب,AL-URAIJA,Al Aziziyah Panda United Company,تجاري,Market store,"24.58345612, 46.6864816"
DAHRAT AL-BADEAH,الغرب,AL-URAIJA,Al Aziziyah Panda United Company,تجاري,Market store,"24.60395118, 46.65037455"
AL-MARWAH,الجنوب,ASH-SHIFA,Al Othaim Food Markets Company,تجاري,Market store,"24.5467971, 46.68757917"
SALAH AD DEEN,الوسط,AL-OLAYA,Al Tamimi Markets Company Salah Ad Deen Branch,تجاري,Market store,"24.72875042, 46.69105944"
AD-DAR AL- BAIDA,الجنوب,AL-AZIZIYAH,Al Aziziyah Panda United Company,تجاري,Market store,"24.56967033, 46.78865126"
AD-DOBBAT,الوسط,AL-MALAZ,Al Othaim Commercial Company Ltd.,تجاري,Market store,"24.6903842, 46.72322549"
AR-RABWAH,الوسط,AL-MALAZ,Al Tamimi Markets Company Ar Rabwah Branch,تجاري,Market store,"24.68978333, 46.73345873"
WEST UMM AL HAMAM,الوسط,AL-MATHAR,Abdullah Saleh Al Othaim Markets Compant Ltd.,تجاري,Market store,"24.68843816, 46.64299897"
AN-NAFEL,الشمال,SHIMAL-Al-Riyadh,Saudi Company for Comprehensive Stores Carrefour,تجاري,Hypermarket,"24.77134035, 46.66897763"
AL-GHADEER,الشمال,SHIMAL-Al-Riyadh,Al Jazeera Markets Company,تجاري,Market store,"24.77280149, 46.65510127"
AL-YASMEEN,الشمال,SHIMAL-Al-Riyadh,Abdullah Al Othaim Markets Company,تجاري,Market store,"24.82019332, 46.64453497"
AL-YASMEEN,الشمال,SHIMAL-Al-Riyadh,Al Tamimi Markets,تجاري,Market store,"24.82031832, 46.64228527"
AN-NAHDAH,الشرق,AR-RAWDAH,Al Aziziyah Panda United Company,تجاري,Market store,"24.75524666, 46.79190428"
AN-NAHDAH,الشرق,AR-RAWDAH,Panda Retail Company,تجاري,Market store,"24.75307851, 46.81717063"
QURTUBAH,الشرق,AR-RAWDAH,Panda Supermarket,تجاري,Supermarket,"24.81445758, 46.72538942"
BADER,الجنوب,ASH-SHIFA,Panda Supermarket,تجاري,Supermarket,"24.53495654, 46.69361904"
BADER,الجنوب,ASH-SHIFA,Abdullah Al Othaim Markets Company Bader Branch,تجاري,Market store,"24.54302126, 46.72758001"
AL-NUZHA,الوسط,AL-OLAYA,SPAR Co. Supermarkets,تجاري,Supermarket,"24.76392801, 46.71411856"
AS-SULAIMANYAH,الوسط,AL-OLAYA,Al Tamimi Markets Company As Sulaimaniyah Branch,تجاري,Market store,"24.69762694, 46.70172481"
AL-AZIZIYAH,الجنوب,AL-AZIZIYAH,Abdullah Al Othaim Markets Company,تجاري,Market store,"24.59348928, 46.7740299"
DIRAB,الغرب,NAMAR,Panda Supermarket,تجاري,Supermarket,"24.49708094, 46.62882097"
AL-Awaly,الغرب,NAMAR,Panda HyperMarket,تجاري,Hypermarket,"24.55771901, 46.63780306"
TWAEEQ,الغرب,NAMAR,Abdullah Al Othaim Markets Company Twaeq Branch,تجاري,Market store,"24.55659416, 46.50034532"
AL-HAZM,الغرب,NAMAR,Al Aziziyah Panda United Company,تجاري,Market store,"24.53658983, 46.65664968"
AR-RAYAN,الشرق,AN-NASEEM,Abdullah Al Othaim Markets Company,تجاري,Market store,"24.71248923, 46.79371919"
WEST AN-NASEEM,الشرق,AN-NASEEM,Al Othaim Food Market,تجاري,Market store,"24.72988265, 46.80634541"
DAHRAT LABAN,الغرب,IRQAH,Al Aziziyah Panda United Company,تجاري,Market store,"24.63064554, 46.53919323"
AN-NADHEEM,الشرق,AN-NASEEM,Al Aziziyah Panda United Company,تجاري,Market store,"24.81084093, 46.87655677"
AL-JANADRIYAH,الشرق,AR-RAWDAH,Abdullah Al Othaim Markets Company Al Janadriyah Branch,تجاري,Market store,"24.80826196, 46.86583187"
NORTH AL-MATHAR,الوسط,AL-MATHAR,Panda Retail Company North Al Mathar Branch,تجاري,Market store,"24.67657988, 46.6768145"
WEST UMM AL HAMAM,الوسط,AL-MATHAR,Al Aziziyah Panda United Company,تجاري,Market store,"24.67984925, 46.65342784"
AL-OLAYA,الوسط,AL-MATHAR,Al Othaim Markets Company,تجاري,Market store,"24.70936975, 46.66720707"
AN-NARJIS,الشمال,SHIMAL-Al-Riyadh,Al Tamimi Markets Company,تجاري,Market store,"24.85862421, 46.64697793"
AL-AQEEK,الشمال,SHIMAL-Al-Riyadh,Danube Co. for Food and Luxuries,تجاري,Hypermarket,"24.76258341, 46.62531653"
HITTEEN,الشمال,SHIMAL-Al-Riyadh,Al Tamimi Markets Company,تجاري,Market store,"24.76026341, 46.59993061"
AR-RAWDAH,الشرق,AR-RAWDAH,Al Othaim Markets Company Ltd. Ar Rawdah Branch,تجاري,Market store,"24.72857123, 46.7682087"
AL-MUANISIYAH,الشرق,AR-RAWDAH,Abdullah Al Othaim Markets Company Al Muanisiyah Branch,تجاري,Market store,"24.81970561, 46.77272449"
ISHBILIYAH,الشرق,AR-RAWDAH,Abdullah Al Othaim Markets Company Ishbilyah Branch,تجاري,Market store,"24.78515328, 46.79060234"
AL-YARMUK,الشرق,AR-RAWDAH,LuLu HyperMarket,تجاري,Hypermarket,"24.79286808, 46.76722561"
QURTUBAH,الشرق,AR-RAWDAH,Abdullah Al Othaim Markets Company Qurtubah Branch,تجاري,Market store,"24.82144554, 46.74215004"
AL-YARMUK,الشرق,AR-RAWDAH,Abdullah Al Othaim Markets Company Al Yarmuk Branch,تجاري,Market store,"24.80766882, 46.8039148"
AS-SUWAIDI,الغرب,AL-URAIJA,Saudi Company for Comprehensive Stores (Carrefour),تجاري,Hypermarket,"24.60057671, 46.69897118"
SULTANAH,الغرب,AL-URAIJA,Al Aziziyah Panda United Company,تجاري,Market store,"24.59861049, 46.68467631"
AL-OLAYA,الوسط,AL-OLAYA,Al Jazeera Markets Company Ltd.,تجاري,Market store,"24.7058607, 46.68833084"
AL-EZDIHAR,الوسط,AL-OLAYA,Al Aziziyah Panda United Company,تجاري,Market store,"24.77781971, 46.7103008"
TWAEEQ,الغرب,NAMAR,Al Aziziyah Panda United Company,تجاري,Market store,"24.57888033, 46.5844746"
TWAEEQ,الغرب,NAMAR,Al Othaim Markets,تجاري,Market store,"24.56642958, 46.55056207"
AL-MANSURAH ( KHANSHALILAH ),الوسط,AL-BATHA,Al Othaim Markets Compant Ltd.,تجاري,Market store,"24.60127997, 46.74802212"
AL-MUTAMARAT,الوسط,ASH-SHOMAISI,Danube Co. for Food and Luxuries,تجاري,Hypermarket,"24.66578261, 46.68336691"
AR-RAWABI,الشرق,AN-NASEEM,Al Othaim Markets Company Ltd.,تجاري,Market store,"24.69016602, 46.77631227"
WEST AN-NASEEM,الشرق,AN-NASEEM,Panda Central Markets,تجاري,Market store,"24.72516829, 46.816303"
AL-JAZEERAH,الجنوب,AS-SULAI,Panda Markets,تجاري,Market store,"24.6803866, 46.7835894"
AL- NADWAH,الشرق,AN-NASEEM,Abdullah Al Othaim Markets Company Al Nadwah Branch,تجاري,Market store,"24.79428185, 46.88135819"
AL-NAKHEEL,الوسط,AL-MATHAR,Al Aziziyah Panda United Company,تجاري,Market store,"24.74394928, 46.62130172"
AL-WADI,الشمال,SHIMAL-Al-Riyadh,Abdullah Al Othaim Markets Company,تجاري,Market store,"24.7920605, 46.70002185"
AR-RABI,الشمال,SHIMAL-Al-Riyadh,Al Jazeera Markets Company - Al Jazeera Express,تجاري,Market store,"24.79931566, 46.66354469"
AL-YASMEEN,الشمال,SHIMAL-Al-Riyadh,Abdullah Al Othaim Markets Company Al Yasmeen Branch,تجاري,Market store,"24.83249768, 46.6579339"
AL-AQEEK,الشمال,SHIMAL-Al-Riyadh,SPAR Co. Supermarkets,تجاري,Supermarket,"24.78532806, 46.63334391"
HITTEEN,الشمال,SHIMAL-Al-Riyadh,Danube Food Company Hitteen Branch,تجاري,Hypermarket,"24.75315955, 46.60981042"
AL-QADISIYAH,الشرق,AR-RAWDAH,Abdullah Al Othaim Markets Company Al Qadisiyah Branch,تجاري,Market store,"24.82912463, 46.8118422"
AL-YARMUK,الشرق,AR-RAWDAH,Abdullah Al Othaim Markets Company Al Yarmuk Branch,تجاري,Market store,"24.82085694, 46.79426467"
AL-KHALEEJ,الشرق,AR-RAWDAH,Abdullah Al Othaim Markets Company,تجاري,Market store,"24.77831708, 46.82377514"
AL-OLAYA,الوسط,AL-OLAYA,Al Jazeera,تجاري,Market store,"24.68685481, 46.68911084"
AL-AZIZIYAH,الجنوب,AL-AZIZIYAH,Abdullah Al Othaim Markets Company Al Aziziyah Haer Road Branch,تجاري,Market store,"24.57600316, 46.75010941"
AD-DAR AL- BAIDA,الجنوب,AL-AZIZIYAH,Abdullah Al Othaim Markets Company Al Aziziyah Arafat Road Branch,تجاري,Market store,"24.57761215, 46.79248456"
AL-Awaly,الغرب,NAMAR,Abdullah Al Othaim Markets Company Nemar Branch,تجاري,Market store,"24.55460202, 46.60741354"
AL-FAIHA,الجنوب,AS-SULAI,Panda Markets,تجاري,Market store,"24.68223707, 46.81497849"
AL-FARUQ,الوسط,AL-MALAZ,Al Aziziyah Panda United Company (Hyper Panda),تجاري,Hypermarket,"24.657891, 46.78355563"
AL-MALAZ,الوسط,AL-MALAZ,Al Aziziyah Panda United Company (Panda Markets),تجاري,Market store,"24.6499917, 46.7262085"
AN-NARJIS,الشمال,SHIMAL-Al-Riyadh,Panda Supermarket,تجاري,Supermarket,"24.87584716, 46.63872082"
AL-AQEEK,الشمال,SHIMAL-Al-Riyadh,Saudi Company for Comprehensive Stores (Carrefour),تجاري,Hypermarket,"24.75769069, 46.62885272"
AL-AQEEK,الشمال,SHIMAL-Al-Riyadh,Al Jazeera Super,تجاري,Supermarket,"24.76696222, 46.62312436"
AN-NARJIS,الشمال,SHIMAL-Al-Riyadh,Al Tamimi Markets Company,تجاري,Market store,"24.81923947, 46.6862602"
AN-NARJIS,الشمال,SHIMAL-Al-Riyadh,Panda Retail Company,تجاري,Market store,"24.83608156, 46.67932819"
KING FAISAL,الشرق,AR-RAWDAH,Al Othaim Commercial Company King Faysal Branch Al Othaim Corner,تجاري,Market store,"24.75614818, 46.77248463"
QURTUBAH,الشرق,AR-RAWDAH,Abdullah Al Othaim Markets Company,تجاري,Market store,"24.81221703, 46.75503136"
KING FAISAL,الشرق,AR-RAWDAH,Abdullah Al Othaim Markets Company,تجاري,Market store,"24.771775, 46.77947026"
AR-RAWDAH,الشرق,AR-RAWDAH,Abdullah Al Othaim Markets Company,تجاري,Market store,"24.72854151, 46.78252509"
AN-NAHDAH,الشرق,AR-RAWDAH,Al Tamimi Markets Company,تجاري,Market store,"24.75444497, 46.82392718"
DAHRAT AL-BADEAH,الغرب,AL-URAIJA,Al Othaim Commercial Company Ltd.,تجاري,Market store,"24.59492767, 46.63553327"
WEST AL-ORAIJA,الغرب,AL-URAIJA,Al Tamimi Markets Company,تجاري,Market store,"24.58998271, 46.62259415"
AL-MUROOJ,الوسط,AL-OLAYA,Al Othaim Commercial Company,تجاري,Market store,"24.75810925, 46.66332437"
AL-MURSALAT,الوسط,AL-OLAYA,Abdullah Al Othaim Markets Company,تجاري,Market store,"24.75572224, 46.68380657"
AL-Awaly,الغرب,NAMAR,Abudllah Al Othaim Markets Company Al Awaly Branch,تجاري,Market store,"24.56062376, 46.59458939"
AR-RABI,الشمال,SHIMAL-Al-Riyadh,Al Tamimi Markets Company,تجاري,Market store,"24.80143931, 46.67363129"
AL-ANDALUS,الشرق,AR-RAWDAH,Al Aziziah Panda Company Ltd. Hyper Panda,تجاري,Hypermarket,"24.73752693, 46.79665975"
KING FAISAL,الشرق,AR-RAWDAH,Abudllah Al Othaim Markets Company,تجاري,Market store,"24.76936492, 46.7646866"
AR-RAWDAH,الشرق,AR-RAWDAH,Saudi Company for Comprehensive Stores (Carrefour),تجاري,Hypermarket,"24.72428554, 46.77484013"
AR-RIMAL,الشرق,AR-RAWDAH,Abdullah Al Othaim Markets Company Ar Rimal Branch,تجاري,Market store,"24.84914237, 46.82488537"
AL-KHALEEJ,الشرق,AR-RAWDAH,Abdullah Al Othaim Markets Company Al Khaleej Branch,تجاري,Market store,"24.78069115, 46.81371765"
SHUBRA,الغرب,AL-URAIJA,Saudi Company for Comprehensive Stores (Carrefour),تجاري,Hypermarket,"24.56286931, 46.64534451"
KING FAHD,الوسط,AL-OLAYA,Al Tamimi Markets Company King Fahed Branch,تجاري,Market store,"24.73682524, 46.68386421"
AD-DAR AL- BAIDA,الجنوب,AL-AZIZIYAH,Al Othaim Markets,تجاري,Market store,"24.56777417, 46.77248061"
AL-AZIZIYAH,الجنوب,AL-AZIZIYAH,Abdullah Al Othaim Markets Company Al Aziziyah Branch,تجاري,Market store,"24.58076326, 46.76520147"
EAST AN-NASEEM,الشرق,AN-NASEEM,Abdullah Al Othaim Markets Company,تجاري,Market store,"24.72772074, 46.85220487"
IRQAH,الغرب,IRQAH,Danube Co. for Food and Luxuries,تجاري,Hypermarket,"24.69408935, 46.60569454"
DAHRAT LABAN,الغرب,IRQAH,Abdullah Al Othaim Markets Company Laban Aseer Road Branch,تجاري,Market store,"24.61286787, 46.52133062"
AS-SULAI,الجنوب,AS-SULAI,Abdullah Al Othaim Markets Company,تجاري,Market store,"24.67925623, 46.85535861"
AN-NADHEEM,الشرق,AN-NASEEM,Al Othaim Markets,تجاري,Market store,"24.80751646, 46.87392735"
AL-FUTAH,الوسط,AL-MALAZ,Al Madina Hypermarket,تجاري,Hypermarket,"24.64278756, 46.71535431"
AR-RAED,الوسط,AL-MATHAR,Al Tamimi Markets Company,تجاري,Market store,"24.71358125, 46.63400113"
AL-OLAYA,الوسط,AL-MATHAR,Al Tamimi Markets Company,تجاري,Market store,"24.6910669, 46.68195075"
ASH-SHOHDA,الشرق,AR-RAWDAH,Saudi Company for Comprehensive Stores (Carrefour),تجاري,Hypermarket,"24.78150212, 46.73134769"
AS-SULAIMANYAH,الوسط,AL-OLAYA,Al Sadhan Supermarket,تجاري,Supermarket,"24.70722668, 46.68854173"
AL-MANSURAH ( KHANSHALILAH ),الوسط,AL-BATHA,Panda Supermarket,تجاري,Supermarket,"24.61526801, 46.74598706"
AL-NUZHA,الوسط,AL-OLAYA,Sahl Station,تجاري,Not available,"24.76106909, 46.69581873"
AL-NUZHA,الوسط,AL-OLAYA,An Nuzha Gas Station,تجاري,Gas station,"24.75496117, 46.69823664"
AL-NUZHA,الوسط,AL-OLAYA,Liter Gas Station,تجاري,Gas station,"24.75081101, 46.71704923"
AL-NUZHA,الوسط,AL-OLAYA,Sahel Gas Station,تجاري,Gas station,"24.75632911, 46.71808499"
AL-NUZHA,الوسط,AL-OLAYA,Sasko Station,تجاري,Not available,"24.74573754, 46.7050318"
AL-NUZHA,الوسط,AL-OLAYA,Liter Gas Station,تجاري,Gas station,"24.76567038, 46.70737805"
SALAH AD DEEN,الوسط,AL-OLAYA,Aldrees Gas Station,تجاري,Gas station,"24.73741559, 46.68847285"
SALAH AD DEEN,الوسط,AL-OLAYA,Salah Ad Deen Oil Station,تجاري,Petrol station,"24.73165263, 46.68823692"
AL-OLAYA,الوسط,AL-OLAYA,Asia Gas Station,تجاري,Gas station,"24.71424902, 46.67804797"
AL-OLAYA,الوسط,AL-OLAYA,Naft for Petroleum Services,تجاري,Petrol station,"24.6905118, 46.6882902"
AL-OLAYA,الوسط,AL-OLAYA,Al Olaya Petrol Station,تجاري,Petrol station,"24.6881513, 46.68744145"
AS-SULAIMANYAH,الوسط,AL-OLAYA,Aldrees Gas Station,تجاري,Gas station,"24.70845592, 46.68692448"
AS-SULAIMANYAH,الوسط,AL-OLAYA,Petroleum Pioneers,تجاري,Petrol station,"24.69449376, 46.70286826"
AS-SULAIMANYAH,الوسط,AL-OLAYA,Aldrees Petrol Station,تجاري,Petrol station,"24.6933623, 46.71093275"
KING ABDUL AZIZ,الوسط,AL-OLAYA,Sahel Gas Station,تجاري,Gas station,"24.69939564, 46.72255422"
KING ABDUL AZIZ,الوسط,AL-OLAYA,Petro Jamaan Station,تجاري,Petrol station,"24.69369401, 46.72174808"
AL-OLAYA,الوسط,AL-MALAZ,Aldrees for Petroleum Services,تجاري,Petrol station,"24.67962985, 46.7010351"
AL-OLAYA,الوسط,AL-MALAZ,Sahel Gas Station,تجاري,Gas station,"24.68194751, 46.69771994"
AL-WIZARAT,الوسط,AL-MALAZ,Aldrees Gas Station in Al Wizarat Neighborhood,تجاري,Gas station,"24.68165442, 46.709828"
AL-WIZARAT,الوسط,AL-MALAZ,Al Manar Gas Station,تجاري,Gas station,"24.68196763, 46.71343002"
AL-MURABA,الوسط,AL-MALAZ,Aldrees Gas Station,تجاري,Gas station,"24.66958703, 46.70646393"
AL-MURABA,الوسط,AL-MALAZ,Jahez Petrol Station,تجاري,Petrol station,"24.6718862, 46.70853357"
AL-MURABA,الوسط,AL-MALAZ,Aldrees Gas Station,تجاري,Gas station,"24.67645009, 46.70789106"
AZ-ZAHRAA,الوسط,AL-MALAZ,SASCO Gas Station,تجاري,Gas station,"24.69338709, 46.72420972"
AR-RABWAH,الوسط,AL-MALAZ,Petromin Gas Station,تجاري,Gas station,"24.7008296, 46.77019268"
AR-RABWAH,الوسط,AL-MALAZ,Liter Station for Petroleum Services,تجاري,Petrol station,"24.68666508, 46.73428903"
AR-RABWAH,الوسط,AL-MALAZ,Aldrees Gas Station,تجاري,Gas station,"24.69213159, 46.76736014"
AR-RABWAH,الوسط,AL-MALAZ,Al Riyadh Petrol Station,تجاري,Petrol station,"24.68842275, 46.75596725"
AR-RABWAH,الوسط,AL-MALAZ,Salem Gas Station,تجاري,Gas station,"24.68970091, 46.75981466"
AR-RABWAH,الوسط,AL-MALAZ,Aldrees Fuel Station,تجاري,Petrol station,"24.67840302, 46.77231297"
AR-RABWAH,الوسط,AL-MALAZ,Naft for Petroleum Services,تجاري,Petrol station,"24.6957673, 46.75194037"
AR-RABWAH,الوسط,AL-MALAZ,Aldrees Gas Station,تجاري,Gas station,"24.70141285, 46.74208773"
AR-RABWAH,الوسط,AL-MALAZ,Aldrees Gas Station,تجاري,Gas station,"24.70128015, 46.74587677"
AR-RABWAH,الوسط,AL-MALAZ,Al Rashdan Gas Station,تجاري,Gas station,"24.70015671, 46.76010379"
AS-SINAIYAH,الوسط,AL-MALAZ,Aldrees Gas Station,تجاري,Gas station,"24.65310597, 46.7529726"
AS-SINAIYAH,الوسط,AL-MALAZ,Aldrees Petrol Station,تجاري,Petrol station,"24.65198381, 46.75515191"
MANFUHA,الوسط,AL-BATHA,Najd Gas Station,تجاري,Gas station,"24.60014946, 46.7241763"
MANFUHA,الوسط,AL-BATHA,Jahez Petrol Station,تجاري,Petrol station,"24.60673277, 46.72956168"
MANFUHA,الوسط,AL-BATHA,Aldrees Gas Station,تجاري,Gas station,"24.59530032, 46.7231055"
MANFUHA,الوسط,AL-BATHA,Petroly Gas Station,تجاري,Gas station,"24.59997095, 46.73343532"
MANFUHA,الوسط,AL-BATHA,Nahdat Ar Rayan Gas Station,تجاري,Gas station,"24.59298863, 46.72769398"
MANFUHA,الوسط,AL-BATHA,kaheel Gas Station,تجاري,Gas station,"24.59767078, 46.72846402"
MANFUHA,الوسط,AL-BATHA,Manfuha Gas Station,تجاري,Gas station,"24.58985826, 46.72755832"
AL-NAKHEEL,الوسط,AL-MATHAR,Al Nakheel Oil Station,تجاري,Petrol station,"24.74755794, 46.64240084"
AL-NAKHEEL,الوسط,AL-MATHAR,Nassar Gas Station,تجاري,Gas station,"24.72483821, 46.60219158"
AL-NAKHEEL,الوسط,AL-MATHAR,Nassar Gas Station,تجاري,Gas station,"24.72728402, 46.59918157"
AL-NAKHEEL,الوسط,AL-MATHAR,Kunooz Gas Station,تجاري,Gas station,"24.74666445, 46.61833426"
AL-MUHAMMADIYAH,الوسط,AL-MATHAR,Aldrees Gas Station,تجاري,Gas station,"24.72468787, 46.65323907"
AL-MUHAMMADIYAH,الوسط,AL-MATHAR,Sahel Gas Station,تجاري,Gas station,"24.74383933, 46.65537854"
AL-MUHAMMADIYAH,الوسط,AL-MATHAR,Ibin Mu'ammar Station for Petroleum Services,تجاري,Petrol station,"24.72132638, 46.64707175"
AR-RAED,الوسط,AL-MATHAR,Aldrees Gas Station,تجاري,Gas station,"24.71447284, 46.63504777"
AR-RAED,الوسط,AL-MATHAR,SASCO Gas Station,تجاري,Gas station,"24.70829329, 46.62794181"
AR-RAHMANIYAH,الوسط,AL-MATHAR,Liter Gas Station,تجاري,Gas station,"24.71041789, 46.66669067"
EAST UMM AL-HAMAM,الوسط,AL-MATHAR,Jahez Petrol Station for Fuel,تجاري,Petrol station,"24.68737924, 46.65164626"
EAST UMM AL-HAMAM,الوسط,AL-MATHAR,Taqat for Fuel,تجاري,Petrol station,"24.6756875, 46.6672165"
AL-OLAYA,الوسط,AL-MATHAR,Aldrees Gas Station,تجاري,Gas station,"24.70828791, 46.67314179"
AL-OLAYA,الوسط,AL-MATHAR,Al Dhaher Gas Station,تجاري,Gas station,"24.69943369, 46.66860798"
AL-OLAYA,الوسط,AL-MATHAR,Asia Gas Station,تجاري,Gas station,"24.67758718, 46.68408098"
HITTEEN,الشمال,SHIMAL-Al-Riyadh,Comprehensive Durar Station,تجاري,Petrol station,"24.74721761, 46.58558657"
HITTEEN,الشمال,SHIMAL-Al-Riyadh,Pearl Harbor Gas Station,تجاري,Gas station,"24.76633743, 46.61109247"
HITTEEN,الشمال,SHIMAL-Al-Riyadh,Al Say'ari Gas Station,تجاري,Gas station,"24.76698326, 46.57722966"
AL-MALQA,الشمال,SHIMAL-Al-Riyadh,Sahara Gas Station,تجاري,Gas station,"24.77836564, 46.59246124"
HITTEEN,الشمال,SHIMAL-Al-Riyadh,Meer Fuel Station,تجاري,Petrol station,"24.77292466, 46.57445457"
AL-AQEEK,الشمال,SHIMAL-Al-Riyadh,Al Jam'an Gas Station,تجاري,Gas station,"24.7842907, 46.63479134"
AL-AQEEK,الشمال,SHIMAL-Al-Riyadh,Al Jam'an Gas Station,تجاري,Gas station,"24.77501412, 46.61912006"
AL-AQEEK,الشمال,SHIMAL-Al-Riyadh,Aldrees Gas Station 294,تجاري,Gas station,"24.77742574, 46.63733101"
AL-AQEEK,الشمال,SHIMAL-Al-Riyadh,Thabat Gas Station,تجاري,Gas station,"24.77119671, 46.62264957"
AL-AQEEK,الشمال,SHIMAL-Al-Riyadh,Fuel System Station,تجاري,Petrol station,"24.76878332, 46.62234006"
AL-AQEEK,الشمال,SHIMAL-Al-Riyadh,Al Jefen Fuel Station,تجاري,Petrol station,"24.7898284, 46.62260574"
AL-AQEEK,الشمال,SHIMAL-Al-Riyadh,Petromin Gas Station,تجاري,Gas station,"24.78298142, 46.62521396"
AS-SAHAFA,الشمال,SHIMAL-Al-Riyadh,Al Omran Fuel Station,تجاري,Petrol station,"24.79236764, 46.63479811"
AS-SAHAFA,الشمال,SHIMAL-Al-Riyadh,Aldrees Fuel Station,تجاري,Petrol station,"24.78561071, 46.63554061"
AS-SAHAFA,الشمال,SHIMAL-Al-Riyadh,Aldrees Fuel Station,تجاري,Petrol station,"24.78826902, 46.63415391"
AS-SAHAFA,الشمال,SHIMAL-Al-Riyadh,Peninsula Petrol Station,تجاري,Petrol station,"24.78342424, 46.63689982"
AS-SAHAFA,الشمال,SHIMAL-Al-Riyadh,Asia Petrol Station,تجاري,Petrol station,"24.80912903, 46.63598178"
AS-SAHAFA,الشمال,SHIMAL-Al-Riyadh,Asia Petrol Station,تجاري,Petrol station,"24.80626817, 46.64005389"
AS-SAHAFA,الشمال,SHIMAL-Al-Riyadh,SASCO Fuel Station,تجاري,Petrol station,"24.79795871, 46.65114774"
AS-SAHAFA,الشمال,SHIMAL-Al-Riyadh,Najd Deserts Gas Station,تجاري,Gas station,"24.78840502, 46.63790685"
AN-NADA,الشمال,SHIMAL-Al-Riyadh,Al Atoz Station for Petroleum Services,تجاري,Petrol station,"24.81451844, 46.68129029"
AR-RABI,الشمال,SHIMAL-Al-Riyadh,Petromin Gas Station,تجاري,Gas station,"24.7889516, 46.64818537"
AR-RABI,الشمال,SHIMAL-Al-Riyadh,SASCO Gas Station,تجاري,Gas station,"24.80622755, 46.67128822"
AR-RABI,الشمال,SHIMAL-Al-Riyadh,Al Modon University Gas Station,تجاري,Gas station,"24.80764983, 46.66498251"
AR-RABI,الشمال,SHIMAL-Al-Riyadh,Sahel Gas Station,تجاري,Gas station,"24.80064673, 46.66725823"
AL-FALAH,الشمال,SHIMAL-Al-Riyadh,Aaly AlShubah Gas Station,تجاري,Gas station,"24.79456416, 46.70016737"
AL-FALAH,الشمال,SHIMAL-Al-Riyadh,Aldrees Gas Station,تجاري,Gas station,"24.80017581, 46.69732676"
AL-FALAH,الشمال,SHIMAL-Al-Riyadh,Aldrees Gas Station,تجاري,Gas station,"24.80421657, 46.70651293"
AL-FALAH,الشمال,SHIMAL-Al-Riyadh,SASCO Gas Station,تجاري,Gas station,"24.79780465, 46.71562594"
QURTUBAH,الشرق,AR-RAWDAH,SASCO Gas Station,تجاري,Gas station,"24.83479258, 46.73553129"
QURTUBAH,الشرق,AR-RAWDAH,Aldrees Gas Station,تجاري,Gas station,"24.79971623, 46.73763477"
QURTUBAH,الشرق,AR-RAWDAH,Al Wataneah Petrol Station,تجاري,Petrol station,"24.80532386, 46.75084332"
QURTUBAH,الشرق,AR-RAWDAH,Petromin Petrol Station,تجاري,Petrol station,"24.83102648, 46.73068341"
QURTUBAH,الشرق,AR-RAWDAH,AcDelco Al Jamih Petrol Station,تجاري,Petrol station,"24.82938741, 46.73436099"
QURTUBAH,الشرق,AR-RAWDAH,Aldrees Gas Station,تجاري,Gas station,"24.81867859, 46.743352"
AL-MUANISIYAH,الشرق,AR-RAWDAH,Dubai Blue Gas Station,تجاري,Gas station,"24.83977521, 46.74749153"
AL-MUANISIYAH,الشرق,AR-RAWDAH,Fuel Station Al Muanisiyah,تجاري,Petrol station,"24.84219861, 46.75030604"
AL-MUANISIYAH,الشرق,AR-RAWDAH,Al Riyadh Gas Station,تجاري,Gas station,"24.83199316, 46.76686977"
AL-MUANISIYAH,الشرق,AR-RAWDAH,Oussama Hamed Al Ghanemi Gas Station,تجاري,Gas station,"24.82546011, 46.7513686"
AL-MUANISIYAH,الشرق,AR-RAWDAH,Al Say'ari Fuel Station,تجاري,Petrol station,"24.8342275, 46.76698867"
AL-MUANISIYAH,الشرق,AR-RAWDAH,Mout Sanah Gas Station,تجاري,Gas station,"24.81870818, 46.76399505"
AL-MUANISIYAH,الشرق,AR-RAWDAH,Al Muanisiyah Petrol Station,تجاري,Petrol station,"24.8210844, 46.772393"
AL-MUANISIYAH,الشرق,AR-RAWDAH,Al Araba Gas Station,تجاري,Gas station,"24.82359279, 46.75481138"
AL-MUANISIYAH,الشرق,AR-RAWDAH,Fuel Corner Station,تجاري,Petrol station,"24.8124287, 46.7562109"
AL-MUANISIYAH,الشرق,AR-RAWDAH,Zaiti Gas Station,تجاري,Gas station,"24.80979049, 46.76147913"
AL-MUANISIYAH,الشرق,AR-RAWDAH,Nasser Al Jafen Petroleum Services,تجاري,Petrol station,"24.81215189, 46.76710487"
AL-MUANISIYAH,الشرق,AR-RAWDAH,Mount Sanah Gas Station,تجاري,Gas station,"24.81770399, 46.77543099"
AL-MUANISIYAH,الشرق,AR-RAWDAH,Al Khuzam Fuel Station,تجاري,Petrol station,"24.82720935, 46.77750856"
AL-MUANISIYAH,الشرق,AR-RAWDAH,Al Amari Petrol Station,تجاري,Petrol station,"24.8332892, 46.77856742"
AL-MUANISIYAH,الشرق,AR-RAWDAH,Al Sinebad House Fuel Station,تجاري,Petrol station,"24.82636848, 46.77938812"
AL-MUANISIYAH,الشرق,AR-RAWDAH,Hala Petrol Station,تجاري,Petrol station,"24.82792217, 46.79056971"
AL-MUANISIYAH,الشرق,AR-RAWDAH,SASCO Gas Station,تجاري,Gas station,"24.82030989, 46.78627759"
AL-MUANISIYAH,الشرق,AR-RAWDAH,PetroGulf Petrol Station,تجاري,Petrol station,"24.82910891, 46.78625629"
GHIRNATAH,الشرق,AR-RAWDAH,Ghirnata Gas Station,تجاري,Gas station,"24.79413685, 46.7485972"
GHIRNATAH,الشرق,AR-RAWDAH,Ashour Gas Station,تجاري,Gas station,"24.79729798, 46.75400984"
GHIRNATAH,الشرق,AR-RAWDAH,Aldrees Gas Station,تجاري,Gas station,"24.79952799, 46.75934617"
GHIRNATAH,الشرق,AR-RAWDAH,Al Haitham Fuel Station,تجاري,Petrol station,"24.80377614, 46.75069086"
GHIRNATAH,الشرق,AR-RAWDAH,Fuel System Station,تجاري,Petrol station,"24.79549662, 46.74325026"
GHIRNATAH,الشرق,AR-RAWDAH,Aldrees Gas Station,تجاري,Gas station,"24.80567884, 46.75534497"
ASH-SHOHDA,الشرق,AR-RAWDAH,Aldrees Gas Station,تجاري,Gas station,"24.78886901, 46.74528333"
ASH-SHOHDA,الشرق,AR-RAWDAH,Sahel Gas Station,تجاري,Gas station,"24.78180117, 46.74288478"
AL-JANADRIYAH,الشرق,AR-RAWDAH,Otayr Complex for Petroleum Services,تجاري,Petrol station,"24.81127718, 46.87494408"
AL-JANADRIYAH,الشرق,AR-RAWDAH,Aldrees Gas Station Otayr 2,تجاري,Gas station,"24.81879192, 46.87638456"
AL-JANADRIYAH,الشرق,AR-RAWDAH,Ghadir Gas Station,تجاري,Gas station,"24.81057439, 46.86893083"
AL-JANADRIYAH,الشرق,AR-RAWDAH,Gulf Visitors Station for Petroleum Services,تجاري,Not available,"24.85409773, 46.86522988"
AL-JANADRIYAH,الشرق,AR-RAWDAH,Nadira Fuel Station,تجاري,Petrol station,"24.80796969, 46.86837233"
AL-JANADRIYAH,الشرق,AR-RAWDAH,Al Otayr Fuel Station,تجاري,Petrol station,"24.81448365, 46.87227469"
AL-JANADRIYAH,الشرق,AR-RAWDAH,Al Janaderiyah Gas Station,تجاري,Gas station,"24.82215315, 46.88299579"
AL-JANADRIYAH,الشرق,AR-RAWDAH,Al Qahtani Petrol Station,تجاري,Petrol station,"24.8039994, 46.86191633"
AL-JANADRIYAH,الشرق,AR-RAWDAH,Abu Haitham Gas Station,تجاري,Gas station,"24.8038901, 46.85452116"
AL-JANADRIYAH,الشرق,AR-RAWDAH,Zood Fuel Station,تجاري,Petrol station,"24.79934835, 46.85745715"
AL-JANADRIYAH,الشرق,AR-RAWDAH,Al Jazeera Fuel Station,تجاري,Petrol station,"24.80631894, 46.86869033"
AL-JANADRIYAH,الشرق,AR-RAWDAH,Liter Station for Petroleum Services,تجاري,Petrol station,"24.89611937, 46.90753217"
AL-HAMRA,الشرق,AR-RAWDAH,Knooz Al Hamra Gas Station,تجاري,Gas station,"24.78820028, 46.76708596"
AL-HAMRA,الشرق,AR-RAWDAH,Al Atoz Gas Station,تجاري,Gas station,"24.77911589, 46.77034243"
AL-HAMRA,الشرق,AR-RAWDAH,Aldrees Gas Station,تجاري,Gas station,"24.77521056, 46.77352842"
AL-HAMRA,الشرق,AR-RAWDAH,Al Ghamdi Fuel Station,تجاري,Petrol station,"24.78004619, 46.77313077"
AL-HAMRA,الشرق,AR-RAWDAH,Abdullah Rajeh Al Shammari Station,تجاري,Gas station,"24.78262338, 46.75942669"
AL-HAMRA,الشرق,AR-RAWDAH,Aldrees Fuel Station,تجاري,Petrol station,"24.77958452, 46.7640033"
AL-HAMRA,الشرق,AR-RAWDAH,Al Hamra Gas Station,تجاري,Gas station,"24.76859224, 46.76019538"
AL-HAMRA,الشرق,AR-RAWDAH,Sahel Gas Station,تجاري,Gas station,"24.77040147, 46.75624986"
ISHBILIYAH,الشرق,AR-RAWDAH,Al Ghamdi Gas Station,تجاري,Gas station,"24.80364526, 46.80304995"
ISHBILIYAH,الشرق,AR-RAWDAH,Aldrees Gas Station,تجاري,Gas station,"24.79584926, 46.7975045"
ISHBILIYAH,الشرق,AR-RAWDAH,Zaiti Gas Station,تجاري,Gas station,"24.78899438, 46.77744663"
ISHBILIYAH,الشرق,AR-RAWDAH,Zaiti Gas Station,تجاري,Gas station,"24.79147774, 46.77529658"
ISHBILIYAH,الشرق,AR-RAWDAH,Ishbilyah Fuel Station,تجاري,Petrol station,"24.78938005, 46.78860162"
ISHBILIYAH,الشرق,AR-RAWDAH,Aldrees Gas Station,تجاري,Gas station,"24.79587004, 46.77856191"
ISHBILIYAH,الشرق,AR-RAWDAH,Sahel Gas Station,تجاري,Gas station,"24.77832957, 46.78011306"
AR-RAWDAH,الشرق,AR-RAWDAH,Al Atoz Gas Station,تجاري,Gas station,"24.72325124, 46.75908381"
AR-RAWDAH,الشرق,AR-RAWDAH,Sahel Gas Station,تجاري,Gas station,"24.73338687, 46.75300523"
AR-RAWDAH,الشرق,AR-RAWDAH,Aldrees Fuel Station,تجاري,Petrol station,"24.74963303, 46.77199754"
AR-RAWDAH,الشرق,AR-RAWDAH,Ar Rawdah Gas Station,تجاري,Gas station,"24.75023924, 46.76602784"
AR-RAWDAH,الشرق,AR-RAWDAH,Gasoline Station,تجاري,Gas station,"24.74248005, 46.75335196"
AR-RAWDAH,الشرق,AR-RAWDAH,Dana Petrol Station,تجاري,Petrol station,"24.74209986, 46.75739827"
AR-RAWDAH,الشرق,AR-RAWDAH,Ar Rawdah Petrol Station,تجاري,Petrol station,"24.73463022, 46.76368881"
AR-RAWDAH,الشرق,AR-RAWDAH,Sahel Fuel Station,تجاري,Petrol station,"24.72813829, 46.7685975"
AR-RAWDAH,الشرق,AR-RAWDAH,Sanaa Station for Petroluem Services,تجاري,Petrol station,"24.73644037, 46.77284186"
AR-RAWDAH,الشرق,AR-RAWDAH,Ar Rawdah Station for Petroleum Services,تجاري,Petrol station,"24.73407625, 46.77036514"
AR-RAWDAH,الشرق,AR-RAWDAH,Gadeer Tawers Petrol Station,تجاري,Petrol station,"24.73602028, 46.78218746"
AR-RAWDAH,الشرق,AR-RAWDAH,Al Atoz Fuel Station,تجاري,Petrol station,"24.72379506, 46.77179329"
AR-RAWDAH,الشرق,AR-RAWDAH,Sahel Gas Station,تجاري,Gas station,"24.71994536, 46.76934701"
AR-RAWDAH,الشرق,AR-RAWDAH,Hammood Saleh Fuel Station,تجاري,Petrol station,"24.72473643, 46.76006055"
AR-RAWDAH,الشرق,AR-RAWDAH,Nasser Al Jafen Station for Petroleum Services,تجاري,Petrol station,"24.73363399, 46.77495481"
AN-NAHDAH,الشرق,AR-RAWDAH,Zahrani Gas Station,تجاري,Gas station,"24.75227657, 46.8049779"
AN-NAHDAH,الشرق,AR-RAWDAH,An Nahdah Petrol Station,تجاري,Petrol station,"24.77856808, 46.82618834"
AN-NAHDAH,الشرق,AR-RAWDAH,Aldrees Gas Station,تجاري,Gas station,"24.75497345, 46.81606428"
AN-NAHDAH,الشرق,AR-RAWDAH,Aldrees Gas Station,تجاري,Gas station,"24.75909465, 46.80089377"
AN-NAHDAH,الشرق,AR-RAWDAH,Aldrees Gas Station,تجاري,Gas station,"24.7513192, 46.80233268"
AN-NAHDAH,الشرق,AR-RAWDAH,Sahel Petrol Station,تجاري,Petrol station,"24.76954048, 46.81148602"
AN-NAHDAH,الشرق,AR-RAWDAH,Al Obaid Gas Station,تجاري,Gas station,"24.75915965, 46.81378218"
AN-NAHDAH,الشرق,AR-RAWDAH,As Shamaliyat Gas Station,تجاري,Gas station,"24.75764249, 46.82795472"
AN-NAHDAH,الشرق,AR-RAWDAH,Sultan Ayed Al Harethi Gas Station,تجاري,Gas station,"24.76118532, 46.81119479"
AN-NAHDAH,الشرق,AR-RAWDAH,Zahrani Gas Station,تجاري,Gas station,"24.75529375, 46.80457678"
AN-NAHDAH,الشرق,AR-RAWDAH,Nasser Fahid Al Sahli Center,تجاري,Gas station,"24.76331061, 46.82295183"
AN-NAHDAH,الشرق,AR-RAWDAH,Sahel Petrol Station,تجاري,Petrol station,"24.76030874, 46.8342528"
AN-NAHDAH,الشرق,AR-RAWDAH,Sasco Petrol Station,تجاري,Petrol station,"24.75931184, 46.83218259"
AN-NAHDAH,الشرق,AR-RAWDAH,Fuel Line Station,تجاري,Petrol station,"24.76669756, 46.80832908"
AN-NAHDAH,الشرق,AR-RAWDAH,An Nahda Gas Station,تجاري,Gas station,"24.74978658, 46.80884801"
AN-NAHDAH,الشرق,AR-RAWDAH,Al Jerman Gas Station,تجاري,Gas station,"24.75430368, 46.80329218"
AN-NAHDAH,الشرق,AR-RAWDAH,Petro Iqbal Station,تجاري,Petrol station,"24.76884584, 46.83065054"
AN-NAHDAH,الشرق,AR-RAWDAH,Saudi Energy Station,تجاري,Gas station,"24.75333509, 46.79333496"
AN-NAHDAH,الشرق,AR-RAWDAH,Litre Gas Station,تجاري,Gas station,"24.75827049, 46.79353066"
AN-NAHDAH,الشرق,AR-RAWDAH,Aldrees Gas Station,تجاري,Gas station,"24.76273377, 46.80076718"
AN-NAHDAH,الشرق,AR-RAWDAH,South Harbor Station,تجاري,Gas station,"24.75907689, 46.8261357"
AL-ISKAN,الجنوب,AS-SULAI,Al Iskan Fuel Station,تجاري,Petrol station,"24.56819106, 46.83629093"
NEW INDUSTRIAL CITY,الجنوب,AS-SULAI,Al Jeri Fuel Station,تجاري,Petrol station,"24.54769451, 46.86810247"
NEW INDUSTRIAL CITY,الجنوب,AS-SULAI,Isnad Fuel Station in Second Industrial,تجاري,Petrol station,"24.56264572, 46.89603303"
AD-DAR AL- BAIDA,الجنوب,AL-AZIZIYAH,Zahrat Salem Gas Station,تجاري,Gas station,"24.55684637, 46.77389336"
AD-DAR AL- BAIDA,الجنوب,AL-AZIZIYAH,Buraiki Fuel Station,تجاري,Petrol station,"24.55527962, 46.77845019"
AD-DAR AL- BAIDA,الجنوب,AL-AZIZIYAH,Revara Gas Station,تجاري,Gas station,"24.55874451, 46.7698749"
AD-DAR AL- BAIDA,الجنوب,AL-AZIZIYAH,Al Nahdi Gas Station,تجاري,Gas station,"24.56174726, 46.75993691"
AD-DAR AL- BAIDA,الجنوب,AL-AZIZIYAH,Al Nahdi Gas Station,تجاري,Gas station,"24.5563061, 46.76152532"
AD-DAR AL- BAIDA,الجنوب,AL-AZIZIYAH,Budur Gas Station,تجاري,Gas station,"24.54803802, 46.76632344"
AD-DAR AL- BAIDA,الجنوب,AL-AZIZIYAH,Al Sa'ayri Gas Station,تجاري,Gas station,"24.57998481, 46.79714146"
AD-DAR AL- BAIDA,الجنوب,AL-AZIZIYAH,Aldrees Gas Station,تجاري,Gas station,"24.57320411, 46.78650731"
AD-DAR AL- BAIDA,الجنوب,AL-AZIZIYAH,Dana Gas Station,تجاري,Gas station,"24.57694189, 46.79078343"
AD-DAR AL- BAIDA,الجنوب,AL-AZIZIYAH,Abdullah Jaser Al Shahri Gas Station,تجاري,Gas station,"24.56942174, 46.78944927"
AD-DAR AL- BAIDA,الجنوب,AL-AZIZIYAH,Al Nahdi Complex for Petroleum Services,تجاري,Petrol station,"24.56812379, 46.8012149"
AD-DAR AL- BAIDA,الجنوب,AL-AZIZIYAH,Al Aziziyah Lights Gas Station,تجاري,Gas station,"24.5668263, 46.79994972"
AD-DAR AL- BAIDA,الجنوب,AL-AZIZIYAH,Durat Al Raid Fuel Station,تجاري,Petrol station,"24.56314962, 46.79216411"
AD-DAR AL- BAIDA,الجنوب,AL-AZIZIYAH,Light Oil Fuel Station,تجاري,Petrol station,"24.58461696, 46.80655705"
AD-DAR AL- BAIDA,الجنوب,AL-AZIZIYAH,Al Jazeera Arabs Gas Station,تجاري,Gas station,"24.57115811, 46.78644042"
AD-DAR AL- BAIDA,الجنوب,AL-AZIZIYAH,Rehab Castle Station,تجاري,Petrol station,"24.55862131, 46.78234258"
AD-DAR AL- BAIDA,الجنوب,AL-AZIZIYAH,AD Dar Al Baida Fuel Station,تجاري,Petrol station,"24.56341598, 46.77482681"
AD-DAR AL- BAIDA,الجنوب,AL-AZIZIYAH,Saudi Oil Station,تجاري,Petrol station,"24.55549048, 46.79500373"
AD-DAR AL- BAIDA,الجنوب,AL-AZIZIYAH,Abdullah Mohammad Al Maleki Gas Station,تجاري,Gas station,"24.56818055, 46.77324268"
AD-DAR AL- BAIDA,الجنوب,AL-AZIZIYAH,Ghotarat Banken Station for Petroleum Services,تجاري,Petrol station,"24.57372473, 46.78414212"
AD-DAR AL- BAIDA,الجنوب,AL-AZIZIYAH,Jam'an Fuel Station,تجاري,Petrol station,"24.55134404, 46.78165151"
BADER,الجنوب,ASH-SHIFA,Naft Aseel Oil Station,تجاري,Petrol station,"24.56008611, 46.71968846"
BADER,الجنوب,ASH-SHIFA,Bader Fuel Station,تجاري,Petrol station,"24.53806354, 46.7238255"
AL-MASANI,الجنوب,ASH-SHIFA,Al Masani' Petrol Station,تجاري,Petrol station,"24.55906274, 46.74703491"
BADER,الجنوب,ASH-SHIFA,Black Oil Station,تجاري,Petrol station,"24.56405408, 46.71775964"
BADER,الجنوب,ASH-SHIFA,Wasel Gas Station,تجاري,Gas station,"24.54094449, 46.72506671"
AL-MASANI,الجنوب,ASH-SHIFA,Al Masani' Gas Station,تجاري,Gas station,"24.5601847, 46.74124803"
BADER,الجنوب,ASH-SHIFA,Najahat Gas Station,تجاري,Gas station,"24.52222016, 46.68732202"
BADER,الجنوب,ASH-SHIFA,Aldrees Gas Station,تجاري,Gas station,"24.53210564, 46.70656221"
BADER,الجنوب,ASH-SHIFA,Aldrees Gas Station,تجاري,Gas station,"24.53669886, 46.69118571"
BADER,الجنوب,ASH-SHIFA,Bader Fuel Station,تجاري,Petrol station,"24.55289782, 46.72370953"
BADER,الجنوب,ASH-SHIFA,Sahel Al Tadamon Gas Station,تجاري,Gas station,"24.55013788, 46.72254757"
BADER,الجنوب,ASH-SHIFA,Aldrees Gas Station,تجاري,Gas station,"24.52567539, 46.70724898"
BADER,الجنوب,ASH-SHIFA,Wafi Energy Company,تجاري,Gas station,"24.53605037, 46.71100577"
BADER,الجنوب,ASH-SHIFA,Dana Petrol Station,تجاري,Petrol station,"24.55099303, 46.70342776"
BADER,الجنوب,ASH-SHIFA,Bader Petrol Station,تجاري,Petrol station,"24.54221103, 46.69610159"
BADER,الجنوب,ASH-SHIFA,Al Terhal Gas Station,تجاري,Gas station,"24.53338779, 46.69767121"
BADER,الجنوب,ASH-SHIFA,Reef Ash Shifa Gas Station,تجاري,Gas station,"24.53830278, 46.69054229"
BADER,الجنوب,ASH-SHIFA,Al Shamari Gas Station,تجاري,Gas station,"24.54104291, 46.69631588"
BADER,الجنوب,ASH-SHIFA,Bader Gas Station,تجاري,Gas station,"24.54338793, 46.69284271"
BADER,الجنوب,ASH-SHIFA,Al Saykhan Abandoned Gas Station,تجاري,Gas station,"24.55703589, 46.71289857"
BADER,الجنوب,ASH-SHIFA,Gold Wells Station,تجاري,Gas station,"24.54773899, 46.7096148"
BADER,الجنوب,ASH-SHIFA,Bader Gas Station,تجاري,Gas station,"24.54571468, 46.70657487"
WEST AL-ORAIJA,الغرب,AL-URAIJA,Sahel Petrol Station,تجاري,Petrol station,"24.60818209, 46.59761582"
WEST AL-ORAIJA,الغرب,AL-URAIJA,Anhar Taiba Gas Station,تجاري,Gas station,"24.59352405, 46.59825926"
WEST AL-ORAIJA,الغرب,AL-URAIJA,Fahed Sa'ud Al Mobaddel Petrol Station,تجاري,Petrol station,"24.6095289, 46.60679015"
WEST AL-ORAIJA,الغرب,AL-URAIJA,Al Watan Petrol Station,تجاري,Petrol station,"24.59457064, 46.59473327"
WEST AL-ORAIJA,الغرب,AL-URAIJA,Manaf Manayer Al Mutairi Fuel Station,تجاري,Petrol station,"24.59202164, 46.61188646"
WEST AL-ORAIJA,الغرب,AL-URAIJA,Al Otaibi Gas Station,تجاري,Gas station,"24.59738339, 46.60803498"
WEST AL-ORAIJA,الغرب,AL-URAIJA,West Al Oraija Gas Station,تجاري,Gas station,"24.59415823, 46.60414143"
WEST AL-ORAIJA,الغرب,AL-URAIJA,Jazeerat Al Rayan Company Gas Station,تجاري,Gas station,"24.59532132, 46.604621"
WEST AL-ORAIJA,الغرب,AL-URAIJA,Mohammad Ali Abed Al Ghani Gas Station,تجاري,Gas station,"24.59198761, 46.5968795"
WEST AL-ORAIJA,الغرب,AL-URAIJA,Eid Gas Station,تجاري,Gas station,"24.58902086, 46.60338714"
WEST AL-ORAIJA,الغرب,AL-URAIJA,Zaiti Gas Station,تجاري,Gas station,"24.58329268, 46.60131692"
WEST AL-ORAIJA,الغرب,AL-URAIJA,Al Thabeti Gas Station,تجاري,Gas station,"24.58666285, 46.60061042"
WEST AL-ORAIJA,الغرب,AL-URAIJA,Al Shalil Gas Station,تجاري,Gas station,"24.58027619, 46.60977533"
WEST AL-ORAIJA,الغرب,AL-URAIJA,Al Qahtani Gas Station,تجاري,Gas station,"24.58649856, 46.61131889"
MIDDLE AL-URAIJA,الغرب,AL-URAIJA,Dar Al Eiz Gas Station,تجاري,Gas station,"24.60425643, 46.61324749"
MIDDLE AL-URAIJA,الغرب,AL-URAIJA,Al Sahel Gas Station,تجاري,Gas station,"24.61703149, 46.63998384"
MIDDLE AL-URAIJA,الغرب,AL-URAIJA,Al Atoz Gas Station,تجاري,Gas station,"24.61430547, 46.63577396"
MIDDLE AL-URAIJA,الغرب,AL-URAIJA,Ghofran Gas Station,تجاري,Gas station,"24.61071375, 46.62990442"
MIDDLE AL-URAIJA,الغرب,AL-URAIJA,Middle Al Uraija Gas Station,تجاري,Gas station,"24.60859853, 46.62646311"
MIDDLE AL-URAIJA,الغرب,AL-URAIJA,Gas Station Center 2000,تجاري,Gas station,"24.60260891, 46.61650309"
MIDDLE AL-URAIJA,الغرب,AL-URAIJA,Al Say'ari Gas Station,تجاري,Gas station,"24.61659659, 46.65130325"
MIDDLE AL-URAIJA,الغرب,AL-URAIJA,Middle Al Uraija Gas Station,تجاري,Gas station,"24.61736117, 46.64414632"
MIDDLE AL-URAIJA,الغرب,AL-URAIJA,Al Arifi Gas Station,تجاري,Gas station,"24.61330509, 46.64750945"
MIDDLE AL-URAIJA,الغرب,AL-URAIJA,Al Ghamdi Gas Station,تجاري,Gas station,"24.60524333, 46.63320973"
MIDDLE AL-URAIJA,الغرب,AL-URAIJA,Middle Al Uraija Fuel Station,تجاري,Petrol station,"24.60840311, 46.63973413"
MIDDLE AL-URAIJA,الغرب,AL-URAIJA,Aldrees Gas Station,تجاري,Gas station,"24.5990628, 46.61692983"
MIDDLE AL-URAIJA,الغرب,AL-URAIJA,Aldrees Gas Station,تجاري,Gas station,"24.60253396, 46.62632966"
MIDDLE AL-URAIJA,الغرب,AL-URAIJA,Saudi Energy,تجاري,Gas station,"24.60105867, 46.62652661"
MIDDLE AL-URAIJA,الغرب,AL-URAIJA,New East Gas Station,تجاري,Gas station,"24.59706186, 46.62949872"
MIDDLE AL-URAIJA,الغرب,AL-URAIJA,Menhali Gas Station,تجاري,Gas station,"24.6012366, 46.63923359"
MIDDLE AL-URAIJA,الغرب,AL-URAIJA,Waleed Al Arab Fuel Station,تجاري,Petrol station,"24.61626212, 46.64970813"
AL-BADEAH,الوسط,ASH-SHOMAISI,Nobility Petrol Station,تجاري,Petrol station,"24.62489159, 46.67238565"
AL-URAIJA,الغرب,AL-URAIJA,Rajwa Company Gas Station,تجاري,Gas station,"24.62692257, 46.66473118"
AZ-ZAHRA,الغرب,AL-URAIJA,Al Fuzan Gas Station,تجاري,Gas station,"24.58750472, 46.64266801"
AZ-ZAHRA,الغرب,AL-URAIJA,Aldrees Gas Station,تجاري,Gas station,"24.58278111, 46.63482477"
AZ-ZAHRA,الغرب,AL-URAIJA,Aldrees Gas Station,تجاري,Gas station,"24.58740332, 46.65293372"
AZ-ZAHRA,الغرب,AL-URAIJA,Al Shuja' Gas Station,تجاري,Gas station,"24.57186628, 46.63701391"
AZ-ZAHRA,الغرب,AL-URAIJA,Az Zahra Oil Station,تجاري,Petrol station,"24.57021857, 46.63932829"
AZ-ZAHRA,الغرب,AL-URAIJA,Az Zahra Oil Station,تجاري,Petrol station,"24.57212201, 46.64185341"
AZ-ZAHRA,الغرب,AL-URAIJA,Golden Fuel Station,تجاري,Petrol station,"24.57603925, 46.65015262"
AZ-ZAHRA,الغرب,AL-URAIJA,Al Shamlan Gas Station,تجاري,Gas station,"24.57862567, 46.63212192"
AZ-ZAHRA,الغرب,AL-URAIJA,Az Zahra Gas Station,تجاري,Gas station,"24.5721899, 46.65300721"
AZ-ZAHRA,الغرب,AL-URAIJA,Aldrees Gas Station,تجاري,Gas station,"24.57129015, 46.64247628"
AZ-ZAHRA,الغرب,AL-URAIJA,Qubul Gas Station,تجاري,Gas station,"24.58082028, 46.65779914"
TWAEEQ,الغرب,NAMAR,Nasser Fuel Station,تجاري,Petrol station,"24.56784843, 46.55573932"
TWAEEQ,الغرب,NAMAR,Al Ubathani Fuel Station,تجاري,Petrol station,"24.56630503, 46.56470477"
TWAEEQ,الغرب,NAMAR,Mohammad Abdullah Gas Station,تجاري,Gas station,"24.585867, 46.55001769"
TWAEEQ,الغرب,NAMAR,Aldrees Fuel Station,تجاري,Petrol station,"24.59343902, 46.54741557"
TWAEEQ,الغرب,NAMAR,Sawahel Najd Fuel Station,تجاري,Petrol station,"24.57358781, 46.55263264"
TWAEEQ,الغرب,NAMAR,Abdulaziz Tali Al Mutawwe' Fuel Station,تجاري,Petrol station,"24.59102954, 46.57627235"
TWAEEQ,الغرب,NAMAR,Al Ghamdi Gas Station,تجاري,Gas station,"24.57983084, 46.58945108"
TWAEEQ,الغرب,NAMAR,Farhan Petro Station,تجاري,Gas station,"24.57341859, 46.57901893"
TWAEEQ,الغرب,NAMAR,Kamih Asal Huneif Al Qahtani Petrol Station,تجاري,Petrol station,"24.57848944, 46.56423546"
TWAEEQ,الغرب,NAMAR,Al Qahtani Gas Station,تجاري,Gas station,"24.58618045, 46.55496165"
TWAEEQ,الغرب,NAMAR,Aldrees Fuel Station,تجاري,Petrol station,"24.58571043, 46.56098797"
TWAEEQ,الغرب,NAMAR,Al Khuneiver Petrol Station,تجاري,Petrol station,"24.5853963, 46.56473483"
TWAEEQ,الغرب,NAMAR,Hassan Amer Al Ajami Gas Station,تجاري,Gas station,"24.5888047, 46.58321257"
TWAEEQ,الغرب,NAMAR,Saleh Yaslem Al Khayr in Al Obaid Fuel Station,تجاري,Petrol station,"24.59045296, 46.57332459"
TWAEEQ,الغرب,NAMAR,Sahel Gas Station,تجاري,Gas station,"24.58435612, 46.57740586"
TWAEEQ,الغرب,NAMAR,Al Sebai'ee Petrol Station,تجاري,Petrol station,"24.5861522, 46.54627903"
TWAEEQ,الغرب,NAMAR,Al Ghamdi Gas Station 2,تجاري,Gas station,"24.58052958, 46.54448264"
TWAEEQ,الغرب,NAMAR,Twaeq Gas Station,تجاري,Gas station,"24.58104347, 46.53836613"
TWAEEQ,الغرب,NAMAR,Rabih Balhabak Gas Station,تجاري,Gas station,"24.57989207, 46.55428343"
TWAEEQ,الغرب,NAMAR,Twaeq Gas Station,تجاري,Gas station,"24.57922276, 46.56296333"
TWAEEQ,الغرب,NAMAR,Masayef Petrol Station,تجاري,Petrol station,"24.58457637, 46.56722175"
TWAEEQ,الغرب,NAMAR,Sahel Fuel Station,تجاري,Petrol station,"24.5799246, 46.54447707"
TWAEEQ,الغرب,NAMAR,Petro Jadaf Gas Station,تجاري,Gas station,"24.5788664, 46.56669331"
TWAEEQ,الغرب,NAMAR,Falcon Station for Petroleum Services,تجاري,Petrol station,"24.58033183, 46.53928915"
TWAEEQ,الغرب,NAMAR,Aldrees Fuel Station,تجاري,Petrol station,"24.57903304, 46.55601115"
TWAEEQ,الغرب,NAMAR,As Suhaimi Petrol Station,تجاري,Petrol station,"24.59293558, 46.553289"
TWAEEQ,الغرب,NAMAR,Al Haddadi Gas Station,تجاري,Gas station,"24.58032583, 46.54751044"
TWAEEQ,الغرب,NAMAR,Al Omairi Gas Station,تجاري,Gas station,"24.58409877, 46.57274796"
TWAEEQ,الغرب,NAMAR,Al Akhawan Petrol Station,تجاري,Petrol station,"24.59329936, 46.57994441"
TWAEEQ,الغرب,NAMAR,Al Ghamdi Gas Station,تجاري,Gas station,"24.58383893, 46.58360162"
TWAEEQ,الغرب,NAMAR,Sobh Al Khaleej Fuel Station,تجاري,Petrol station,"24.57805372, 46.57856776"
TWAEEQ,الغرب,NAMAR,Atayeb Dunya Fuel Station,تجاري,Petrol station,"24.55303437, 46.49858951"
TWAEEQ,الغرب,NAMAR,ENOC Fuel Station,تجاري,Petrol station,"24.55423729, 46.51373116"
TWAEEQ,الغرب,NAMAR,Thabat Gas Station,تجاري,Gas station,"24.55621728, 46.52736157"
TWAEEQ,الغرب,NAMAR,Aldrees Fuel Station,تجاري,Petrol station,"24.56096847, 46.54036908"
TWAEEQ,الغرب,NAMAR,Al Ghamdi Gas Station,تجاري,Gas station,"24.55472172, 46.5489056"
TWAEEQ,الغرب,NAMAR,My Car Supplies Fuel Station,تجاري,Petrol station,"24.55886641, 46.54500754"
TWAEEQ,الغرب,NAMAR,Al Omari Fuel Station,تجاري,Petrol station,"24.55403474, 46.55800584"
TWAEEQ,الغرب,NAMAR,Masha'el Abdullah Al Sahli Fuel Station,تجاري,Petrol station,"24.55251312, 46.5650219"
TWAEEQ,الغرب,NAMAR,Tabuk Fuel Station,تجاري,Petrol station,"24.55885151, 46.57504306"
TWAEEQ,الغرب,NAMAR,Al Tamayyoz Quick Gas Station,تجاري,Gas station,"24.57050598, 46.54521279"
TWAEEQ,الغرب,NAMAR,Twaeq Gas Station,تجاري,Gas station,"24.57350663, 46.54147413"
TWAEEQ,الغرب,NAMAR,Hasan Sayyadi Gas Station,تجاري,Gas station,"24.56247823, 46.55453784"
TWAEEQ,الغرب,NAMAR,Saleh Al Omari Gas Station,تجاري,Gas station,"24.56084881, 46.55206192"
TWAEEQ,الغرب,NAMAR,Al Ghamdi Fuel Station,تجاري,Petrol station,"24.56278414, 46.52620727"
AL-Awaly,الغرب,NAMAR,Al Awaly Oil Station,تجاري,Petrol station,"24.56492935, 46.62526904"
AL-Awaly,الغرب,NAMAR,Galaxy Petrol Station,تجاري,Petrol station,"24.55266651, 46.61958339"
AL-Awaly,الغرب,NAMAR,Lama'at Namar Gas Station,تجاري,Gas station,"24.55271453, 46.6330562"
AL-Awaly,الغرب,NAMAR,Al Awali Gas Station,تجاري,Gas station,"24.55170842, 46.62206733"
AL-Awaly,الغرب,NAMAR,Al Halem Gas Station,تجاري,Gas station,"24.5517923, 46.62887106"
AL-Awaly,الغرب,NAMAR,Jawaher Petrol Station,تجاري,Petrol station,"24.56055224, 46.58954365"
AL-Awaly,الغرب,NAMAR,Al Awaly Fuel Station,تجاري,Petrol station,"24.56466043, 46.60167293"
AL-Awaly,الغرب,NAMAR,Al Baze'i Gas Station,تجاري,Gas station,"24.5526281, 46.62622607"
AL-Awaly,الغرب,NAMAR,Taybah Petrol Station,تجاري,Petrol station,"24.55843954, 46.61801026"
AL-Awaly,الغرب,NAMAR,Al Awaly Fuel Station,تجاري,Petrol station,"24.55284779, 46.63861707"
AL-Awaly,الغرب,NAMAR,Fayez Al Maliki Gas Station,تجاري,Gas station,"24.55232006, 46.60512517"
AL-Awaly,الغرب,NAMAR,Samnan for Petroleum Services,تجاري,Petrol station,"24.56903359, 46.61664696"
DIRAB,الغرب,NAMAR,Al Ghamdi Gas Station,تجاري,Gas station,"24.4847572, 46.62073168"
DIRAB,الغرب,NAMAR,Al Jam'an Gas Station,تجاري,Gas station,"24.4958394, 46.62792278"
DIRAB,الغرب,NAMAR,Al Qahtani Gas Station,تجاري,Gas station,"24.49986328, 46.63046814"
DAHRAT LABAN,الغرب,IRQAH,Thabat Gas Station,تجاري,Gas station,"24.63572097, 46.55772143"
DAHRAT LABAN,الغرب,IRQAH,Mshwar Al Yusur Petrol Station,تجاري,Petrol station,"24.62385766, 46.5268249"
DAHRAT LABAN,الغرب,IRQAH,Mohammad Jam'an Al Ghamedi Gas Station,تجاري,Gas station,"24.63634154, 46.56385188"
DAHRAT LABAN,الغرب,IRQAH,Haya Abdullah Saad Al Zeer Gas Station,تجاري,Gas station,"24.64482674, 46.54758052"
DAHRAT LABAN,الغرب,IRQAH,Saleh Hussein Al Zarwi Gas Station,تجاري,Gas station,"24.62159466, 46.52313321"
DAHRAT LABAN,الغرب,IRQAH,Sa'ud Station for Petroleum Services,تجاري,Petrol station,"24.62738297, 46.5397216"
DAHRAT LABAN,الغرب,IRQAH,Belhbak Gas Station,تجاري,Gas station,"24.62523763, 46.51682619"
DAHRAT LABAN,الغرب,IRQAH,Thabat Gas Station,تجاري,Gas station,"24.63406604, 46.54443673"
DAHRAT LABAN,الغرب,IRQAH,Jawaher Petrol Station,تجاري,Petrol station,"24.60706294, 46.51180599"
DAHRAT LABAN,الغرب,IRQAH,Planet Al Jazeera Petrol Station,تجاري,Petrol station,"24.61760017, 46.51820683"
DAHRAT LABAN,الغرب,IRQAH,Farhan Bin Mohammad Gas Station,تجاري,Gas station,"24.63772801, 46.54887613"
DAHRAT LABAN,الغرب,IRQAH,Dahrat Laban Petrol Station,تجاري,Petrol station,"24.62327421, 46.52724384"
DAHRAT LABAN,الغرب,IRQAH,Kassab Gas Station,تجاري,Gas station,"24.65063452, 46.55985882"
DAHRAT LABAN,الغرب,IRQAH,Horizons Gas Station,تجاري,Gas station,"24.6404354, 46.56681241"
DAHRAT LABAN,الغرب,IRQAH,Abr Al Seneen Gas Station,تجاري,Gas station,"24.61486168, 46.50177114"
DAHRAT LABAN,الغرب,IRQAH,Zain Gas Station,تجاري,Gas station,"24.63993654, 46.56119007"
DAHRAT LABAN,الغرب,IRQAH,Sanya Petrol Station,تجاري,Petrol station,"24.60997769, 46.48976197"
DAHRAT LABAN,الغرب,IRQAH,Iqbal Gas Station,تجاري,Gas station,"24.6329158, 46.56372177"
DAHRAT LABAN,الغرب,IRQAH,Belhbak Gas Station,تجاري,Gas station,"24.63637488, 46.53415045"
DAHRAT LABAN,الغرب,IRQAH,Belhabak for Petroleum Services,تجاري,Petrol station,"24.6276343, 46.55888216"
DAHRAT LABAN,الغرب,IRQAH,Saleh Hamdan Saleh Al Omari Gas Station,تجاري,Gas station,"24.62979218, 46.53622228"
DAHRAT LABAN,الغرب,IRQAH,National Treasures Gas Station,تجاري,Gas station,"24.65300224, 46.59348155"
DAHRAT LABAN,الغرب,IRQAH,Bader Fallah Mohammad Al Zamel Gas Station,تجاري,Gas station,"24.62256747, 46.53815687"
DAHRAT LABAN,الغرب,IRQAH,Aldrees Gas Station,تجاري,Gas station,"24.65324462, 46.58058479"
DAHRAT LABAN,الغرب,IRQAH,Al Thiabi Gas Station,تجاري,Gas station,"24.61480056, 46.49992976"
DAHRAT LABAN,الغرب,IRQAH,Black Oil Station,تجاري,Petrol station,"24.64926536, 46.55857077"
DAHRAT LABAN,الغرب,IRQAH,Al Zeer Petrol Station,تجاري,Petrol station,"24.64121479, 46.55644174"
DAHRAT LABAN,الغرب,IRQAH,Al Ghamedi Fuel Station,تجاري,Petrol station,"24.63880775, 46.54020375"
DAHRAT LABAN,الغرب,IRQAH,Lamsat Retage Gas Station,تجاري,Gas station,"24.65325651, 46.57355694"
DAHRAT LABAN,الغرب,IRQAH,Al Sebai'ee Gas Station,تجاري,Gas station,"24.61772465, 46.52904666"
DAHRAT LABAN,الغرب,IRQAH,Al Mouhaimadi Gas Station,تجاري,Gas station,"24.62656975, 46.52045675"
DAHRAT LABAN,الغرب,IRQAH,Naba' Khurais Gas Station,تجاري,Gas station,"24.63472495, 46.53814838"
DAHRAT LABAN,الغرب,IRQAH,Al Ghamedi Gas Station,تجاري,Gas station,"24.63102904, 46.55301963"
DAHRAT LABAN,الغرب,IRQAH,Ibrahim Sulaiman Abdullah Al Arini Gas Station,تجاري,Gas station,"24.62839358, 46.56711744"
DAHRAT LABAN,الغرب,IRQAH,Sahara Gas Station,تجاري,Gas station,"24.65426262, 46.57866882"
DAHRAT LABAN,الغرب,IRQAH,Petro Shed Al Rahhal Station,تجاري,Petrol station,"24.62844992, 46.52806428"
DAHRAT LABAN,الغرب,IRQAH,Al Zeer Station for Petroleum Services,تجاري,Petrol station,"24.64090012, 46.54151892"
DAHRAT LABAN,الغرب,IRQAH,Al Sebai'ee Gas Station,تجاري,Gas station,"24.63081594, 46.54990326"
DAHRAT LABAN,الغرب,IRQAH,Petro Sama Station,تجاري,Petrol station,"24.63141896, 46.52817018"
DAHRAT LABAN,الغرب,IRQAH,Al Hamdani Gas Station,تجاري,Gas station,"24.63318751, 46.5674713"
DAHRAT LABAN,الغرب,IRQAH,Al Ghamdi Gas Station,تجاري,Gas station,"24.62669368, 46.53269086"
DAHRAT-AL-ODAH-SHARQ-AD DIRIYAH,الدرعية,AD-DIRAYAH,Al Say'ari Gas Station,تجاري,Gas station,"24.75553948, 46.55113799"
DAHRAT-AL-ODAH-SHARQ-AD DIRIYAH,الدرعية,AD-DIRAYAH,Ad Diriyah Petrol Station,تجاري,Petrol station,"24.748563, 46.53633193"
AL-ASEMAH-AD DIRIYAH,الدرعية,AD-DIRAYAH,Al Juaidi Gas Station,تجاري,Gas station,"24.76455097, 46.57632109"
AL-FAISALIYAH-AD DIRIYAH,الدرعية,AD-DIRAYAH,Jamaan Hamed Jamaan Al Ghamedi Gas Station,تجاري,Gas station,"24.75167804, 46.58185996"
AL-FAISALIYAH-AD DIRIYAH,الدرعية,AD-DIRAYAH,Aldrees Gas Station,تجاري,Gas station,"24.7455328, 46.58011614"
Al Ola,الشرق,AR-RAWDAH,Al Tamyeez Petro Station,تجاري,Petrol station,"25.01971122, 47.17919052"
Al Mashriq,الشرق,AR-RAWDAH,Sahari Gas Station,تجاري,Gas station,"25.01263843, 47.02516809"
Al Mashriq,الشرق,AR-RAWDAH,Al Wurud Petro Station,تجاري,Petrol station,"25.00098625, 47.02582402"
AL-AZIZIYAH,الجنوب,AL-AZIZIYAH,Al Say'ari Gas Station,تجاري,Gas station,"24.595546, 46.75393295"
AL-AZIZIYAH,الجنوب,AL-AZIZIYAH,Aldrees Gas Station,تجاري,Gas station,"24.5832041, 46.75298854"
AL-AZIZIYAH,الجنوب,AL-AZIZIYAH,Riyadh Housing Gas Station,تجاري,Gas station,"24.57805421, 46.76578498"
AL-AZIZIYAH,الجنوب,AL-AZIZIYAH,Asaleeb Al Salam Gas Station,تجاري,Gas station,"24.57901664, 46.7489771"
AL-AZIZIYAH,الجنوب,AL-AZIZIYAH,Saleh Al Say'ari Gas Station,تجاري,Gas station,"24.57100185, 46.7707482"
AL-AZIZIYAH,الجنوب,AL-AZIZIYAH,Al Msanada World Fuel Station,تجاري,Petrol station,"24.59291547, 46.74989289"
AL-AZIZIYAH,الجنوب,AL-AZIZIYAH,Al Mahdi Fuel Station,تجاري,Petrol station,"24.58598201, 46.76090171"
AL-AZIZIYAH,الجنوب,AL-AZIZIYAH,Sahel Fuel Station,تجاري,Petrol station,"24.59783492, 46.75494766"
AL-AZIZIYAH,الجنوب,AL-AZIZIYAH,Al Aziziyah Fuel Station,تجاري,Petrol station,"24.57225657, 46.77881804"
AL-AZIZIYAH,الجنوب,AL-AZIZIYAH,Al Hamedi Petrol Station,تجاري,Petrol station,"24.58599869, 46.75630004"
AL-AZIZIYAH,الجنوب,AL-AZIZIYAH,Aldrees Gas Station,تجاري,Gas station,"24.59118529, 46.75824567"
AL-AZIZIYAH,الجنوب,AL-AZIZIYAH,Al Say'ari Gas Station,تجاري,Gas station,"24.57009, 46.7535644"
AL-AZIZIYAH,الجنوب,AL-AZIZIYAH,Badriya Aidarus Al Bar Gas Station,تجاري,Gas station,"24.56891148, 46.76410998"
AL-AZIZIYAH,الجنوب,AL-AZIZIYAH,Dyar International Gas Station,تجاري,Gas station,"24.57638416, 46.76757505"
AL-AZIZIYAH,الجنوب,AL-AZIZIYAH,Hala Gas Station,تجاري,Gas station,"24.60074578, 46.75045354"
AL-AZIZIYAH,الجنوب,AL-AZIZIYAH,Dar Al Tamyoz for Petroleum Services,تجاري,Petrol station,"24.59702619, 46.781649"
AL-AZIZIYAH,الجنوب,AL-AZIZIYAH,Khaled Al Muhawwes Fuel Station,تجاري,Petrol station,"24.58849627, 46.74246708"
AL-AZIZIYAH,الجنوب,AL-AZIZIYAH,Dar Al Tamyoz for Petroleum Services,تجاري,Petrol station,"24.59053928, 46.76956162"
AL-AZIZIYAH,الجنوب,AL-AZIZIYAH,Petromin Gas Station,تجاري,Gas station,"24.58318303, 46.77990763"
AL-AZIZIYAH,الجنوب,AL-AZIZIYAH,Sahel Gas Station,تجاري,Gas station,"24.59185315, 46.77506678"
AL-AZIZIYAH,الجنوب,AL-AZIZIYAH,Saudi Energy Station,تجاري,Gas station,"24.58937276, 46.76722221"
AL-AZIZIYAH,الجنوب,AL-AZIZIYAH,Rubu' Al Jabalayn Fuel Station,تجاري,Petrol station,"24.59630067, 46.79398558"
AL-AZIZIYAH,الجنوب,AL-AZIZIYAH,Aldrees Gas Station,تجاري,Gas station,"24.56207211, 46.75799533"
AL-AZIZIYAH,الجنوب,AL-AZIZIYAH,Al Say'ari Fuel Station,تجاري,Petrol station,"24.60694489, 46.77385183"
AL-AZIZIYAH,الجنوب,AL-AZIZIYAH,Al Say'ari Fuel Station,تجاري,Petrol station,"24.57887823, 46.7924018"
AL-AZIZIYAH,الجنوب,AL-AZIZIYAH,Al Su'rani Station for Petroleum Services,تجاري,Petrol station,"24.58603228, 46.78586395"
AL-AZIZIYAH,الجنوب,AL-AZIZIYAH,Aziz Bin Awwad Al Zayabi Gas Station,تجاري,Gas station,"24.58747503, 46.78262751"
AL-AZIZIYAH,الجنوب,AL-AZIZIYAH,Saudi Energy Station,تجاري,Gas station,"24.5894314, 46.76469094"
AL-AZIZIYAH,الجنوب,AL-AZIZIYAH,Al Nahdi Gas Station,تجاري,Gas station,"24.59965724, 46.75503554"
AL-AZIZIYAH,الجنوب,AL-AZIZIYAH,Ali Ahmad Al Mahri Gas Station,تجاري,Gas station,"24.59364009, 46.76458737"
AL-AZIZIYAH,الجنوب,AL-AZIZIYAH,Al jebreen Gas Station,تجاري,Gas station,"24.60174407, 46.76311824"
AL-AZIZIYAH,الجنوب,AL-AZIZIYAH,Aldrees Gas Station,تجاري,Gas station,"24.58950374, 46.76015522"
AL-AZIZIYAH,الجنوب,AL-AZIZIYAH,Aed Gas Station,تجاري,Gas station,"24.59188428, 46.7702759"
AL-AZIZIYAH,الجنوب,AL-AZIZIYAH,Al Smail Complex and Station,تجاري,Petrol station,"24.58204216, 46.76469676"
AS-SUWAIDI AL-GHARBI,الغرب,AL-URAIJA,Sahel Gas Station,تجاري,Gas station,"24.57945727, 46.61358116"
AS-SUWAIDI AL-GHARBI,الغرب,AL-URAIJA,As Suwaidi Al Gharbi Fuel Station,تجاري,Petrol station,"24.56482785, 46.62871662"
AS-SUWAIDI AL-GHARBI,الغرب,AL-URAIJA,Aldrees Gas Station,تجاري,Gas station,"24.57251464, 46.62136881"
AS-SUWAIDI AL-GHARBI,الغرب,AL-URAIJA,Al Jam'an Gas Station,تجاري,Gas station,"24.58189592, 46.62844184"
AS-SUWAIDI AL-GHARBI,الغرب,AL-URAIJA,Oil Wells Station,تجاري,Petrol station,"24.57742419, 46.60692203"
AS-SUWAIDI AL-GHARBI,الغرب,AL-URAIJA,Eid Aed Al Qahtani Gas Station,تجاري,Gas station,"24.58057819, 46.61207567"
AS-SUWAIDI AL-GHARBI,الغرب,AL-URAIJA,West Circle Gas Station,تجاري,Gas station,"24.57190974, 46.61319666"
AS-SUWAIDI AL-GHARBI,الغرب,AL-URAIJA,Abdulaziz Gas Station,تجاري,Gas station,"24.58412206, 46.62144877"
AS-SUWAIDI AL-GHARBI,الغرب,AL-URAIJA,Petromin Gas Station,تجاري,Gas station,"24.58558543, 46.62004956"
AS-SUWAIDI,الغرب,AL-URAIJA,As Suwaidi Gas Station,تجاري,Gas station,"24.5843571, 46.66233681"
AS-SUWAIDI,الغرب,AL-URAIJA,Tas'helat Gas Station,تجاري,Gas station,"24.59410481, 46.67813473"
AS-SUWAIDI,الغرب,AL-URAIJA,Gold Wells Station,تجاري,Gas station,"24.59611065, 46.67240979"
AS-SUWAIDI,الغرب,AL-URAIJA,As Suwaidi Fuel Station,تجاري,Petrol station,"24.59614376, 46.68260109"
AS-SUWAIDI,الغرب,AL-URAIJA,Aali Gas Station,تجاري,Gas station,"24.59337449, 46.68208817"
AS-SUWAIDI,الغرب,AL-URAIJA,Al Ghamdi Gas Station,تجاري,Gas station,"24.59432817, 46.66935065"
AS-SUWAIDI,الغرب,AL-URAIJA,Al Khuneifer Gas Station,تجاري,Gas station,"24.58573043, 46.66580054"
AS-SUWAIDI,الغرب,AL-URAIJA,Sasco Gas Station,تجاري,Gas station,"24.57742691, 46.66131394"
AS-SUWAIDI,الغرب,AL-URAIJA,Saudi Energy Station,تجاري,Gas station,"24.57971476, 46.66484307"
AS-SUWAIDI,الغرب,AL-URAIJA,Sahel Gas Station,تجاري,Gas station,"24.60342251, 46.70397774"
AS-SUWAIDI,الغرب,AL-URAIJA,As Suwaidi Gas Station,تجاري,Gas station,"24.58764448, 46.66762359"
TAYBAH,الجنوب,AL-AZIZIYAH,Zaiti Gas Station,تجاري,Gas station,"24.56733305, 46.83530511"
TAYBAH,الجنوب,AL-AZIZIYAH,Aldrees Gas Station,تجاري,Gas station,"24.56370176, 46.84076408"
AL-MISFAH,الجنوب,AL-AZIZIYAH,Sunbula Gas Station,تجاري,Gas station,"24.54568622, 46.86908027"
AL-HAIER,الجنوب,AL-HAIER,Al Fallah Gas Station,تجاري,Gas station,"24.41161394, 46.83767965"
AL-MISFAH,الجنوب,AL-AZIZIYAH,Sahel Gas Station,تجاري,Gas station,"24.46034274, 46.98058654"
AL-HAIER,الجنوب,AL-HAIER,Najd Complex Gas Station,تجاري,Gas station,"24.40405758, 46.83702731"
SULTANAH,الغرب,AL-URAIJA,Budoor Al Khaleej Gas Station,تجاري,Gas station,"24.60801965, 46.69044373"
SULTANAH,الغرب,AL-URAIJA,SASCO Gas Station,تجاري,Gas station,"24.60118513, 46.69611541"
SULTANAH,الغرب,AL-URAIJA,Al Olyan Gas Station,تجاري,Gas station,"24.60362926, 46.69371361"
SULTANAH,الغرب,AL-URAIJA,Sahel Gas Station,تجاري,Gas station,"24.59957397, 46.6786628"
OKAZ,الجنوب,ASH-SHIFA,Wahej Gas Station,تجاري,Gas station,"24.53125085, 46.66665272"
OKAZ,الجنوب,ASH-SHIFA,Abed Al Rahman Hamad Al D'ailej Fuel Station,تجاري,Petrol station,"24.52703396, 46.66910136"
OKAZ,الجنوب,ASH-SHIFA,Okaz Gas Station,تجاري,Gas station,"24.51849685, 46.66902135"
OKAZ,الجنوب,ASH-SHIFA,Asia Petrol Station,تجاري,Petrol station,"24.51755733, 46.65788882"
OKAZ,الجنوب,ASH-SHIFA,Charity Station,تجاري,Gas station,"24.53447657, 46.65729935"
OKAZ,الجنوب,ASH-SHIFA,Saleh Hamdan Al Omari Petrol Station,تجاري,Petrol station,"24.52782451, 46.65879366"
OHOD,الجنوب,ASH-SHIFA,Tamahal Petrol Station,تجاري,Petrol station,"24.49259229, 46.64009984"
OHOD,الجنوب,ASH-SHIFA,Aldrees Petrol Station,تجاري,Petrol station,"24.48544973, 46.62313523"
AD-DURAIHEMIYAH,الغرب,AL-URAIJA,Ad Duraihemiyah Oil Station,تجاري,Petrol station,"24.58590287, 46.69191256"
AD-DURAIHEMIYAH,الغرب,AL-URAIJA,Ad Duraihemiyah Fuel Station,تجاري,Petrol station,"24.58444185, 46.68885072"
AD-DURAIHEMIYAH,الغرب,AL-URAIJA,Gold Wells Gas Station for Cars Services,تجاري,Petrol station,"24.59277524, 46.70255729"
DAHIAT NAMAR,الغرب,NAMAR,Housing Guard Gas Station,تجاري,Gas station,"24.47376635, 46.60421872"
DAHIAT NAMAR,الغرب,NAMAR,Petro kin Gas Station 3,تجاري,Gas station,"24.46485729, 46.60954416"
DAHIAT NAMAR,الغرب,NAMAR,Nashet Gas Station,تجاري,Gas station,"24.48534984, 46.54160894"
DAHIAT NAMAR,الغرب,NAMAR,Dahiat Namar Gas Station,تجاري,Gas station,"24.49802431, 46.50595909"
AL-HAZM,الغرب,NAMAR,Aqla Gas Station,تجاري,Gas station,"24.54412872, 46.64718385"
AL-HAZM,الغرب,NAMAR,Sulaiman Faleh Al Anzi Gas Station,تجاري,Gas station,"24.52482543, 46.63984278"
AL-HAZM,الغرب,NAMAR,Aldrees Gas Station,تجاري,Gas station,"24.5235868, 46.64779787"
NAMAR,الغرب,NAMAR,Jawaher Petrol Station,تجاري,Petrol station,"24.57001512, 46.66925998"
WEST AL-ORAIJA,الغرب,NAMAR,Al Qahtani Gas Station,تجاري,Gas station,"24.58748325, 46.58959314"
WEST AL-ORAIJA,الغرب,NAMAR,South Square Fuel Station,تجاري,Petrol station,"24.59629441, 46.58631255"
WEST AL-ORAIJA,الغرب,NAMAR,Sahel Fuel Station,تجاري,Petrol station,"24.59805881, 46.59084862"
WEST AL-ORAIJA,الغرب,NAMAR,Abdullah Al Shahi Gas Station,تجاري,Gas station,"24.58757829, 46.58517994"
WEST AL-ORAIJA,الغرب,NAMAR,Gold Wells Gas Station for Cars Services,تجاري,Petrol station,"24.58994365, 46.5925374"
WEST AL-ORAIJA,الغرب,NAMAR,South Port Station for Petroleum Services,تجاري,Petrol station,"24.58248526, 46.5999224"
WEST AL-ORAIJA,الغرب,NAMAR,Lamsat Retage Fuel Station,تجاري,Petrol station,"24.57538199, 46.60178056"
WEST AL-ORAIJA,الغرب,NAMAR,Al Khalediya Fuel Station,تجاري,Petrol station,"24.58230207, 46.59390892"
WEST AL-ORAIJA,الغرب,NAMAR,Liter Trading Company Station,تجاري,Gas station,"24.58469964, 46.59810536"
WEST AL-ORAIJA,الغرب,NAMAR,West Al Oraija Petrol Station,تجاري,Petrol station,"24.57561941, 46.59390638"
IRQAH,الغرب,IRQAH,Sahel Gas Station,تجاري,Gas station,"24.68978421, 46.59418239"
AL-MAHDIYAH,الغرب,IRQAH,Al Mahdiyah Petrol Station,تجاري,Petrol station,"24.6493652, 46.50323187"
NAMAR,الغرب,NAMAR,Aldrees Gas Station,تجاري,Gas station,"24.57739611, 46.69217638"
NAMAR,الغرب,NAMAR,Al Tayseer Gas Station,تجاري,Gas station,"24.58408484, 46.69072147"
NAMAR,الغرب,NAMAR,Aldrees Gas Station,تجاري,Gas station,"24.57569951, 46.69587055"
NAMAR,الغرب,NAMAR,Sahel Gas Station,تجاري,Gas station,"24.57866708, 46.70026711"
NAMAR,الغرب,NAMAR,Sahel Gas Station,تجاري,Gas station,"24.57024931, 46.68953327"
ASH-SHIFA,الجنوب,ASH-SHIFA,Ash Shifa Fuel Station,تجاري,Petrol station,"24.57189876, 46.69332244"
ASH-SHIFA,الجنوب,ASH-SHIFA,Abdullah Salem Al Say'ari Gas Station,تجاري,Gas station,"24.55564659, 46.68274488"
ASH-SHIFA,الجنوب,ASH-SHIFA,Aldrees Gas Station,تجاري,Gas station,"24.54607272, 46.69367138"
ASH-SHIFA,الجنوب,ASH-SHIFA,AC Delco Gas Station,تجاري,Gas station,"24.57792407, 46.70107045"
ASH-SHIFA,الجنوب,ASH-SHIFA,Khamis Al Munaijer Gas Station,تجاري,Gas station,"24.56068905, 46.7021528"
ASH-SHIFA,الجنوب,ASH-SHIFA,Aldrees Gas Station,تجاري,Gas station,"24.56244849, 46.70602124"
ASH-SHIFA,الجنوب,ASH-SHIFA,Diamond Engineering Gas station,تجاري,Gas station,"24.5689964, 46.70300232"
ASH-SHIFA,الجنوب,ASH-SHIFA,Al Tawfiq Fuel Station,تجاري,Petrol station,"24.56695534, 46.68783314"
ASH-SHIFA,الجنوب,ASH-SHIFA,Reemas Gas Station,تجاري,Gas station,"24.56001361, 46.70509575"
ASH-SHIFA,الجنوب,ASH-SHIFA,Petroleum Conciliation Center,تجاري,Petrol station,"24.56369666, 46.68405303"
ASH-SHIFA,الجنوب,ASH-SHIFA,Al Murshed Gas Station,تجاري,Gas station,"24.56271569, 46.69961937"
ASH-SHIFA,الجنوب,ASH-SHIFA,Aldrees Gas Station,تجاري,Gas station,"24.54818036, 46.68753382"
ASH-SHIFA,الجنوب,ASH-SHIFA,Kilometer Gas Station,تجاري,Gas station,"24.556396, 46.67565339"
AL-MASANI,الجنوب,ASH-SHIFA,Al Shamari Gas Station,تجاري,Gas station,"24.57144417, 46.74027986"
AL-MASANI,الجنوب,ASH-SHIFA,Sahel Gas Station,تجاري,Gas station,"24.56847652, 46.75334215"
AL-MASANI,الجنوب,ASH-SHIFA,Faysal Ali Baqees Gas Station,تجاري,Gas station,"24.56001502, 46.7483601"
AL-MASANI,الجنوب,ASH-SHIFA,Aldrees Gas Station,تجاري,Gas station,"24.57842507, 46.74218177"
AL-MASANI,الجنوب,ASH-SHIFA,Al Say'ari Gas Station,تجاري,Gas station,"24.57479579, 46.74952321"
AL-MASANI,الجنوب,ASH-SHIFA,Ali Abdullah Bin Saleh Gas Station,تجاري,Gas station,"24.58954707, 46.74045843"
AL-MASANI,الجنوب,ASH-SHIFA,Hand of Peace Gas Station,تجاري,Gas station,"24.58716292, 46.72473895"
AL-MASANI,الجنوب,ASH-SHIFA,Aldrees Petrol Station,تجاري,Petrol station,"24.59267236, 46.73753816"
AL-MASANI,الجنوب,ASH-SHIFA,Aldrees Petrol Station,تجاري,Petrol station,"24.53690433, 46.77201634"
AL-MASANI,الجنوب,ASH-SHIFA,Al Muqarren Gas Station,تجاري,Gas station,"24.58167012, 46.73655449"
AL-MASANI,الجنوب,ASH-SHIFA,Stars Gas Station,تجاري,Gas station,"24.55160986, 46.76300753"
AL-MARWAH,الجنوب,ASH-SHIFA,Aldrees Gas Station,تجاري,Gas station,"24.54169533, 46.69010521"
AL-MARWAH,الجنوب,ASH-SHIFA,Arabic Oil Fuel Station,تجاري,Petrol station,"24.54886845, 46.67535888"
AL-MARWAH,الجنوب,ASH-SHIFA,Zaiti Gas Station,تجاري,Gas station,"24.54752884, 46.67523461"
AL-MARWAH,الجنوب,ASH-SHIFA,Aldrees Gas Station,تجاري,Gas station,"24.55290254, 46.67246674"
AL-MARWAH,الجنوب,ASH-SHIFA,Al Omran Gas Station,تجاري,Gas station,"24.54894453, 46.68512813"
AL-MARWAH,الجنوب,ASH-SHIFA,Liter Gas Station,تجاري,Gas station,"24.54394283, 46.68241578"
AL-MARWAH,الجنوب,ASH-SHIFA,Ghaleb Fuel Station,تجاري,Petrol station,"24.54634637, 46.68848142"
AL-MARWAH,الجنوب,ASH-SHIFA,Aldrees Gas Station,تجاري,Gas station,"24.54184331, 46.66334767"
DAHRAT AL-BADEAH,الغرب,AL-URAIJA,Sahel Gas Station,تجاري,Gas station,"24.60838015, 46.66598254"
DAHRAT AL-BADEAH,الغرب,AL-URAIJA,Al Zahrani Gas Station,تجاري,Gas station,"24.58654617, 46.63943503"
DAHRAT AL-BADEAH,الغرب,AL-URAIJA,Al Atoz Gas Station,تجاري,Gas station,"24.59641851, 46.64635074"
SULTANAH,الغرب,AL-URAIJA,Al Moussa Gas Station,تجاري,Gas station,"24.60895839, 46.68541901"
DAHRAT AL-BADEAH,الغرب,AL-URAIJA,Anwar Al Raed Gas Station,تجاري,Gas station,"24.5920862, 46.62902924"
DAHRAT AL-BADEAH,الغرب,AL-URAIJA,Budoor Al Khaleej Gas Station,تجاري,Gas station,"24.58811685, 46.64223174"
DAHRAT AL-BADEAH,الغرب,AL-URAIJA,Petro Al Bilad Gas Station,تجاري,Gas station,"24.59296203, 46.62705327"
DAHRAT AL-BADEAH,الغرب,AL-URAIJA,Peace Gas Station,تجاري,Gas station,"24.59198282, 46.63054571"
DAHRAT AL-BADEAH,الغرب,AL-URAIJA,Sahel Tadamon Fuel Station,تجاري,Petrol station,"24.60293475, 46.65386129"
DAHRAT AL-BADEAH,الغرب,AL-URAIJA,Al Atoz Station for Petroleum Services,تجاري,Petrol station,"24.59107551, 46.65113291"
SHUBRA,الغرب,AL-URAIJA,Al Tareefi Gas Station,تجاري,Gas station,"24.56522595, 46.6500863"
SHUBRA,الغرب,AL-URAIJA,Aldrees Gas Station,تجاري,Gas station,"24.57644757, 46.66102804"
SHUBRA,الغرب,AL-URAIJA,Saleh Bin Abdulaziz Gas Station,تجاري,Gas station,"24.57604705, 46.67716268"
SHUBRA,الغرب,AL-URAIJA,Shubra Fuel Station,تجاري,Petrol station,"24.56989682, 46.65569749"
SHUBRA,الغرب,AL-URAIJA,Sahel Gas Station,تجاري,Gas station,"24.58543791, 46.68518119"
SHUBRA,الغرب,AL-URAIJA,Al Qahtani Gas Station,تجاري,Gas station,"24.57909875, 46.68205228"
AL-MASEEF,الوسط,AL-OLAYA,Petroly    Fuel Station,تجاري,Petrol station,"24.77458943, 46.68136292"
AL-MASEEF,الوسط,AL-OLAYA,Aldrees Gas Station,تجاري,Gas station,"24.77436214, 46.68740841"
AL-MASEEF,الوسط,AL-OLAYA,Aldrees Gas Station,تجاري,Gas station,"24.76803846, 46.68460962"
AL-MASEEF,الوسط,AL-OLAYA,Al Maseef Oil Station,تجاري,Gas station,"24.76278018, 46.67266023"
AL-MASEEF,الوسط,AL-OLAYA,Tas'helat Gas Station,تجاري,Gas station,"24.75805311, 46.68608637"
AL-MASEEF,الوسط,AL-OLAYA,Imdad Al Toroq Gas Sation,تجاري,Gas station,"24.75534429, 46.67643605"
AD-DOBBAT,الوسط,AL-MALAZ,Petromin Fuel Station,تجاري,Petrol station,"24.68720603, 46.72382481"
AD-DOBBAT,الوسط,AL-MALAZ,Aldrees Gas Station,تجاري,Gas station,"24.68546557, 46.71858444"
AD-DOBBAT,الوسط,AL-MALAZ,Al Daleel for Petroleum Services,تجاري,Petrol station,"24.69154731, 46.71850914"
AD-DOBBAT,الوسط,AL-MALAZ,Ad Dobbat Fuel Station,تجاري,Petrol station,"24.67196479, 46.72121821"
AT-TAAWUN,الوسط,AL-OLAYA,Arabat Al Majed Gas Station,تجاري,Gas station,"24.77248848, 46.68950434"
AT-TAAWUN,الوسط,AL-OLAYA,Aldrees Gas Station,تجاري,Gas station,"24.77436591, 46.70908976"
AT-TAAWUN,الوسط,AL-OLAYA,SASCO Station,تجاري,Gas station,"24.7661735, 46.69274683"
AT-TAAWUN,الوسط,AL-OLAYA,Aldrees Gas Station,تجاري,Gas station,"24.76468948, 46.70190097"
AL-MURABA,الوسط,AL-MALAZ,Al Muraba Gas Station,تجاري,Gas station,"24.64791598, 46.714065"
AL-MURABA,الوسط,AL-MALAZ,Department of Development Gas Station,تجاري,Gas station,"24.66704043, 46.70100184"
AL-MURABA,الوسط,AL-MALAZ,Sahel Gas Station,تجاري,Gas station,"24.65188865, 46.70610882"
AL-MURABA,الوسط,AL-MALAZ,Sahel Gas Station,تجاري,Gas station,"24.65278466, 46.70255724"
AL-MURABA,الوسط,AL-MALAZ,Al Muraba Gas Station,تجاري,Gas station,"24.64492285, 46.7056449"
AL-MURABA,الوسط,AL-MALAZ,Aldrees Gas Station,تجاري,Gas station,"24.651394, 46.70716237"
AL-MURABA,الوسط,AL-MALAZ,Al Muraba Gas Station,تجاري,Gas station,"24.64959311, 46.7153263"
AL-MALAZ,الوسط,AL-MALAZ,Al Ayyaf Gas Station,تجاري,Gas station,"24.67884826, 46.73451541"
AL-MALAZ,الوسط,AL-MALAZ,Aldrees Gas Station,تجاري,Gas station,"24.66710538, 46.73376621"
AL-MALAZ,الوسط,AL-MALAZ,Al Musnad Gas Station,تجاري,Gas station,"24.66284445, 46.74270102"
AL-MALAZ,الوسط,AL-MALAZ,Al Atoz Petrol Station,تجاري,Petrol station,"24.66155849, 46.74416776"
AL-MALAZ,الوسط,AL-MALAZ,Al Malaz Gas Station,تجاري,Gas station,"24.66087388, 46.73467962"
AL-MALAZ,الوسط,AL-MALAZ,As Sayer Fuel Station,تجاري,Petrol station,"24.6615118, 46.73545057"
AL-MALAZ,الوسط,AL-MALAZ,Tas'helat Gas Station,تجاري,Gas station,"24.66515022, 46.72777955"
AL-MALAZ,الوسط,AL-MALAZ,Al Malaz Gas Station,تجاري,Gas station,"24.66356922, 46.71842533"
AL-MALAZ,الوسط,AL-MALAZ,Aldrees Gas Station,تجاري,Gas station,"24.64967447, 46.72381303"
AL-MALAZ,الوسط,AL-MALAZ,Aldrees Gas Station,تجاري,Gas station,"24.66328817, 46.72410553"
AL-MALAZ,الوسط,AL-MALAZ,AC Delco Gas Station,تجاري,Gas station,"24.66287492, 46.73042266"
AL-MALAZ,الوسط,AL-MALAZ,Gold Wells Gas Station,تجاري,Gas station,"24.65930971, 46.72778461"
AL-MALAZ,الوسط,AL-MALAZ,Aldrees Gas Station,تجاري,Gas station,"24.65800594, 46.73580542"
AL-MALAZ,الوسط,AL-MALAZ,Zaiti Gas Station,تجاري,Gas station,"24.65700251, 46.73561991"
AL-MALAZ,الوسط,AL-MALAZ,Express SAMA Station,تجاري,Gas station,"24.66291712, 46.74936998"
AL-MALAZ,الوسط,AL-MALAZ,Gold Wells Gas Station,تجاري,Gas station,"24.65137233, 46.73401348"
AL-MALAZ,الوسط,AL-MALAZ,Al Ahliya Fuel Station,تجاري,Petrol station,"24.65389746, 46.75171097"
JAREER,الوسط,AL-MALAZ,Neptune Station for Petroleum Services,تجاري,Petrol station,"24.67992594, 46.74291683"
JAREER,الوسط,AL-MALAZ,Aldrees Gas Station,تجاري,Gas station,"24.68364573, 46.75537539"
JAREER,الوسط,AL-MALAZ,Jareer Gas Station,تجاري,Gas station,"24.67322154, 46.74804911"
JAREER,الوسط,AL-MALAZ,Sumuw Al Bader Gas Station,تجاري,Gas station,"24.67374399, 46.75403566"
JAREER,الوسط,AL-MALAZ,Aldrees Gas Station,تجاري,Gas station,"24.67020386, 46.75178655"
AL-EZDIHAR,الوسط,AL-OLAYA,AC Delco Gas Station,تجاري,Gas station,"24.77117835, 46.71208684"
AL-EZDIHAR,الوسط,AL-OLAYA,Aldrees Gas Station,تجاري,Gas station,"24.78156087, 46.70684824"
AL-FARUQ,الوسط,AL-MALAZ,Aldrees Gas Station,تجاري,Gas station,"24.6512529, 46.7853339"
AL-FARUQ,الوسط,AL-MALAZ,Najd Gas Station,تجاري,Gas station,"24.65405036, 46.75523248"
JABRAH,الوسط,AL-BATHA,Jabrah Gas Station,تجاري,Gas station,"24.62423473, 46.72187341"
JABRAH,الوسط,AL-BATHA,Jabrah Gas Station,تجاري,Gas station,"24.62108925, 46.72347434"
JABRAH,الوسط,AL-BATHA,Mesfaty Petrol Station,تجاري,Petrol station,"24.62557724, 46.72008124"
AL-AOUD,الوسط,AL-BATHA,Abdulaziz Abed Al Rahman Gas Station,تجاري,Gas station,"24.6261397, 46.72063956"
SKIRINAH,الوسط,AL-BATHA,Aldrees Gas Station,تجاري,Gas station,"24.62011152, 46.71758259"
MANFUHA AL-JADEEDAH,الوسط,AL-BATHA,Flower Gas Station,تجاري,Gas station,"24.61806593, 46.72478688"
MANFUHA AL-JADEEDAH,الوسط,AL-BATHA,Aldrees Gas Station,تجاري,Gas station,"24.60700221, 46.71103466"
AL-FAISALIYAH,الوسط,AL-BATHA,Aldrees Petrol Station,تجاري,Petrol station,"24.62653336, 46.78058702"
AL-FAISALIYAH,الوسط,AL-BATHA,SASCO Palm Gas Station,تجاري,Gas station,"24.63359903, 46.77999208"
AL-FAISALIYAH,الوسط,AL-BATHA,Al Olayan Gas Station,تجاري,Gas station,"24.64807482, 46.78034293"
AL-FAISALIYAH,الوسط,AL-BATHA,Al Najah Fuel Station,تجاري,Petrol station,"24.63632362, 46.78015994"
AL-FAISALIYAH,الوسط,AL-BATHA,Aldrees Petrol Station,تجاري,Petrol station,"24.62700421, 46.78298382"
AL-FAISALIYAH,الوسط,AL-BATHA,Al Faisaliyah Gas Station,تجاري,Gas station,"24.63873672, 46.76127472"
AL-FAISALIYAH,الوسط,AL-BATHA,Al Faisaliyah Gas Station,تجاري,Gas station,"24.62923621, 46.76398901"
AL-YAMAMAH,الوسط,AL-BATHA,Aldrees Gas Station,تجاري,Gas station,"24.59686501, 46.72209361"
AL-YAMAMAH,الوسط,AL-BATHA,Liter Gas Station,تجاري,Gas station,"24.60603471, 46.71739931"
AS-SAFARAT,الوسط,AS-SAFARAT,As Safarat Gas Station,تجاري,Gas station,"24.67332776, 46.62326748"
KING FAHD,الوسط,AL-OLAYA,JAWHAR Petrol Station,تجاري,Not available,"24.74872973, 46.67840492"
KING FAHD,الوسط,AL-OLAYA,Al Khuneifer Fuel Station,تجاري,Petrol station,"24.74660154, 46.66838189"
KING FAHD,الوسط,AL-OLAYA,Aldrees Petrol Station,تجاري,Petrol station,"24.74998443, 46.6699584"
KING FAHD,الوسط,AL-OLAYA,Aldrees Gas Station,تجاري,Gas station,"24.74082635, 46.67163234"
KING FAHD,الوسط,AL-OLAYA,Zaiti Gas Station,تجاري,Gas station,"24.73580569, 46.67642571"
KING FAHD,الوسط,AL-OLAYA,SASCO Gas Station,تجاري,Gas station,"24.7322924, 46.67294947"
KING FAHD,الوسط,AL-OLAYA,Suwaj Petrol Station,تجاري,Petrol station,"24.73174244, 46.66654633"
AL-MATHAR,الوسط,ASH-SHOMAISI,Aldrees Gas Station,تجاري,Gas station,"24.67445193, 46.66746451"
AR-RAFEAH,الوسط,ASH-SHOMAISI,Al Rajhi Fuel,تجاري,Petrol station,"24.63955891, 46.6673726"
AR-RAFEAH,الوسط,ASH-SHOMAISI,Aldrees Petrol Station,تجاري,Petrol station,"24.63400797, 46.67476301"
AR-RAFEAH,الوسط,ASH-SHOMAISI,Naft Gas Station,تجاري,Gas station,"24.63791312, 46.67355925"
AR-RAFEAH,الوسط,ASH-SHOMAISI,Al Fallah Fuel Station,تجاري,Petrol station,"24.62575457, 46.67505272"
AN-NASIRIYAH,الوسط,ASH-SHOMAISI,Aldrees Gas Station,تجاري,Gas station,"24.64854027, 46.67096331"
AL-FAKHIRIYAH,الوسط,ASH-SHOMAISI,AC Delco Gas Station,تجاري,Gas station,"24.63760488, 46.67440579"
AL-FAKHIRIYAH,الوسط,ASH-SHOMAISI,Al Obaidi Gas Station,تجاري,Gas station,"24.6406704, 46.68950134"
AL-WISHAM,الوسط,ASH-SHOMAISI,Al Wisham Gas Station,تجاري,Gas station,"24.63745915, 46.69312921"
OLAISHAH,الوسط,ASH-SHOMAISI,Al Ta'awon Gas Station,تجاري,Gas station,"24.62595666, 46.68666494"
OLAISHAH,الوسط,ASH-SHOMAISI,Aldrees Petrol Station,تجاري,Petrol station,"24.63950234, 46.69234387"
UMM-SALEEM,الوسط,ASH-SHOMAISI,Abdullah Jaser Al Shahri Gas Station,تجاري,Gas station,"24.63263156, 46.69841824"
UMM-SALEEM,الوسط,ASH-SHOMAISI,Aldrees Gas Station,تجاري,Gas station,"24.63694989, 46.69841622"
UMM-SALEEM,الوسط,ASH-SHOMAISI,Hanan Station for Petroleum Services,تجاري,Petrol station,"24.63028824, 46.69264425"
AL-MURSALAT,الوسط,AL-OLAYA,Al Jam'an Gas Station,تجاري,Gas station,"24.73896522, 46.68471605"
AL-MURSALAT,الوسط,AL-OLAYA,Sahel Gas Station,تجاري,Gas station,"24.76028355, 46.69452722"
AL-MURSALAT,الوسط,AL-OLAYA,Aldrees Gas Station,تجاري,Gas station,"24.75751818, 46.69591295"
AL-MURSALAT,الوسط,AL-OLAYA,Liter Gas Station,تجاري,Gas station,"24.74908303, 46.70021243"
AL-MURSALAT,الوسط,AL-OLAYA,Aldrees Gas Station,تجاري,Gas station,"24.75673251, 46.68591367"
AL-BADEAH,الوسط,ASH-SHOMAISI,Hamed Jam'an Al Ghamedi Gas Station,تجاري,Gas station,"24.6188154, 46.68619964"
AL-BADEAH,الوسط,ASH-SHOMAISI,Aldrees Gas Station,تجاري,Gas station,"24.62400991, 46.68559353"
AL-BADEAH,الوسط,ASH-SHOMAISI,Aldrees Fuel Station,تجاري,Petrol station,"24.61210407, 46.67385478"
AL-BADEAH,الوسط,ASH-SHOMAISI,Aldrees Gas Station,تجاري,Gas station,"24.61709626, 46.67556984"
ASH-SHOMAISI,الوسط,ASH-SHOMAISI,Mut'ab Hamad Al Zheiry Gas Station,تجاري,Gas station,"24.62075899, 46.70285994"
ASH-SHOMAISI,الوسط,ASH-SHOMAISI,Aldrees Gas Station,تجاري,Gas station,"24.62697786, 46.69277926"
ASH-SHOMAISI,الوسط,ASH-SHOMAISI,Aldrees Gas Station,تجاري,Gas station,"24.62304225, 46.6962408"
ASH-SHOMAISI,الوسط,ASH-SHOMAISI,Aldrees Fuel Station,تجاري,Petrol station,"24.62039453, 46.70105224"
ASH-SHOMAISI,الوسط,ASH-SHOMAISI,Aldrees Gas Station,تجاري,Gas station,"24.6287942, 46.70214165"
AL-BADEAH,الغرب,ASH-SHOMAISI,Aldrees Gas Station,تجاري,Gas station,"24.61078367, 46.68526872"
SIYAH,الوسط,ASH-SHOMAISI,Abdulaziz Al ElSheikh Gas Station,تجاري,Gas station,"24.60257095, 46.70098133"
WEST UMM AL HAMAM,الوسط,AL-MATHAR,Aldrees Fuel Station,تجاري,Petrol station,"24.68742792, 46.63618275"
WEST UMM AL HAMAM,الوسط,AL-MATHAR,Al Uruba Petrol Station,تجاري,Petrol station,"24.69910711, 46.64276763"
WEST UMM AL HAMAM,الوسط,AL-MATHAR,Aldrees Fuel Station,تجاري,Petrol station,"24.68779982, 46.64015461"
WEST UMM AL HAMAM,الوسط,AL-MATHAR,West Umm Al Hamam Gas Station,تجاري,Gas station,"24.68554259, 46.64029877"
WEST UMM AL HAMAM,الوسط,AL-MATHAR,West Umm Al Hamam Gas Station,تجاري,Gas station,"24.68449093, 46.65214839"
WEST UMM AL HAMAM,الوسط,AL-MATHAR,Nassar Gas Station,تجاري,Gas station,"24.67877912, 46.64858762"
WEST UMM AL HAMAM,الوسط,AL-MATHAR,West Umm Al Hamam Gas and Diesel Station,تجاري,Petrol station,"24.67993884, 46.64656613"
WEST UMM AL HAMAM,الوسط,AL-MATHAR,Jahez Fuel Station,تجاري,Petrol station,"24.6951808, 46.64942685"
MUGHARAZAT,الوسط,AL-OLAYA,Liter Gas Station,تجاري,Gas station,"24.75506361, 46.72019842"
MUGHARAZAT,الوسط,AL-OLAYA,Aldrees Gas Station,تجاري,Gas station,"24.75834071, 46.73388758"
MUGHARAZAT,الوسط,AL-OLAYA,Wafi Gas Station,تجاري,Gas station,"24.76127943, 46.71704926"
ASH-SHARAFIYAH,الوسط,ASH-SHOMAISI,Khamees Baklka Gas Station,تجاري,Gas station,"24.65374167, 46.66975943"
ASH-SHARAFIYAH,الوسط,ASH-SHOMAISI,Al Say'ari Gas Station,تجاري,Gas station,"24.65808115, 46.67459162"
AN-NAMUTHAJIYAH,الوسط,ASH-SHOMAISI,Sahel Gas Station,تجاري,Gas station,"24.66196309, 46.69992376"
AL-WOROUD,الوسط,AL-OLAYA,Aldrees Gas Station,تجاري,Gas station,"24.7246453, 46.69072454"
AL-WOROUD,الوسط,AL-OLAYA,Aldrees Gas Station,تجاري,Gas station,"24.72041707, 46.68995216"
AL-WAHAH,الوسط,AL-OLAYA,Petrolat Fuel Station,تجاري,Petrol station,"24.73734243, 46.70725462"
AL-MUROOJ,الوسط,AL-OLAYA,AC Delco Gas Station,تجاري,Gas station,"24.75234157, 46.66725797"
AL-MUROOJ,الوسط,AL-OLAYA,Al Ahliya Petrol Station,تجاري,Petrol station,"24.76882771, 46.66753344"
AL-MUROOJ,الوسط,AL-OLAYA,Aldrees Gas Station,تجاري,Gas station,"24.75635798, 46.65883663"
AL-MUROOJ,الوسط,AL-OLAYA,Liter Gas Station,تجاري,Gas station,"24.75668496, 46.67439386"
AL-MUROOJ,الوسط,AL-OLAYA,Saudi Complex Petrol Station,تجاري,Petrol station,"24.75973059, 46.67291344"
AL-MUROOJ,الوسط,AL-OLAYA,Aldrees Gas Station,تجاري,Gas station,"24.75778854, 46.6628112"
GHUBAIRA,الوسط,AL-BATHA,Saleh Hamed Mohammad Gas Station,تجاري,Gas station,"24.61790805, 46.72719185"
AL-AOUD,الوسط,AL-BATHA,Saleh Hamdan Al Omari Gas Station,تجاري,Gas station,"24.62634521, 46.73463399"
GHUBAIRA,الوسط,AL-BATHA,Al Tayash Gas Station,تجاري,Gas station,"24.62165324, 46.73572972"
AL-AOUD,الوسط,AL-BATHA,Al Aoud Oil Station,تجاري,Petrol station,"24.62093092, 46.73365805"
GHUBAIRA,الوسط,AL-BATHA,Al Wadi Fuel Station,تجاري,Petrol station,"24.62211874, 46.74648346"
AL-AOUD,الوسط,AL-BATHA,Al Aoud Gas Station,تجاري,Gas station,"24.61932581, 46.72505658"
GHUBAIRA,الوسط,AL-BATHA,Ghubaira Gas Station,تجاري,Gas station,"24.61191945, 46.72848245"
GHUBAIRA,الوسط,AL-BATHA,Safa Gas Station,تجاري,Gas station,"24.61462958, 46.73386996"
GHUBAIRA,الوسط,AL-BATHA,Liter Gas Station,تجاري,Gas station,"24.61978478, 46.73242547"
AL-KHALIDIAH,الوسط,AL-BATHA,Al Khalidiya Petro Station,تجاري,Petrol station,"24.62782149, 46.74838707"
AL-KHALIDIAH,الوسط,AL-BATHA,Al Khalidiya Petro Station 2,تجاري,Gas station,"24.63172588, 46.75081323"
AL-KHALIDIAH,الوسط,AL-BATHA,Al Khalidiya Gas Station,تجاري,Gas station,"24.62436559, 46.75576779"
AL-KHALIDIAH,الوسط,AL-BATHA,Al Khalidiya Gas Station,تجاري,Gas station,"24.62584344, 46.7638527"
AL-KHALIDIAH,الوسط,AL-BATHA,Al Khalidiya Gas Station,تجاري,Gas station,"24.62023683, 46.75071949"
AL-KHALIDIAH,الوسط,AL-BATHA,Sahel Gas Station,تجاري,Gas station,"24.62814928, 46.74052773"
AL-KHALIDIAH,الوسط,AL-BATHA,Aldrees Gas Station,تجاري,Gas station,"24.62164988, 46.76508094"
AL-MANSURAH ( KHANSHALILAH ),الوسط,AL-BATHA,Salem Gas Station,تجاري,Gas station,"24.61056926, 46.74858663"
AL-MANSURAH ( KHANSHALILAH ),الوسط,AL-BATHA,Aldrees Petrol Station,تجاري,Petrol station,"24.59962679, 46.73586752"
AL-MANSURAH ( KHANSHALILAH ),الوسط,AL-BATHA,Al Mansurah (Khanshalilah) Fuel Station,تجاري,Petrol station,"24.61463014, 46.75772486"
AL-MANSURAH ( KHANSHALILAH ),الوسط,AL-BATHA,Petrolat Station,تجاري,Petrol station,"24.61158652, 46.73070633"
AL-MANSURAH ( KHANSHALILAH ),الوسط,AL-BATHA,AC Delco Gas Station,تجاري,Gas station,"24.60664642, 46.73093966"
AL-MANSURAH ( KHANSHALILAH ),الوسط,AL-BATHA,SASCO Oil Station,تجاري,Petrol station,"24.61692403, 46.75427278"
AL-MANSURAH ( KHANSHALILAH ),الوسط,AL-BATHA,Al Briki Gas Station,تجاري,Gas station,"24.60680313, 46.74294238"
AL-MANSURAH ( KHANSHALILAH ),الوسط,AL-BATHA,Aldrees Gas Station,تجاري,Gas station,"24.61756221, 46.7406143"
AL-MANSURAH ( KHANSHALILAH ),الوسط,AL-BATHA,Teef Al Mansurah Gas Station,تجاري,Gas station,"24.61117733, 46.76215159"
AL-MANSURAH ( KHANSHALILAH ),الوسط,AL-BATHA,Tas'helat Gas Station,تجاري,Gas station,"24.60210097, 46.74993542"
AL-MANSURAH ( KHANSHALILAH ),الوسط,AL-BATHA,Aldrees Gas Station,تجاري,Gas station,"24.59613424, 46.73649571"
AL-JARRADIYAH,الوسط,ASH-SHOMAISI,Al Wufood Gas Station,تجاري,Gas station,"24.61828493, 46.69924853"
AS-SULAIMANYAH,الوسط,AL-MALAZ,As Sulaimanyah Oil Station,تجاري,Gas station,"24.68463981, 46.7041347"
THULAIM,الوسط,AL-MALAZ,Sahel Petrol Station,تجاري,Petrol station,"24.64116147, 46.73604761"
THULAIM,الوسط,AL-MALAZ,Al Qahtani Gas Station,تجاري,Gas station,"24.6401866, 46.73590828"
AL-MARGAB,الوسط,AL-BATHA,Seel Rose Gas Station,تجاري,Gas station,"24.63331728, 46.72343754"
MEEKAL,الوسط,AL-BATHA,Al Fateh Gas Station,تجاري,Gas station,"24.61922412, 46.71451341"
AL-WESITA,الوسط,AL-BATHA,Riyadh Petrol Station,تجاري,Petrol station,"24.62749577, 46.71402149"
AS-SALHIYAH,الوسط,AL-BATHA,Al Uwaythani Gas Station,تجاري,Gas station,"24.63272231, 46.73770856"
UTAYQAH,الوسط,AL-BATHA,Aldrees Gas Station,تجاري,Gas station,"24.61638593, 46.70981684"
UTAYQAH,الوسط,AL-BATHA,Sahel Gas Station,تجاري,Gas station,"24.61560979, 46.70990354"
UTAYQAH,الوسط,AL-BATHA,Sa'ud Al Shumeifi Gas Station,تجاري,Gas station,"24.6114402, 46.70753258"
UTAYQAH,الوسط,AL-BATHA,Aldrees Gas Station,تجاري,Gas station,"24.61174884, 46.71014019"
UTAYQAH,الوسط,AL-BATHA,Utayqah Gas Station,تجاري,Gas station,"24.58941389, 46.71102309"
UTAYQAH,الوسط,AL-BATHA,Aldrees Gas Station,تجاري,Gas station,"24.60139141, 46.70534163"
AL-FUTAH,الوسط,AL-MALAZ,Bin Makhashen Gas Station,تجاري,Gas station,"24.64468879, 46.71364394"
AL-AMAL,الوسط,AL-MALAZ,Aldrees Gas Station,تجاري,Gas station,"24.64803425, 46.71963939"
AL-QAIRAWAN,الشمال,SHIMAL-Al-Riyadh,Al Baraka Gas Station,تجاري,Gas station,"24.85789911, 46.59758587"
AL-QAIRAWAN,الشمال,SHIMAL-Al-Riyadh,Gulf Oil Station,تجاري,Petrol station,"24.82449127, 46.59389042"
AL-QAIRAWAN,الشمال,SHIMAL-Al-Riyadh,Al Qayrawan Gas Station,تجاري,Gas station,"24.82550611, 46.6029777"
BINBAN,الشمال,SHIMAL-Al-Riyadh,Hala Gas Station,تجاري,Gas station,"25.01309043, 46.46142835"
AL-QAIRAWAN,الشمال,SHIMAL-Al-Riyadh,Al Mansurah Gas Station,تجاري,Gas station,"24.84521237, 46.60384526"
BINBAN,الشمال,SHIMAL-Al-Riyadh,Binban Gas Station,تجاري,Gas station,"25.01009306, 46.4649099"
AL-QAIRAWAN,الشمال,SHIMAL-Al-Riyadh,petro star Gas Station,تجاري,Gas station,"24.85328337, 46.59989459"
AL-MALQA,الشمال,SHIMAL-Al-Riyadh,Al Jam'an Fuel Station,تجاري,Petrol station,"24.81526135, 46.58884096"
AL-MALQA,الشمال,SHIMAL-Al-Riyadh,Capital Corner Center for Car Services,تجاري,Petrol station,"24.79940494, 46.59534493"
AL-MALQA,الشمال,SHIMAL-Al-Riyadh,GO station Petrol,تجاري,Not available,"24.80552618, 46.60973015"
AL-ARID,الشمال,SHIMAL-Al-Riyadh,Aldrees Gas Station,تجاري,Gas station,"24.87498283, 46.61599989"
AL-ARID,الشمال,SHIMAL-Al-Riyadh,Emirates Gas Station,تجاري,Gas station,"24.86366097, 46.62164169"
AL-ARID,الشمال,SHIMAL-Al-Riyadh,Al Arid Gas Station,تجاري,Gas station,"24.8991654, 46.61845213"
AL-ARID,الشمال,SHIMAL-Al-Riyadh,Corner Gas Station,تجاري,Gas station,"24.90985726, 46.61863668"
BINBAN,الشمال,SHIMAL-Al-Riyadh,Binban Gas Station,تجاري,Gas station,"24.99720289, 46.56071218"
AL-ARID,الشمال,SHIMAL-Al-Riyadh,National Petrol Station,تجاري,Petrol station,"24.85819629, 46.64043417"
AN-NARJIS,الشمال,SHIMAL-Al-Riyadh,Saudi Company Gas Station,تجاري,Gas station,"24.82737374, 46.68363071"
AN-NARJIS,الشمال,SHIMAL-Al-Riyadh,Al Areej Gas Station,تجاري,Gas station,"24.83604672, 46.69013974"
AN-NARJIS,الشمال,SHIMAL-Al-Riyadh,Al Say'ari Gas Station,تجاري,Gas station,"24.85339128, 46.67612723"
AN-NARJIS,الشمال,SHIMAL-Al-Riyadh,SASCO Fuel Station,تجاري,Petrol station,"24.86372074, 46.6434974"
AR-RIMAL,الشرق,AR-RAWDAH,Ar Rimal Fuel Station,تجاري,Petrol station,"24.90273359, 46.84026299"
AR-RIMAL,الشرق,AR-RAWDAH,Khuzam Gas Station,تجاري,Gas station,"25.07493852, 46.71215673"
AR-RIMAL,الشرق,AR-RAWDAH,Ar Rimal Gas Station,تجاري,Gas station,"24.91253443, 46.81159979"
AR-RIMAL,الشرق,AR-RAWDAH,Al Atoz Fuel Station,تجاري,Petrol station,"24.91093423, 46.78695236"
AR-RIMAL,الشرق,AR-RAWDAH,Ar Rimal Gas Station,تجاري,Gas station,"24.90275733, 46.81031418"
AR-RIMAL,الشرق,AR-RAWDAH,Al Shamari Gas Station,تجاري,Gas station,"24.90385268, 46.80893512"
AR-RIMAL,الشرق,AR-RAWDAH,Al Itawi Gas Station,تجاري,Gas station,"24.9186875, 46.83311135"
AR-RIMAL,الشرق,AR-RAWDAH,Al Uwaida Fuel Station,تجاري,Petrol station,"24.88507616, 46.80509191"
AR-RIMAL,الشرق,AR-RAWDAH,Hammood Bin Fahed Al Mashooh Fuel Station,تجاري,Petrol station,"24.92189524, 46.77767071"
AR-RIMAL,الشرق,AR-RAWDAH,Al Say'ari Complex for Petroleum Services,تجاري,Petrol station,"24.87395789, 46.80615343"
AR-RIMAL,الشرق,AR-RAWDAH,Liter Gas Station,تجاري,Gas station,"24.84349375, 46.8046589"
AR-RIMAL,الشرق,AR-RAWDAH,Al Atoz Gas Station,تجاري,Gas station,"24.83647383, 46.83668637"
AR-RIMAL,الشرق,AR-RAWDAH,SASCO Gas Station,تجاري,Gas station,"24.84163715, 46.78986539"
AR-RIMAL,الشرق,AR-RAWDAH,Al Bassel Fuel Station,تجاري,Petrol station,"24.85571429, 46.79959019"
AR-RIMAL,الشرق,AR-RAWDAH,Al Tamaioz Petrol Station,تجاري,Petrol station,"24.84949128, 46.81631345"
AR-RIMAL,الشرق,AR-RAWDAH,Ar Rimal Gas Station,تجاري,Gas station,"24.84676462, 46.78240429"
AR-RIMAL,الشرق,AR-RAWDAH,Al Ayed Petrol Station,تجاري,Petrol station,"24.83397147, 46.79996974"
Al Bayan,الشرق,AR-RAWDAH,Masharef Al Bayan for Petroleum Services,تجاري,Petrol station,"24.88694724, 46.86791538"
Al Bayan,الشرق,AR-RAWDAH,Al Raed Legend Fuel Station,تجاري,Petrol station,"24.88428467, 46.8648944"
AD-DIFAA,الجنوب,AS-SULAI,Tas'helat Fuel Station,تجاري,Petrol station,"24.57905017, 46.83015844"
AL-BARIYAH,الجنوب,AS-SULAI,Octane Fuel Station,تجاري,Petrol station,"24.57384764, 46.88291969"
AL-YARMUK,الشرق,AR-RAWDAH,Sahel Gas Station,تجاري,Gas station,"24.81703251, 46.79622884"
AL-YARMUK,الشرق,AR-RAWDAH,Al Baraka Petrol Station,تجاري,Petrol station,"24.81004481, 46.78385756"
AL-YARMUK,الشرق,AR-RAWDAH,Al Nahdi Gas Station,تجاري,Gas station,"24.81747783, 46.80149487"
AL-YARMUK,الشرق,AR-RAWDAH,Al Yarmuk Oil Station,تجاري,Petrol station,"24.80509648, 46.75989687"
AL-YARMUK,الشرق,AR-RAWDAH,Petro Iqbal Station,تجاري,Petrol station,"24.80514208, 46.77429348"
AL-YARMUK,الشرق,AR-RAWDAH,Al Arfaj Gas Station,تجاري,Gas station,"24.80144685, 46.76177043"
AL-YARMUK,الشرق,AR-RAWDAH,Oil Station - Al Yarmuk,تجاري,Petrol station,"24.80354753, 46.76857271"
AL-YARMUK,الشرق,AR-RAWDAH,Al Yarmuk Complex for Petroleum Services,تجاري,Petrol station,"24.81411921, 46.79359564"
AL-YARMUK,الشرق,AR-RAWDAH,Liter Gas Station,تجاري,Gas station,"24.80591621, 46.79340572"
AL-YARMUK,الشرق,AR-RAWDAH,Liter Gas Station,تجاري,Gas station,"24.81031088, 46.79961333"
AL-YARMUK,الشرق,AR-RAWDAH,Jam'an Al Ghamedi Gas Station,تجاري,Gas station,"24.80194484, 46.7833057"
AL-YARMUK,الشرق,AR-RAWDAH,SASCO Gas Station,تجاري,Gas station,"24.80820448, 46.76100588"
AL-YARMUK,الشرق,AR-RAWDAH,Al Sudais Gas Station,تجاري,Gas station,"24.81019154, 46.76569565"
AL-YARMUK,الشرق,AR-RAWDAH,Al Olayan Gas Station,تجاري,Gas station,"24.81380589, 46.77424885"
AL-YARMUK,الشرق,AR-RAWDAH,Aldrees Gas Station,تجاري,Gas station,"24.79529066, 46.77441975"
AL-YARMUK,الشرق,AR-RAWDAH,Mohammad Hamed Al Ghamedi Gas Station,تجاري,Gas station,"24.80019582, 46.77876459"
AL-YARMUK,الشرق,AR-RAWDAH,Al Hudaif for Petroleum Services,تجاري,Petrol station,"24.80177018, 46.78965431"
AL-QADISIYAH,الشرق,AR-RAWDAH,Al Nahdi Fuel Station,تجاري,Petrol station,"24.81785546, 46.83306042"
AL-QADISIYAH,الشرق,AR-RAWDAH,Al Jam'an Station for Petroleum Services,تجاري,Petrol station,"24.81836779, 46.81037907"
AL-MAIZALIYAH,الشرق,AR-RAWDAH,Petro Jadaf Gas Station,تجاري,Gas station,"24.81276213, 46.83716994"
AL-QADISIYAH,الشرق,AR-RAWDAH,Iqbal Gas Station,تجاري,Gas station,"24.81417121, 46.81930674"
AL-QADISIYAH,الشرق,AR-RAWDAH,Atyaf Al Bayareq Gas Station,تجاري,Gas station,"24.8124125, 46.8073496"
AL-QADISIYAH,الشرق,AR-RAWDAH,Automatic Fuel Connection Station,تجاري,Petrol station,"24.81029219, 46.81299209"
AL-QUDS,الشرق,AR-RAWDAH,Tujer Center for Petroleum Services,تجاري,Petrol station,"24.7458461, 46.75288355"
AL-QUDS,الشرق,AR-RAWDAH,Al Quds Oil Station,تجاري,Petrol station,"24.75704359, 46.7515797"
AL-QUDS,الشرق,AR-RAWDAH,Sindibad House Fuel Station,تجاري,Petrol station,"24.75342764, 46.74279895"
AL-QUDS,الشرق,AR-RAWDAH,Aldrees Gas Station,تجاري,Gas station,"24.76029142, 46.74102101"
AL-QUDS,الشرق,AR-RAWDAH,Adel Al Maleki Gas Station,تجاري,Gas station,"24.75893214, 46.75624405"
AL-QUDS,الشرق,AR-RAWDAH,Aldrees Gas Station,تجاري,Gas station,"24.76073063, 46.75962367"
AL-QUDS,الشرق,AR-RAWDAH,SASCO Gas Station,تجاري,Gas station,"24.74269053, 46.75246393"
AL-QUDS,الشرق,AR-RAWDAH,Petro Iqbal Station,تجاري,Petrol station,"24.74509661, 46.75635514"
AL-QUDS,الشرق,AR-RAWDAH,Aldrees Petrol Station,تجاري,Petrol station,"24.75261071, 46.74321216"
KING FAISAL,الشرق,AR-RAWDAH,Oil Station - Al Quds,تجاري,Petrol station,"24.76930021, 46.7746773"
KING FAISAL,الشرق,AR-RAWDAH,Liter Gas Station,تجاري,Gas station,"24.76399556, 46.76515308"
KING FAISAL,الشرق,AR-RAWDAH,Naft Gas Station,تجاري,Gas station,"24.77255774, 46.77172946"
KING FAISAL,الشرق,AR-RAWDAH,Excellent Gas Station,تجاري,Gas station,"24.75388953, 46.78479181"
KING FAISAL,الشرق,AR-RAWDAH,Aldrees Petrol Station,تجاري,Petrol station,"24.75697084, 46.77282877"
KING FAISAL,الشرق,AR-RAWDAH,Abdullah Hamad Saleh Al Zahrani Petrol Station,تجاري,Petrol station,"24.76490587, 46.76752633"
KING FAISAL,الشرق,AR-RAWDAH,Wuqudi Petrol Station,تجاري,Petrol station,"24.763192, 46.78284046"
KING FAISAL,الشرق,AR-RAWDAH,Zaiti Gas Station,تجاري,Gas station,"24.76059264, 46.78703598"
KING FAISAL,الشرق,AR-RAWDAH,Al Khaleej Gas Station,تجاري,Gas station,"24.76061855, 46.77867933"
KING FAISAL,الشرق,AR-RAWDAH,Riyadh Petrol Station,تجاري,Petrol station,"24.74762463, 46.77466802"
AL-KHALEEJ,الشرق,AR-RAWDAH,Aldrees Gas Station,تجاري,Gas station,"24.76810645, 46.8060757"
AL-KHALEEJ,الشرق,AR-RAWDAH,Aldrees Gas Station,تجاري,Gas station,"24.78078508, 46.821792"
AL-KHALEEJ,الشرق,AR-RAWDAH,Al Khaleej Fuel Station,تجاري,Petrol station,"24.78459836, 46.80708431"
AL-KHALEEJ,الشرق,AR-RAWDAH,Petromin Express Station,تجاري,Gas station,"24.78156602, 46.80815554"
AL-KHALEEJ,الشرق,AR-RAWDAH,Petromin Gas Station,تجاري,Gas station,"24.78265225, 46.81934995"
AL-KHALEEJ,الشرق,AR-RAWDAH,Aldrees Gas Station,تجاري,Gas station,"24.77330358, 46.8033965"
AL-KHALEEJ,الشرق,AR-RAWDAH,Breen Gas Station,تجاري,Gas station,"24.77612896, 46.81110309"
AL-KHALEEJ,الشرق,AR-RAWDAH,Al Ghamdi Gas Station,تجاري,Gas station,"24.78461534, 46.82190151"
AL-KHALEEJ,الشرق,AR-RAWDAH,Sa'ud Al Utaibi Gas Station,تجاري,Gas station,"24.76876284, 46.79588485"
AL-KHALEEJ,الشرق,AR-RAWDAH,Naft Gas Station,تجاري,Gas station,"24.78587569, 46.80143132"
AL-KHALEEJ,الشرق,AR-RAWDAH,Al Murshidi Gas Station 2,تجاري,Gas station,"24.7769036, 46.78974308"
AL-KHALEEJ,الشرق,AR-RAWDAH,Bawazir Gas Station,تجاري,Gas station,"24.77010116, 46.79398168"
AL-KHALEEJ,الشرق,AR-RAWDAH,Tharaa Fuel Station,تجاري,Petrol station,"24.75721157, 46.7903345"
AL-KHALEEJ,الشرق,AR-RAWDAH,Aldrees Gas Station,تجاري,Gas station,"24.77142847, 46.78072447"
AL-KHALEEJ,الشرق,AR-RAWDAH,Al Murshidi Gas Station,تجاري,Gas station,"24.7746147, 46.77841517"
AL-KHALEEJ,الشرق,AR-RAWDAH,Sahel Gas Station,تجاري,Gas station,"24.77683997, 46.77913167"
AL-KHALEEJ,الشرق,AR-RAWDAH,Liter Gas Station,تجاري,Gas station,"24.7756665, 46.80044376"
AL-KHALEEJ,الشرق,AR-RAWDAH,Al Atoz Gas Station,تجاري,Gas station,"24.76863642, 46.79361692"
AL-KHALEEJ,الشرق,AR-RAWDAH,Zahrat Alamal Gas Station,تجاري,Gas station,"24.7604178, 46.79551112"
AL-KHALEEJ,الشرق,AR-RAWDAH,Al Ghanem Gas Station,تجاري,Gas station,"24.76545274, 46.78779641"
AL-KHALEEJ,الشرق,AR-RAWDAH,Al Sebai'ee Gas Station,تجاري,Gas station,"24.75973263, 46.78837072"
AL-KHALEEJ,الشرق,AR-RAWDAH,Aisha Fuel Station,تجاري,Petrol station,"24.78351508, 46.80020717"
AL-KHALEEJ,الشرق,AR-RAWDAH,Al Khaleej Fuel Station,تجاري,Petrol station,"24.78318427, 46.79711692"
AL-KHALEEJ,الشرق,AR-RAWDAH,Mu'awad Awad Ayed Gas Station,تجاري,Gas station,"24.76850434, 46.80828327"
AL-KHALEEJ,الشرق,AR-RAWDAH,Naft Gas Station,تجاري,Gas station,"24.78097372, 46.81568622"
AL-KHALEEJ,الشرق,AR-RAWDAH,Kamal Mubarak Al Harbi Fuel Station,تجاري,Petrol station,"24.78210237, 46.81281681"
AL-MAIZALIYAH,الشرق,AR-RAWDAH,Al Say'ari Gas Station,تجاري,Gas station,"24.7972374, 46.84672454"
AL-YASMEEN,الشمال,SHIMAL-Al-Riyadh,Wafi Gas Station,تجاري,Gas station,"24.81887087, 46.63094177"
AL-YASMEEN,الشمال,SHIMAL-Al-Riyadh,Al Khuneifer Fuel Station,تجاري,Petrol station,"24.81676158, 46.63659508"
AL-YASMEEN,الشمال,SHIMAL-Al-Riyadh,Al Jam'an Station for Car Services,تجاري,Petrol station,"24.82586954, 46.63718721"
AL-YASMEEN,الشمال,SHIMAL-Al-Riyadh,Fuel System Station,تجاري,Petrol station,"24.82120469, 46.64992657"
AL-YASMEEN,الشمال,SHIMAL-Al-Riyadh,National Petrol Station,تجاري,Petrol station,"24.81439502, 46.65253773"
AL-YASMEEN,الشمال,SHIMAL-Al-Riyadh,Aldrees Gas Station,تجاري,Gas station,"24.80951177, 46.65755778"
AL-YASMEEN,الشمال,SHIMAL-Al-Riyadh,Omar Salem Al Jawhari Gas Station,تجاري,Gas station,"24.81641707, 46.66608964"
AL-YASMEEN,الشمال,SHIMAL-Al-Riyadh,Fuel System Station,تجاري,Petrol station,"24.80818472, 46.66346231"
EAST AN-NASEEM,الشرق,AN-NASEEM,Aldrees Gas Station,تجاري,Gas station,"24.72692011, 46.85301174"
EAST AN-NASEEM,الشرق,AN-NASEEM,Al Babiteen Complex Fuel Station,تجاري,Petrol station,"24.74016225, 46.85035135"
EAST AN-NASEEM,الشرق,AN-NASEEM,Sahel Gas Station,تجاري,Gas station,"24.75297657, 46.84073585"
EAST AN-NASEEM,الشرق,AN-NASEEM,East An Naseem Gas Station,تجاري,Gas station,"24.7377411, 46.85097518"
EAST AN-NASEEM,الشرق,AN-NASEEM,Al Zahrani Gas Station,تجاري,Gas station,"24.74957054, 46.84225773"
EAST AN-NASEEM,الشرق,AN-NASEEM,Abdullah Khodor Al Ghamedi Gas Station,تجاري,Gas station,"24.7230689, 46.85479191"
EAST AN-NASEEM,الشرق,AN-NASEEM,Faleh Abdullah Faleh Al Subai'i Gas Station,تجاري,Gas station,"24.74479731, 46.84354855"
EAST AN-NASEEM,الشرق,AN-NASEEM,Bin Omayra Station for Petroleum Services,تجاري,Petrol station,"24.74249402, 46.84135608"
EAST AN-NASEEM,الشرق,AN-NASEEM,Al Bassel Fuel Station,تجاري,Petrol station,"24.75213771, 46.83421598"
EAST AN-NASEEM,الشرق,AN-NASEEM,Naba Khurais Gas Station,تجاري,Gas station,"24.75482982, 46.83111885"
EAST AN-NASEEM,الشرق,AN-NASEEM,Iqbal Petrol Station,تجاري,Petrol station,"24.75226207, 46.82693381"
EAST AN-NASEEM,الشرق,AN-NASEEM,Petrolco Station,تجاري,Petrol station,"24.74894044, 46.82232558"
EAST AN-NASEEM,الشرق,AN-NASEEM,Al Ajami Fuel Station,تجاري,Petrol station,"24.74433078, 46.82560765"
EAST AN-NASEEM,الشرق,AN-NASEEM,Al Rakan Gas Station,تجاري,Gas station,"24.74723107, 46.8293239"
EAST AN-NASEEM,الشرق,AN-NASEEM,Zaiti Gas Station,تجاري,Gas station,"24.74313894, 46.84089251"
EAST AN-NASEEM,الشرق,AN-NASEEM,Aldrees Gas Station,تجاري,Gas station,"24.74662567, 46.83816103"
EAST AN-NASEEM,الشرق,AN-NASEEM,Mutrad Hussein Al Khaledi Fuel Station,تجاري,Petrol station,"24.74445604, 46.84429094"
EAST AN-NASEEM,الشرق,AN-NASEEM,Dhaher Al Anzi Gas Station,تجاري,Gas station,"24.73754333, 46.83764636"
EAST AN-NASEEM,الشرق,AN-NASEEM,Al Atoz Fuel Station,تجاري,Petrol station,"24.71654807, 46.8461999"
EAST AN-NASEEM,الشرق,AN-NASEEM,Al Zahrani Station for Petroleum Services,تجاري,Petrol station,"24.73767389, 46.84478956"
EAST AN-NASEEM,الشرق,AN-NASEEM,Petro Iqbal Station,تجاري,Petrol station,"24.73078224, 46.84905824"
EAST AN-NASEEM,الشرق,AN-NASEEM,Al Yami Gas Station,تجاري,Gas station,"24.730182, 46.8431883"
EAST AN-NASEEM,الشرق,AN-NASEEM,Liter Gas Station,تجاري,Gas station,"24.72133325, 46.8497818"
EAST AN-NASEEM,الشرق,AN-NASEEM,An Naseem Gas Station,تجاري,Gas station,"24.73516321, 46.83239118"
EAST AN-NASEEM,الشرق,AN-NASEEM,Aldrees Gas Station,تجاري,Gas station,"24.7162763, 46.85233661"
EAST AN-NASEEM,الشرق,AN-NASEEM,San'a Gas Station,تجاري,Gas station,"24.72972984, 46.85693783"
EAST AN-NASEEM,الشرق,AN-NASEEM,Petro Jadaf Station,تجاري,Petrol station,"24.72625014, 46.84613055"
EAST AN-NASEEM,الشرق,AN-NASEEM,Aldrees Al Azhar Gas Station,تجاري,Gas station,"24.72506467, 46.8470064"
EAST AN-NASEEM,الشرق,AN-NASEEM,Al Zakari Gas Station,تجاري,Gas station,"24.72473425, 46.84013327"
AL- NADWAH,الشرق,AN-NASEEM,Liter Gas Station,تجاري,Gas station,"24.79429873, 46.86747287"
AL- NADWAH,الشرق,AN-NASEEM,Al Say'ari Fuel Station,تجاري,Petrol station,"24.78612328, 46.88094872"
AL- NADWAH,الشرق,AN-NASEEM,Al Bateen Complex for Petroleum Services,تجاري,Petrol station,"24.79819381, 46.87471829"
AL- NADWAH,الشرق,AN-NASEEM,Al Zahrani Gas Station,تجاري,Gas station,"24.7871336, 46.87770598"
AL- NADWAH,الشرق,AN-NASEEM,Al Babiteen Gas Station,تجاري,Gas station,"24.80134777, 46.86953247"
AL- NADWAH,الشرق,AN-NASEEM,Al Atoz Station for Petroleum Services,تجاري,Petrol station,"24.7910826, 46.88477559"
AL- NADWAH,الشرق,AN-NASEEM,Al Sai'ari Gas Station,تجاري,Gas station,"24.79389186, 46.8835296"
AN-NADHEEM,الشرق,AN-NASEEM,Al Khamseen Gas Station,تجاري,Gas station,"24.81103614, 46.90057989"
AN-NADHEEM,الشرق,AN-NASEEM,Al Haddadi Gas Station,تجاري,Gas station,"24.79611817, 46.88995823"
AN-NADHEEM,الشرق,AN-NASEEM,Riyadh Gas Station,تجاري,Gas station,"24.80488098, 46.87663292"
AN-NADHEEM,الشرق,AN-NASEEM,Riyadh Gas Station,تجاري,Gas station,"24.80768883, 46.87962148"
AN-NADHEEM,الشرق,AN-NASEEM,Aldrees Diesel Station,تجاري,Petrol station,"24.81309964, 46.87827981"
AN-NADHEEM,الشرق,AN-NASEEM,Al Ruwaydan for Car Services,تجاري,Petrol station,"24.81688469, 46.88081951"
AN-NADHEEM,الشرق,AN-NASEEM,Al Jarman for Petroleum Services,تجاري,Petrol station,"24.81321815, 46.88288042"
AN-NADHEEM,الشرق,AN-NASEEM,Al Jam'an Gas Station,تجاري,Gas station,"24.81884953, 46.88962159"
AN-NADHEEM,الشرق,AN-NASEEM,An Nadheem Gas Station,تجاري,Gas station,"24.82060519, 46.88377213"
AN-NADHEEM,الشرق,AN-NASEEM,Petro SAR Fuel Station,تجاري,Petrol station,"24.80269162, 46.89325911"
AN-NADHEEM,الشرق,AN-NASEEM,Naft Oil Station,تجاري,Petrol station,"24.80369035, 46.8875589"
AN-NADHEEM,الشرق,AN-NASEEM,Liter Station for Petroleum Services,تجاري,Petrol station,"24.80811417, 46.88729265"
AN-NADHEEM,الشرق,AN-NASEEM,Mohammad Hamed Jam'an Al Ghamedi Gas Station,تجاري,Gas station,"24.80854544, 46.8977645"
AN-NADHEEM,الشرق,AN-NASEEM,Al Tal Gas Station,تجاري,Gas station,"24.81699467, 46.90516468"
AN-NADHEEM,الشرق,AN-NASEEM,Walid Takan Kadheem Al Shamari Gas Station,تجاري,Gas station,"24.81226859, 46.90036848"
AL-JAZEERAH,الجنوب,AS-SULAI,Aldrees Fuel Station,تجاري,Petrol station,"24.68054212, 46.78205319"
AL-JAZEERAH,الجنوب,AS-SULAI,Aldrees Petrol Station,تجاري,Petrol station,"24.6787093, 46.77848335"
AL-JAZEERAH,الجنوب,AS-SULAI,Aldrees Gas Station,تجاري,Gas station,"24.64790868, 46.79550746"
AL-JAZEERAH,الجنوب,AS-SULAI,Country Gas Station,تجاري,Gas station,"24.64998806, 46.79775758"
AL-JAZEERAH,الجنوب,AS-SULAI,Riyadh Petrol Station,تجاري,Petrol station,"24.65793731, 46.81104402"
AL-FAIHA,الجنوب,AS-SULAI,Naft Gas Station,تجاري,Gas station,"24.67924532, 46.80028883"
AL-FAIHA,الجنوب,AS-SULAI,Naft Al Aseel Oil Station,تجاري,Petrol station,"24.68395578, 46.79935732"
AL-FAIHA,الجنوب,AS-SULAI,Jood Al Bustan Gas Station,تجاري,Gas station,"24.68156819, 46.81605311"
AL-FAIHA,الجنوب,AS-SULAI,SASCO Petrol Station,تجاري,Petrol station,"24.6726964, 46.81520428"
AL-FAIHA,الجنوب,AS-SULAI,Zaiti Gas Station,تجاري,Gas station,"24.67644478, 46.82302803"
AL-FAIHA,الجنوب,AS-SULAI,Tas'helat Gas Station,تجاري,Gas station,"24.6848776, 46.81298744"
AL-FAIHA,الجنوب,AS-SULAI,Zaiti Gas Station,تجاري,Gas station,"24.68616292, 46.81762411"
AL-FAIHA,الجنوب,AS-SULAI,Aldrees Fuel Station,تجاري,Petrol station,"24.6851999, 46.82219786"
AL-FAIHA,الجنوب,AS-SULAI,Liter Point Petrol Station,تجاري,Petrol station,"24.69434076, 46.81417207"
AL-FAIHA,الجنوب,AS-SULAI,Al Faiha Petrol Station,تجاري,Petrol station,"24.69294265, 46.81089468"
AL-FAIHA,الجنوب,AS-SULAI,Iqbal Fuel Station,تجاري,Petrol station,"24.67316341, 46.80383381"
AS-SAADAH,الجنوب,AS-SULAI,Al Atoz Petrol Station,تجاري,Petrol station,"24.70230802, 46.84317449"
AS-SAADAH,الجنوب,AS-SULAI,Aldrees Petrol Station,تجاري,Petrol station,"24.68775083, 46.84296649"
AS-SAADAH,الجنوب,AS-SULAI,As Saadah Gas Station,تجاري,Gas station,"24.70830902, 46.84412311"
AS-SAADAH,الجنوب,AS-SULAI,Al Sultan Center for Petroleum Services,تجاري,Petrol station,"24.69264123, 46.84772272"
AS-SAADAH,الجنوب,AS-SULAI,Petromin Gas Station,تجاري,Gas station,"24.69726051, 46.82133291"
AS-SAADAH,الجنوب,AS-SULAI,Saudi Energy Company Station,تجاري,Gas station,"24.68828224, 46.84867403"
AS-SAADAH,الجنوب,AS-SULAI,Al Say'ari Gas Station,تجاري,Gas station,"24.68662907, 46.84490529"
AS-SAADAH,الجنوب,AS-SULAI,Al Babiteen Gas Station,تجاري,Gas station,"24.68428993, 46.84003598"
AS-SAADAH,الجنوب,AS-SULAI,Al Reef Oasis Petrol Station,تجاري,Petrol station,"24.70049836, 46.85521723"
AS-SAADAH,الجنوب,AS-SULAI,Abed Al Mohsen Al Harbi Station for Petroleum Services,تجاري,Petrol station,"24.69748539, 46.85022318"
AS-SAADAH,الجنوب,AS-SULAI,Petro Iqbal Fuel Station,تجاري,Petrol station,"24.70765488, 46.84026832"
AS-SAADAH,الجنوب,AS-SULAI,Petro Iqbal Fuel Station,تجاري,Petrol station,"24.71201921, 46.847542"
AS-SAADAH,الجنوب,AS-SULAI,Aldrees Petrol Fuel Station,تجاري,Petrol station,"24.6925072, 46.85123386"
AS-SAADAH,الجنوب,AS-SULAI,Al Jefen Station for Petroleum Services,تجاري,Petrol station,"24.70648612, 46.83945233"
AS-SAADAH,الجنوب,AS-SULAI,First Power Station Fuel Station,تجاري,Petrol station,"24.70275429, 46.8337249"
AS-SAADAH,الجنوب,AS-SULAI,Naft Station for Petroleum Services,تجاري,Petrol station,"24.69893152, 46.8379489"
AS-SAADAH,الجنوب,AS-SULAI,Petro Diesel Station for Petroleum Services,تجاري,Petrol station,"24.70285887, 46.83270512"
AL-MANAKH,الجنوب,AS-SULAI,Aldrees Gas Station,تجاري,Gas station,"24.60086497, 46.8392464"
AL-MANAKH,الجنوب,AS-SULAI,Al Wissam Gas Station,تجاري,Gas station,"24.60600783, 46.83198768"
AL-MANAKH,الجنوب,AS-SULAI,Al Briki Fuel Services,تجاري,Petrol station,"24.62689479, 46.79412116"
AL-MANAKH,الجنوب,AS-SULAI,Al Munakh Station,تجاري,Petrol station,"24.62304505, 46.77610194"
AN-NOOR,الجنوب,AS-SULAI,Jam'an Al Ghamedi Station,تجاري,Gas station,"24.61401525, 46.82746511"
AN-NOOR,الجنوب,AS-SULAI,Sahel Gas Station,تجاري,Gas station,"24.61279195, 46.82327254"
AN-NOOR,الجنوب,AS-SULAI,Sahel Gas Station,تجاري,Gas station,"24.64966198, 46.81577666"
AN-NOOR,الجنوب,AS-SULAI,Al No'man Fuel Station,تجاري,Petrol station,"24.64023418, 46.80565159"
AN-NOOR,الجنوب,AS-SULAI,Aldrees Fuel Station,تجاري,Petrol station,"24.64345023, 46.79873641"
AN-NOOR,الجنوب,AS-SULAI,Al No'man Oasis Gas Station,تجاري,Gas station,"24.63555076, 46.8092775"
AN-NOOR,الجنوب,AS-SULAI,Petro Iqbal Station,تجاري,Petrol station,"24.64981657, 46.81212214"
AN-NOOR,الجنوب,AS-SULAI,An Noor Fuel Station,تجاري,Petrol station,"24.62550729, 46.80673986"
NEW INDUSTRIAL CITY,الجنوب,AS-SULAI,Sahel Gas Station,تجاري,Gas station,"24.55457809, 46.85732424"
AL-WADI,الشمال,SHIMAL-Al-Riyadh,SASCO Gas Station,تجاري,Gas station,"24.79805788, 46.69695226"
AL-WADI,الشمال,SHIMAL-Al-Riyadh,Aldrees Gas Station,تجاري,Gas station,"24.79043473, 46.70087715"
AL-WADI,الشمال,SHIMAL-Al-Riyadh,Aldrees Gas Station,تجاري,Gas station,"24.78842254, 46.6924198"
AL-WADI,الشمال,SHIMAL-Al-Riyadh,Al Wadi Oil Station,تجاري,Petrol station,"24.78290817, 46.68420619"
AN-NAFEL,الشمال,SHIMAL-Al-Riyadh,Liter Gas Station,تجاري,Gas station,"24.78070847, 46.68415509"
AN-NAFEL,الشمال,SHIMAL-Al-Riyadh,Aldrees Gas Station,تجاري,Gas station,"24.78571467, 46.67312572"
AN-NAFEL,الشمال,SHIMAL-Al-Riyadh,Aldrees Gas Station,تجاري,Gas station,"24.78352316, 46.68055775"
AN-NAFEL,الشمال,SHIMAL-Al-Riyadh,Mohammad Al Rasheed Gas Station,تجاري,Gas station,"24.7746063, 46.66679143"
AN-NAFEL,الشمال,SHIMAL-Al-Riyadh,Aldrees Gas Station,تجاري,Gas station,"24.77996353, 46.66401359"
WEST AN-NASEEM,الشرق,AN-NASEEM,Al Zahrani Gas Station,تجاري,Gas station,"24.71923914, 46.82020071"
WEST AN-NASEEM,الشرق,AN-NASEEM,Aldrees Gas Station,تجاري,Gas station,"24.72639038, 46.81479653"
WEST AN-NASEEM,الشرق,AN-NASEEM,West An Naseem Fuel Station,تجاري,Petrol station,"24.71558367, 46.84015346"
WEST AN-NASEEM,الشرق,AN-NASEEM,Al Jaser Majed Gas Station,تجاري,Gas station,"24.70841337, 46.83428352"
WEST AN-NASEEM,الشرق,AN-NASEEM,Zaiti Gas Station,تجاري,Gas station,"24.70642037, 46.83584183"
WEST AN-NASEEM,الشرق,AN-NASEEM,Tas'helat Gas Station,تجاري,Gas station,"24.72356525, 46.82928551"
WEST AN-NASEEM,الشرق,AN-NASEEM,Mohammad Bil'abid Gas Station,تجاري,Gas station,"24.73973506, 46.8162923"
WEST AN-NASEEM,الشرق,AN-NASEEM,Dana Petrol Station,تجاري,Petrol station,"24.73999658, 46.82280086"
WEST AN-NASEEM,الشرق,AN-NASEEM,Abdullah Ahmad Mahfouz Al Zahrani Gas Station,تجاري,Gas station,"24.73513291, 46.82038296"
WEST AN-NASEEM,الشرق,AN-NASEEM,Aldrees Gas Station,تجاري,Gas station,"24.74467336, 46.81160848"
WEST AN-NASEEM,الشرق,AN-NASEEM,Pyramid Corner Fuel Station,تجاري,Petrol station,"24.73786545, 46.82366781"
WEST AN-NASEEM,الشرق,AN-NASEEM,Al Jam'an Gas Station,تجاري,Gas station,"24.74160333, 46.82085954"
WEST AN-NASEEM,الشرق,AN-NASEEM,Al Ajami Gas Station,تجاري,Gas station,"24.74307781, 46.8145559"
WEST AN-NASEEM,الشرق,AN-NASEEM,Fouad Abdullah Al Ghazali,تجاري,Gas station,"24.73851518, 46.81101075"
WEST AN-NASEEM,الشرق,AN-NASEEM,West An Naseem Gas Station,تجاري,Gas station,"24.73803512, 46.80614976"
WEST AN-NASEEM,الشرق,AN-NASEEM,Aldrees Petrol Station,تجاري,Petrol station,"24.74112291, 46.80594764"
WEST AN-NASEEM,الشرق,AN-NASEEM,Majantak Gas Station,تجاري,Gas station,"24.73592619, 46.80683849"
WEST AN-NASEEM,الشرق,AN-NASEEM,Al Sayer for Petroleum Services,تجاري,Petrol station,"24.73895218, 46.82866456"
WEST AN-NASEEM,الشرق,AN-NASEEM,Fahed Sultan Gas Station,تجاري,Gas station,"24.73461713, 46.82680105"
WEST AN-NASEEM,الشرق,AN-NASEEM,Taybah Petrol Station,تجاري,Petrol station,"24.73373661, 46.82957871"
WEST AN-NASEEM,الشرق,AN-NASEEM,Khulud for Petroleum Services,تجاري,Petrol station,"24.72357251, 46.83497675"
WEST AN-NASEEM,الشرق,AN-NASEEM,Mahfouz Abdullah Al Zahrani for Petroleum Services,تجاري,Petrol station,"24.73085237, 46.80589251"
WEST AN-NASEEM,الشرق,AN-NASEEM,Aldrees Gas Station,تجاري,Gas station,"24.70371254, 46.8318104"
WEST AN-NASEEM,الشرق,AN-NASEEM,Peace Ship Gas Station,تجاري,Gas station,"24.7219458, 46.81724456"
WEST AN-NASEEM,الشرق,AN-NASEEM,Al Jeshi Gas Station,تجاري,Gas station,"24.71873122, 46.82648313"
WEST AN-NASEEM,الشرق,AN-NASEEM,Muzna Abdulaziz Al Muzeed Gas Station,تجاري,Gas station,"24.71665292, 46.82696746"
WEST AN-NASEEM,الشرق,AN-NASEEM,Al Babiteen Gas Station,تجاري,Gas station,"24.71912689, 46.83135034"
WEST AN-NASEEM,الشرق,AN-NASEEM,Al Matiri Gas Station,تجاري,Gas station,"24.72321858, 46.81711383"
WEST AN-NASEEM,الشرق,AN-NASEEM,Aldrees Gas Station 77,تجاري,Gas station,"24.72094131, 46.81321632"
WEST AN-NASEEM,الشرق,AN-NASEEM,Al Fallah Gas Station,تجاري,Gas station,"24.72567909, 46.83270262"
WEST AN-NASEEM,الشرق,AN-NASEEM,South Port Fuel Station,تجاري,Petrol station,"24.7136644, 46.83557415"
WEST AN-NASEEM,الشرق,AN-NASEEM,Saudi Energy Station,تجاري,Gas station,"24.71073643, 46.84312423"
WEST AN-NASEEM,الشرق,AN-NASEEM,Bader Fuel Station,تجاري,Petrol station,"24.70812263, 46.828297"
WEST AN-NASEEM,الشرق,AN-NASEEM,West An Naseem Gas Station,تجاري,Gas station,"24.71019569, 46.83194467"
WEST AN-NASEEM,الشرق,AN-NASEEM,Liter Fuel Station,تجاري,Petrol station,"24.71267368, 46.83705953"
WEST AN-NASEEM,الشرق,AN-NASEEM,SASCO Gas Station,تجاري,Gas station,"24.75015486, 46.82023034"
AL-ANDALUS,الشرق,AR-RAWDAH,Al Ghamdi Gas Station,تجاري,Gas station,"24.74528749, 46.78992293"
AL-ANDALUS,الشرق,AR-RAWDAH,Al Ghuwairi Gas Station,تجاري,Gas station,"24.74570045, 46.79793116"
AL-ANDALUS,الشرق,AR-RAWDAH,Sefa Gas Station,تجاري,Gas station,"24.75493925, 46.78815268"
AL-ANDALUS,الشرق,AR-RAWDAH,Wuqudukom Station for Fuel and Services,تجاري,Petrol station,"24.75056697, 46.79430427"
AL-ANDALUS,الشرق,AR-RAWDAH,Sahel Gas Station,تجاري,Gas station,"24.73526912, 46.79379721"
AL-ANDALUS,الشرق,AR-RAWDAH,Aldrees Gas Station,تجاري,Gas station,"24.73880475, 46.78113292"
AL-ANDALUS,الشرق,AR-RAWDAH,SASCO Gas Station,تجاري,Gas station,"24.7345383, 46.78442037"
AL-ANDALUS,الشرق,AR-RAWDAH,Nasser Al Jefen Center for Petroleum Services,تجاري,Petrol station,"24.74321071, 46.7905653"
AR-RAYAN,الشرق,AN-NASEEM,Aldrees Gas Station,تجاري,Gas station,"24.70620262, 46.77493934"
AR-RAYAN,الشرق,AN-NASEEM,Petro Iqbal Station,تجاري,Petrol station,"24.71977838, 46.78891821"
AR-RAYAN,الشرق,AN-NASEEM,Aldrees Gas Station,تجاري,Gas station,"24.708472, 46.7875761"
AR-RAYAN,الشرق,AN-NASEEM,Petromin Gas Station,تجاري,Gas station,"24.69821257, 46.77309384"
AR-RAYAN,الشرق,AN-NASEEM,Aldrees Gas Station,تجاري,Gas station,"24.70661978, 46.76814219"
AR-RAYAN,الشرق,AN-NASEEM,Zaiti Gas Station,تجاري,Gas station,"24.7048324, 46.7814891"
AR-RAYAN,الشرق,AN-NASEEM,Al Muqran Gas Station,تجاري,Gas station,"24.714997, 46.78512415"
AL-MANAR,الشرق,AN-NASEEM,Zahrat Al Salam Said Bathebi Gas Station,تجاري,Gas station,"24.71553072, 46.79866783"
AL-MANAR,الشرق,AN-NASEEM,HIMA Gas Station,تجاري,Gas station,"24.72386557, 46.80964735"
AL-MANAR,الشرق,AN-NASEEM,Petro Iqbal Station,تجاري,Petrol station,"24.7265965, 46.80762437"
AL-MANAR,الشرق,AN-NASEEM,Riyadh Construction Gas Station,تجاري,Gas station,"24.72079621, 46.80725124"
AL-MANAR,الشرق,AN-NASEEM,Palm Gas Station,تجاري,Gas station,"24.72735665, 46.80354679"
AL-MANAR,الشرق,AN-NASEEM,Petromin Gas Station,تجاري,Gas station,"24.73419992, 46.79457163"
AL-MANAR,الشرق,AN-NASEEM,Naft Station - Khurais,تجاري,Gas station,"24.73044806, 46.78854296"
AL-MANAR,الشرق,AN-NASEEM,Liter Gas Station,تجاري,Gas station,"24.72353384, 46.79717243"
AL-MANAR,الشرق,AN-NASEEM,Al Ahliyah Gas Station,تجاري,Gas station,"24.71433842, 46.79398103"
AL-MANAR,الشرق,AN-NASEEM,Aldrees Gas Station,تجاري,Gas station,"24.72337572, 46.78729219"
AR-RAWABI,الشرق,AN-NASEEM,Al Aida for Petroleum Services,تجاري,Petrol station,"24.69967057, 46.79973647"
AR-RAWABI,الشرق,AN-NASEEM,Mizan Al Yarmuk Center for Cars Maintenance,تجاري,Petrol station,"24.69301385, 46.78472245"
AR-RAWABI,الشرق,AN-NASEEM,Aldrees Gas Station,تجاري,Gas station,"24.68988783, 46.78393614"
AR-RAWABI,الشرق,AN-NASEEM,Iqbal Petrol Station,تجاري,Petrol station,"24.69627241, 46.79288926"
AR-RAWABI,الشرق,AN-NASEEM,Aldrees Gas Station,تجاري,Gas station,"24.69589764, 46.78368771"
AR-RAWABI,الشرق,AN-NASEEM,Ar Rawabi Fuel Station,تجاري,Petrol station,"24.69333864, 46.78953684"
AR-RAWABI,الشرق,AN-NASEEM,Petro Iqbal Station,تجاري,Petrol station,"24.69498663, 46.79197003"
AR-RAWABI,الشرق,AN-NASEEM,Zaiti Gas Station,تجاري,Gas station,"24.68571169, 46.79041065"
AR-RAWABI,الشرق,AN-NASEEM,Ar Rawabi Gas Station,تجاري,Gas station,"24.68182403, 46.78260505"
AR-RAWABI,الشرق,AN-NASEEM,AC Delco Gas Station,تجاري,Gas station,"24.68041566, 46.77809968"
AS-SALAM,الشرق,AN-NASEEM,Al Zahrani Gas Station,تجاري,Gas station,"24.69901373, 46.82317255"
AS-SALAM,الشرق,AN-NASEEM,Al Manar Petrol Station,تجاري,Petrol station,"24.70698, 46.7995082"
AS-SALAM,الشرق,AN-NASEEM,Al Zahrani Gas Station,تجاري,Gas station,"24.70440561, 46.82422353"
AS-SALAM,الشرق,AN-NASEEM,Al Atoz Gas Station,تجاري,Gas station,"24.69443998, 46.81225709"
AS-SALAM,الشرق,AN-NASEEM,Naif Gas Station,تجاري,Gas station,"24.72142319, 46.80998519"
AS-SALAM,الشرق,AN-NASEEM,Petro Iqbal Gas Station,تجاري,Gas station,"24.71747013, 46.81430037"
AS-SALAM,الشرق,AN-NASEEM,As Sayer Gas Station,تجاري,Gas station,"24.71041058, 46.81964045"
AS-SALAM,الشرق,AN-NASEEM,As Salam Petrol Station,تجاري,Petrol station,"24.70809236, 46.81221365"
AS-SALAM,الشرق,AN-NASEEM,Petro Iqbal Gas Station,تجاري,Gas station,"24.71600198, 46.80114929"
AS-SALAM,الشرق,AN-NASEEM,Iqbal Gas Station,تجاري,Gas station,"24.70785098, 46.81337938"
AS-SALAM,الشرق,AN-NASEEM,Lamsa Gas Station,تجاري,Gas station,"24.69675683, 46.81756069"
AS-SALAM,الشرق,AN-NASEEM,Al Rashudi Gas Station,تجاري,Gas station,"24.70022588, 46.80455584"
AS-SALAM,الشرق,AN-NASEEM,Al Muqham Gas Station,تجاري,Gas station,"24.69375507, 46.81028926"
AL-GHADEER,الشمال,SHIMAL-Al-Riyadh,Al Ghadeer Oil Station,تجاري,Petrol station,"24.77629784, 46.65875425"
AL-GHADEER,الشمال,SHIMAL-Al-Riyadh,National Oil Station,تجاري,Petrol station,"24.77177143, 46.65246487"
AS-SULAI,الجنوب,AS-SULAI,Aldrees Fuel Station,تجاري,Petrol station,"24.66521918, 46.84194326"
AS-SULAI,الجنوب,AS-SULAI,Zad Najd Petrol Station,تجاري,Petrol station,"24.63330788, 46.84735193"
AS-SULAI,الجنوب,AS-SULAI,Clouds Fuel Station,تجاري,Petrol station,"24.61973057, 46.83937834"
AS-SULAI,الجنوب,AS-SULAI,As Sulai Gas Station,تجاري,Gas station,"24.66398968, 46.85608275"
AS-SULAI,الجنوب,AS-SULAI,Sama Gas Station,تجاري,Gas station,"24.6804795, 46.85561467"
AS-SULAI,الجنوب,AS-SULAI,As Sulai Fuel Station,تجاري,Petrol station,"24.66806547, 46.84867971"
AS-SULAI,الجنوب,AS-SULAI,Aldrees Fuel Station,تجاري,Petrol station,"24.68093723, 46.84683462"
AS-SULAI,الجنوب,AS-SULAI,Tas'helat Gas Station,تجاري,Gas station,"24.65724354, 46.81292835"
AS-SULAI,الجنوب,AS-SULAI,Bat and Noura Fuel Station,تجاري,Petrol station,"24.67300264, 46.85138172"
AS-SULAI,الجنوب,AS-SULAI,View Fuel Station,تجاري,Petrol station,"24.67035074, 46.85386895"
AS-SULAI,الجنوب,AS-SULAI,Aldrees Fuel Station,تجاري,Petrol station,"24.67954637, 46.83263953"
AS-SULAI,الجنوب,AS-SULAI,Petro Iqbal Fuel Station,تجاري,Petrol station,"24.66500925, 46.84487619"
AS-SULAI,الجنوب,AS-SULAI,Zaiti Fuel Station,تجاري,Petrol station,"24.68866645, 46.85229362"
AS-SULAI,الجنوب,AS-SULAI,Ali Abdullah Ali Bilhibak Gas Station,تجاري,Gas station,"24.65274273, 46.81559328"
AS-SULAI,الجنوب,AS-SULAI,Sahel Gas Station,تجاري,Gas station,"24.6558279, 46.8248594"
AS-SULAI,الجنوب,AS-SULAI,As Sulai Oil Station,تجاري,Petrol station,"24.65792277, 46.82926259"
AS-SULAI,الجنوب,AS-SULAI,Fuel Station next to Nadec,تجاري,Petrol station,"24.67638484, 46.82621731"
AL-MASHAEL,الجنوب,AS-SULAI,Arkan Al Toot Gas Station,تجاري,Gas station,"24.62757974, 46.87861364"
AL-MASHAEL,الجنوب,AS-SULAI,Zaiti Gas Station,تجاري,Gas station,"24.60815139, 46.830969"
AL-MASHAEL,الجنوب,AS-SULAI,Asia Petrol Station,تجاري,Petrol station,"24.62084487, 46.84480996"
AS-SULAI,الجنوب,AS-SULAI,As Sulai Oil Station,تجاري,Petrol station,"24.64316489, 46.83173644"
AS-SULAI,الجنوب,AS-SULAI,Al Rajehi Gas Station,تجاري,Gas station,"24.63204854, 46.84940321"
AS-SULAI,الجنوب,AS-SULAI,Petro Iqbal Fuel Station,تجاري,Petrol station,"24.66877311, 46.82841715"
KING KHALID INT.AIRPORT,الشمال,KING KHALID INT. AIRPORT,Ohod Gas Station,تجاري,Gas station,"24.92858787, 46.71366219"
KING KHALID INT.AIRPORT,الشمال,KING KHALID INT. AIRPORT,SASCO Gas Station,تجاري,Gas station,"24.84703242, 46.73403855"
KHASHM AL ANN,الشرق,KHASHM AL ANN,Khashm Al Ann Gas Station,تجاري,Gas station,"24.71751769, 46.85620772"
KHASHM AL ANN,الشرق,KHASHM AL ANN,Khashm Al Ann Gas Station,تجاري,Gas station,"24.71955742, 46.85934522"
TWAEEQ,الغرب,IRQAH,Ar Rimal Gas Station,تجاري,Gas station,"24.58204815, 46.52483348"
TWAEEQ,الغرب,IRQAH,Naft Petrol Station,تجاري,Petrol station,"24.57489976, 46.5244433"
TWAEEQ,الغرب,IRQAH,Aldrees Gas Station,تجاري,Gas station,"24.58544308, 46.5246357"
TWAEEQ,الغرب,IRQAH,Al Qahtani Gas Station,تجاري,Gas station,"24.58411353, 46.53707707"
TWAEEQ,الغرب,IRQAH,Petromin Gas Station,تجاري,Gas station,"24.57195945, 46.52405728"
TWAEEQ,الغرب,IRQAH,Petromin Gas Station,تجاري,Gas station,"24.54394401, 46.4671188"
TWAEEQ,الغرب,IRQAH,Al Hijaz Gas Station,تجاري,Gas station,"24.55172053, 46.48398418"
TWAEEQ,الغرب,IRQAH,Twaeq Gas Station,تجاري,Gas station,"24.56545132, 46.51582448"
AL-BOTAIHA,الوسط,AL-BATHA,National Elite Gas Station,تجاري,Gas station,"24.62101843, 46.72190176"
AL-MISFAH,الجنوب,AL-AZIZIYAH,Nawf Gas Station,تجاري,Gas station,"24.45401277, 46.98744002"
AL-GHANAMIYAH,الجنوب,AL-HAIER,Jahez Petrol Station,تجاري,Petrol station,"24.47928059, 46.80344265"
AL-HAZM,الغرب,NAMAR,Construction System Fuel Station,تجاري,Petrol station,"24.54634422, 46.65142551"
AL-HAZM,الغرب,NAMAR,Aldrees Gas Station,تجاري,Gas station,"24.5493075, 46.6673877"
AL-HAZM,الغرب,NAMAR,Mohammad bin Shaman Nashay Al Otaibi Gas Station,تجاري,Gas station,"24.53623578, 46.6461287"
AL-HAZM,الغرب,NAMAR,Jawaher Gas Station,تجاري,Gas station,"24.53821452, 46.6543243"
AL-HAZM,الغرب,NAMAR,Aldrees Fuel Station,تجاري,Petrol station,"24.54742988, 46.64954552"
AL-MALQA,الشمال,SHIMAL-Al-Riyadh,Jahez Fuel Station,تجاري,Petrol station,"24.8092546, 46.59559725"
AL-MALQA,الشمال,SHIMAL-Al-Riyadh,J Oil Fuel Station,تجاري,Petrol station,"24.78105605, 46.57078099"
AL-MALQA,الشمال,SHIMAL-Al-Riyadh,Naft Gas Station,تجاري,Gas station,"24.79179759, 46.62462063"
AL-MALQA,الشمال,SHIMAL-Al-Riyadh,Al Malqa Fuel Station,تجاري,Petrol station,"24.78795661, 46.61547173"
AL-MALQA,الشمال,SHIMAL-Al-Riyadh,Raed Al Shamali Gas Station,تجاري,Gas station,"24.81722319, 46.59654926"
AL-ARID,الشمال,SHIMAL-Al-Riyadh,Al Arid Gas Station,تجاري,Gas station,"24.86282698, 46.60711414"
AL-ARID,الشمال,SHIMAL-Al-Riyadh,Raed Al Sahaml Gas Station,تجاري,Gas station,"24.85634028, 46.61044271"
AL-ARID,الشمال,SHIMAL-Al-Riyadh,Al Bustani Gas Station,تجاري,Gas station,"24.94143148, 46.55693047"
AL-ARID,الشمال,SHIMAL-Al-Riyadh,Al Atoz Gas Station 121,تجاري,Gas station,"24.85557827, 46.60009733"
AL-ARID,الشمال,SHIMAL-Al-Riyadh,Sadir Street Petrol Station,تجاري,Petrol station,"24.86044147, 46.59785354"
AL-ARID,الشمال,SHIMAL-Al-Riyadh,Petroli Gas Station for Petroleum Services,تجاري,Gas station,"24.8351253, 46.61042616"
AL-ARID,الشمال,SHIMAL-Al-Riyadh,National Oils Station,تجاري,Petrol station,"24.86558328, 46.6196395"
AL-ARID,الشمال,SHIMAL-Al-Riyadh,Taybah Gas Station,تجاري,Gas station,"24.92251284, 46.56634076"
AL-ARID,الشمال,SHIMAL-Al-Riyadh,Al Qahtani Gas Station,تجاري,Gas station,"24.89161886, 46.60210724"
AL-ARID,الشمال,SHIMAL-Al-Riyadh,Petroli Gas Station,تجاري,Gas station,"24.85083181, 46.60245829"
AL-ARID,الشمال,SHIMAL-Al-Riyadh,Sahel Gas Station,تجاري,Gas station,"24.84157606, 46.60739996"
AN-NARJIS,الشمال,SHIMAL-Al-Riyadh,Al Narjes Fuel Station,تجاري,Petrol station,"24.84456184, 46.67508458"
AN-NARJIS,الشمال,SHIMAL-Al-Riyadh,Emirates Gas Station,تجاري,Gas station,"24.85128768, 46.64972443"
AN-NARJIS,الشمال,SHIMAL-Al-Riyadh,Al Arfaj Fuel Station,تجاري,Petrol station,"24.83781558, 46.68666089"
AN-NARJIS,الشمال,SHIMAL-Al-Riyadh,Mount Sena Fuel Station,تجاري,Petrol station,"24.84894394, 46.68200494"
AN-NARJIS,الشمال,SHIMAL-Al-Riyadh,Sulaiman Al Zaidi Fuel Station,تجاري,Petrol station,"24.83868982, 46.67644377"
AR-RIMAL,الشرق,AR-RAWDAH,Al Jam'an Gas Station,تجاري,Gas station,"24.83753098, 46.80886548"
AR-RIMAL,الشرق,AR-RAWDAH,Al Juraidan Gas Station,تجاري,Gas station,"24.8759419, 46.84551658"
AR-RIMAL,الشرق,AR-RAWDAH,Aldrees Fuel Station,تجاري,Petrol station,"24.82886687, 46.79510985"
AR-RIMAL,الشرق,AR-RAWDAH,Al Khuraineq Gas Station,تجاري,Gas station,"24.83037293, 46.81051578"
AR-RIMAL,الشرق,AR-RAWDAH,Aldrees Fuel Station,تجاري,Petrol station,"24.83949032, 46.8066808"
AR-RIMAL,الشرق,AR-RAWDAH,Al Thiabi Gas Station,تجاري,Gas station,"24.87854655, 46.84502463"
Al Bayan,الشرق,AR-RAWDAH,Jarash Climate Gas Station,تجاري,Gas station,"24.86244623, 46.84987956"
Al Bayan,الشرق,AR-RAWDAH,Sawa'ed Al Qusaim Gas Station,تجاري,Gas station,"24.85783165, 46.85108197"
AL- NADWAH,الشرق,AN-NASEEM,Liter Station for Petroleum Services,تجاري,Petrol station,"24.79455214, 46.87919835"
AL-AZIZIYAH,الجنوب,AL-AZIZIYAH,Al Aziziyah Express Supply Station,تجاري,Petrol station,"24.60169036, 46.76904371"
LABAN,الغرب,AL-URAIJA,Aldrees Gas Station,تجاري,Gas station,"24.63594762, 46.62380747"
LABAN,الغرب,AL-URAIJA,Aldrees Gas Station,تجاري,Gas station,"24.6316931, 46.61130821"
DAHRAT LABAN,الغرب,IRQAH,Al Ghamdi Fuel Station,تجاري,Petrol station,"24.62422341, 46.53939911"
AS-SUWAIDI,الغرب,AL-URAIJA,Aldrees Gas Station,تجاري,Gas station,"24.59610254, 46.66187274"
AL-ARID,الشمال,SHIMAL-Al-Riyadh,Abu Haitham Gas Station,تجاري,Gas station,"24.88165346, 46.58714348"
OKAZ,الجنوب,ASH-SHIFA,Al Salemi Gas Station,تجاري,Gas station,"24.52983018, 46.65361445"
AL-BARIYAH,الجنوب,AS-SULAI,Al Bariyah Gas Station,تجاري,Gas station,"24.57589107, 46.89739788"
AL-AZIZIYAH,الجنوب,AL-AZIZIYAH,Aldrees Gas Station,تجاري,Gas station,"24.60361671, 46.75531935"
AL-AZIZIYAH,الجنوب,AL-AZIZIYAH,Al Awbathani Gas Station,تجاري,Gas station,"24.60438417, 46.75857118"
LABAN,الغرب,AL-URAIJA,Laban Gas Station,تجاري,Gas station,"24.63006048, 46.60616884"
LABAN,الغرب,AL-URAIJA,Laban Gas Station,تجاري,Gas station,"24.6349038, 46.62068284"
AL-AZIZIYAH,الجنوب,AL-AZIZIYAH,Riyadh Oil Station,تجاري,Petrol station,"24.59532785, 46.78415301"
AL-AZIZIYAH,الجنوب,AL-AZIZIYAH,Aldrees Gas Station,تجاري,Gas station,"24.5963895, 46.78259694"
AL-YARMUK,الشرق,AR-RAWDAH,Sahel Gas Station,تجاري,Gas station,"24.81993882, 46.78899202"
Al Fursan,الشرق,AN-NASEEM,Al Jefen Gas Station,تجاري,Gas station,"25.00256539, 47.20537115"
AL-MASHAEL,الجنوب,AS-SULAI,Al Jazeera Planets Gas Station,تجاري,Gas station,"24.61688945, 46.85782646"
DAHRAT LABAN,الغرب,IRQAH,Car Supply Fuel Station,تجاري,Petrol station,"24.64435403, 46.57020924"
TWAEEQ,الغرب,IRQAH,Twaeq Petrol Station,تجاري,Petrol station,"24.5755012, 46.5291165"
TWAEEQ,الغرب,NAMAR,Golden Oil Station,تجاري,Petrol station,"24.55123484, 46.57973367"
DAHRAT AL-BADEAH,الغرب,AL-URAIJA,Diamond Engineering Gas Station,تجاري,Gas station,"24.60042777, 46.65872802"
BADER,الجنوب,ASH-SHIFA,Kilo Gas Station,تجاري,Gas station,"24.55148674, 46.70415576"
AR-RABWAH,الوسط,AL-MALAZ,Ar Rabwah Petrol Station,تجاري,Petrol station,"24.69106961, 46.76110733"
DAHIAT NAMAR,الغرب,NAMAR,Jawharat Dirab Fuel Station,تجاري,Petrol station,"24.44896039, 46.61426538"
AL-QADISIYAH,الشرق,AR-RAWDAH,Al Atoz Fuel Station,تجاري,Petrol station,"24.82250817, 46.81646123"
AL-QADISIYAH,الشرق,AR-RAWDAH,Marhaba Petrol Station,تجاري,Petrol station,"24.83052483, 46.81845248"
AL-MISFAH,الجنوب,AL-AZIZIYAH,Areej Fuel Station,تجاري,Petrol station,"24.51764749, 46.91256087"
AL-MISFAH,الجنوب,AL-AZIZIYAH,Sahel Fuel Station,تجاري,Petrol station,"24.49567961, 46.941985"
AL-JANADRIYAH,الشرق,AR-RAWDAH,Al Janadriyah Gas Station,تجاري,Gas station,"24.91893121, 46.94018935"
OHOD,الجنوب,ASH-SHIFA,Petro Gas Station,تجاري,Gas station,"24.49171015, 46.62729445"
AL-JANADRIYAH,الشرق,AR-RAWDAH,Orange Station for Petroleum Services,تجاري,Petrol station,"24.85453036, 46.86567941"
DAHRAT-AL-ODAH-GHARB-AD DIRIYAH,الدرعية,AD-DIRAYAH,Petro Star Station,تجاري,Petrol station,"24.73887522, 46.51646969"
HEET,الجنوب,AS-SULAI,Al Jeel Gas Station,تجاري,Gas station,"24.44367137, 47.00045309"
AL-YASMEEN,الشمال,SHIMAL-Al-Riyadh,Al Hadaf Petrol Station,تجاري,Petrol station,"24.83507015, 46.63634711"
AL-MASANI,الجنوب,ASH-SHIFA,Future Arrow Gas Station,تجاري,Gas station,"24.5417283, 46.76897541"
AL-HAIER,الجنوب,AL-HAIER,Al Ghoson Complex for Petroleum Services,تجاري,Petrol station,"24.4149658, 46.84457931"
AL-MARWAH,الجنوب,ASH-SHIFA,World Diar Furnished Residential Units 2,تجاري,Residential units,"24.53672906, 46.67133343"
SHUBRA,الغرب,AL-URAIJA,Aral Furnished Residential Units,تجاري,Residential units,"24.56732925, 46.65411279"
AL-OLAYA,الوسط,AL-OLAYA,Ibis Hotel,تجاري,Hotel,"24.71197746, 46.67669583"
AR-RABI,الشمال,SHIMAL-Al-Riyadh,Accor Palace Hotel,تجاري,Hotel,"24.78887627, 46.65118525"
AL-OLAYA,الوسط,AL-MALAZ,Aloft,تجاري,Hotel,"24.67961305, 46.69266829"
AL-YASMEEN,الشمال,SHIMAL-Al-Riyadh,Antor Hotel,تجاري,Hotel,"24.81691697, 46.64534324"
AL-OLAYA,الوسط,AL-OLAYA,Obaer Hotel,تجاري,Hotel,"24.68861451, 46.68806391"
AL-YASMEEN,الشمال,SHIMAL-Al-Riyadh,Olian Hotel,تجاري,Hotel,"24.80545304, 46.65708949"
AS-SAHAFA,الشمال,SHIMAL-Al-Riyadh,Ayan Hotel & Suites,تجاري,Hotel,"24.79802578, 46.63281633"
AS-SAHAFA,الشمال,SHIMAL-Al-Riyadh,Ascott Rafal Hotel,تجاري,Hotel,"24.80868365, 46.62637934"
ASH-SHIFA,الجنوب,ASH-SHIFA,Al Barthon Furnished Apartments,تجاري,Residential units,"24.55717836, 46.68410971"
BADER,الجنوب,ASH-SHIFA,Al Barghash Frunished Apartments,تجاري,Residential units,"24.53585856, 46.70956913"
AL-AQEEK,الشمال,SHIMAL-Al-Riyadh,Excecutives Hotel,تجاري,Hotel,"24.77415885, 46.63972618"
AL-OLAYA,الوسط,AL-OLAYA,Excecutives Hotel,تجاري,Hotel,"24.70862872, 46.67797986"
AL-AZIZIYAH,الجنوب,AL-AZIZIYAH,Excecutives Hotel,تجاري,Hotel,"24.59666195, 46.74517522"
AL-HAZM,الغرب,NAMAR,Rama Housing Units,تجاري,Residential units,"24.54238422, 46.64861052"
AL-HAMRA,الشرق,AR-RAWDAH,Hayatt Home Hotel,تجاري,Hotel,"24.77447589, 46.76228934"
AL-OLAYA,الوسط,AL-OLAYA,Al Khuzama Hotel,تجاري,Hotel,"24.69200355, 46.68552674"
AL-MARWAH,الجنوب,ASH-SHIFA,World Diar Furnished Residential Units 1,تجاري,Residential units,"24.54296008, 46.66466308"
AL-HADA,الوسط,ASH-SHOMAISI,The Ritz-Carlton Hotel,تجاري,Hotel,"24.6658656, 46.63073787"
AS-SUWAIDI AL-GHARBI,الغرب,AL-URAIJA,Al Iyadi Residential Units,تجاري,Residential units,"24.56512915, 46.62768677"
NAMAR,الغرب,NAMAR,Al Amoria Furnished Apartments,تجاري,Residential units,"24.57414938, 46.67654828"
AS-SUWAIDI AL-GHARBI,الغرب,AL-URAIJA,Al Amoria Furnished Apartments,تجاري,Residential units,"24.57529675, 46.60728913"
AN-NAMUTHAJIYAH,الوسط,ASH-SHOMAISI,First Room - Hotel Apartments,تجاري,Hotel apartments,"24.66009223, 46.69961536"
BADER,الجنوب,ASH-SHIFA,The Group Residential Units,تجاري,Residential units,"24.53171811, 46.696052"
AL-OLAYA,الوسط,AL-OLAYA,Al Faysaliyah Hotel,تجاري,Hotel,"24.6904768, 46.68411383"
ASH-SHOHDA,الشرق,AR-RAWDAH,Al Masem - Hotel Apartments,تجاري,Hotel apartments,"24.78468996, 46.73558006"
NAMAR,الغرب,NAMAR,Mamiran Furnished Residential Units,تجاري,Residential units,"24.57709323, 46.69165388"
NORTH AL-MATHAR,الوسط,AL-MATHAR,Orient Hotel,تجاري,Hotel,"24.70446322, 46.65525082"
KING ABDUL AZIZ,الوسط,AL-OLAYA,Al Mutlaq Hotel,تجاري,Hotel,"24.7003081, 46.71828875"
BADER,الجنوب,ASH-SHIFA,Golden Park Hotel Rooms,تجاري,Residential units,"24.55366735, 46.73149331"
SHUBRA,الغرب,AL-URAIJA,Al Muhaidb Hotel,تجاري,Residential units,"24.56865131, 46.65898347"
AL-MUTAMARAT,الوسط,ASH-SHOMAISI,InterContinental Hotel,تجاري,Hotel,"24.66713308, 46.69214973"
AL-WOROUD,الوسط,AL-OLAYA,Park House - Hotel Apartments,تجاري,Hotel apartments,"24.71873705, 46.6804424"
BADER,الجنوب,ASH-SHIFA,First Alternative Residential Units,تجاري,Residential units,"24.56441808, 46.71731564"
AL-WIZARAT,الوسط,AL-MALAZ,Braira Hotel,تجاري,Hotel,"24.67419495, 46.71802928"
QURTUBAH,الشرق,AR-RAWDAH,Braira Hotel,تجاري,Hotel,"24.81771339, 46.74103036"
AL-OLAYA,الوسط,AL-OLAYA,Braira Hotel - Al Olaya,تجاري,Hotel,"24.68537928, 46.68880661"
AL-MARWAH,الجنوب,ASH-SHIFA,Blue Park Furnished Residential Units,تجاري,Residential units,"24.54991266, 46.67017258"
AS-SAHAFA,الشمال,SHIMAL-Al-Riyadh,Boudl Hotel,تجاري,Hotel,"24.81053216, 46.64719218"
AS-SUWAIDI,الغرب,AL-URAIJA,Boudl Al Qasr - Hotel Apartments,تجاري,Hotel apartments,"24.5987019, 46.69642713"
AL-MUANISIYAH,الشرق,AR-RAWDAH,Boudl Al Munsiyah - Hotel Apartments,تجاري,Hotel apartments,"24.85428683, 46.77256593"
SHUBRA,الغرب,AL-URAIJA,Anfal House Furnished Apartments,تجاري,Residential units,"24.5684047, 46.65807056"
KING ABDULLAH,الوسط,AL-OLAYA,Best Western Fursan Hotel,تجاري,Hotel,"24.72953118, 46.75321504"
DAHRAT LABAN,الغرب,IRQAH,Makeen Homes - Hotel Apartments,تجاري,Hotel apartments,"24.64847484, 46.55711276"
GHIRNATAH,الشرق,AR-RAWDAH,Taleen - Hotel Apartments,تجاري,Hotel apartments,"24.79309037, 46.7456795"
AL-OLAYA,الوسط,AL-OLAYA,Sixty Three - Hotel Apartments,تجاري,Hotel apartments,"24.68271181, 46.69665244"
AL-MURABA,الوسط,AL-MALAZ,Grand Plaza Hotel - Al Dhabab,تجاري,Hotel,"24.66421305, 46.70569915"
NORTH AL-MATHAR,الوسط,AL-MATHAR,Grand Plaza Hotel - Specialist,تجاري,Hotel,"24.67958181, 46.67747292"
AD-DIRAH,الوسط,AL-BATHA,Grand Mena Hotel,تجاري,Hotel,"24.63778598, 46.71227265"
OLAISHAH,الوسط,ASH-SHOMAISI,Ronza Land Residential Units,تجاري,Residential units,"24.62560522, 46.68416719"
AL-MARGAB,الوسط,AL-BATHA,Gloria Inn Hotel,تجاري,Hotel,"24.6307716, 46.71726549"
AN-NASIRIYAH,الوسط,ASH-SHOMAISI,Golden Tulip Hotel,تجاري,Hotel,"24.65922862, 46.68308113"
AS-SULAIMANYAH,الوسط,AL-OLAYA,Hyatt Place Hotel,تجاري,Hotel,"24.70731912, 46.70837353"
AL-OLAYA,الوسط,AL-OLAYA,Hyatt Regency,تجاري,Hotel,"24.6984, 46.68237736"
AL-WADI,الشمال,SHIMAL-Al-Riyadh,Hyatt Home - Hotel Apartments,تجاري,Hotel apartments,"24.79378881, 46.69877674"
BADER,الجنوب,ASH-SHIFA,Dar Mname Residential Units,تجاري,Residential units,"24.54310874, 46.70250144"
BADER,الجنوب,ASH-SHIFA,Dari & Darak Furnished Residential Units,تجاري,Residential units,"24.54917049, 46.6973981"
BADER,الجنوب,ASH-SHIFA,Dora Muthanna Furnished Residential Units,تجاري,Residential units,"24.52986702, 46.70119697"
AL-NUZHA,الوسط,AL-OLAYA,Duset - Hotel Apartments,تجاري,Hotel apartments,"24.7553846, 46.70663696"
AL-MALQA,الشمال,SHIMAL-Al-Riyadh,Doolv Hotel,تجاري,Hotel,"24.80210418, 46.62550527"
AL-AQEEK,الشمال,SHIMAL-Al-Riyadh,Roof Hotels and Resorts,تجاري,Hotel,"24.78377944, 46.62744748"
AL-MARWAH,الجنوب,ASH-SHIFA,Vision Residential Units,تجاري,Residential units,"24.54345312, 46.66498127"
AD-DOBBAT,الوسط,AL-MALAZ,Radison Blue,تجاري,Hotel,"24.6707245, 46.71895103"
AS-SAFARAT,الوسط,AS-SAFARAT,Radison Blue,تجاري,Hotel,"24.6844539, 46.62530371"
AS-SAHAFA,الشمال,SHIMAL-Al-Riyadh,Rafal Kempinski Hotel,تجاري,Hotel,"24.79256284, 46.63250973"
AL-HAMRA,الشرق,AR-RAWDAH,Rest Night - Hotel Apartments,تجاري,Hotel apartments,"24.78652642, 46.7574083"
AL-WIZARAT,الوسط,AL-MALAZ,Ramada Hotel,تجاري,Hotel,"24.67403446, 46.71590374"
AS-SULAIMANYAH,الوسط,AL-OLAYA,Rand Hotel,تجاري,Hotel,"24.7068212, 46.68750014"
AL-OLAYA,الوسط,AL-OLAYA,Rosh Rayhaan Rotana,تجاري,Hotel,"24.7004487, 46.68228539"
AL-NAKHEEL,الوسط,AL-MATHAR,Riyada Home - Hotel Apartments,تجاري,Hotel apartments,"24.74224607, 46.62009809"
SHUBRA,الغرب,AL-URAIJA,Rinad Furnished Apartments,تجاري,Residential units,"24.58179143, 46.6848037"
AL-YASMEEN,الشمال,SHIMAL-Al-Riyadh,The Sama Inn - Hotel Apartments,تجاري,Hotel apartments,"24.82076614, 46.64930579"
AL-MUROOJ,الوسط,AL-OLAYA,Centro Waha Hotel,تجاري,Hotel,"24.75592537, 46.65316274"
AS-SULAIMANYAH,الوسط,AL-OLAYA,Suite Inn Hotel,تجاري,Hotel,"24.69418958, 46.71113465"
AS-SAHAFA,الشمال,SHIMAL-Al-Riyadh,Swiss International Royal Hotel,تجاري,Hotel,"24.80538537, 46.62542734"
NEW INDUSTRIAL CITY,الجنوب,AS-SULAI,Swiss Vision Hotel,تجاري,Hotel,"24.54252294, 46.8972511"
AS-SAHAFA,الشمال,SHIMAL-Al-Riyadh,Swiss Spirit Hotel,تجاري,Hotel,"24.80668629, 46.62570655"
AL-JAZEERAH,الجنوب,AS-SULAI,Shaza Riyadh - Hotel Apartments,تجاري,Hotel apartments,"24.67640609, 46.77967448"
AR-RABI,الشمال,SHIMAL-Al-Riyadh,Shatha Hotel,تجاري,Hotel,"24.78252357, 46.64928407"
AL-HAZM,الغرب,NAMAR,Park Leen Apartments Furnished Residential Units,تجاري,Residential units,"24.54484337, 46.6473129"
AL-HAZM,الغرب,NAMAR,Rahati Apartments Furnished Residential Units,تجاري,Residential units,"24.53627799, 46.64865252"
OKAZ,الجنوب,ASH-SHIFA,Masaken Al Ma'moora Apartments Residential Units,تجاري,Residential units,"24.52951719, 46.65329563"
NAMAR,الغرب,NAMAR,Masaken Al Ma'moora Apartments Residential Units,تجاري,Residential units,"24.58132265, 46.68647243"
BADER,الجنوب,ASH-SHIFA,Shomoo' Al Majd Furnished Resitential Units,تجاري,Residential units,"24.54949139, 46.72101346"
AL-WOROUD,الوسط,AL-OLAYA,Sheraton Hotel,تجاري,Hotel,"24.72732045, 46.66535071"
AL-YASMEEN,الشمال,SHIMAL-Al-Riyadh,Aber Al Tasmin Hotel,تجاري,Hotel,"24.82044504, 46.64861908"
AL-YASMEEN,الشمال,SHIMAL-Al-Riyadh,Aber Al Sahafa Hotel,تجاري,Hotel,"24.8188322, 46.64126388"
AL-MUTAMARAT,الوسط,ASH-SHOMAISI,Aber Hotel,تجاري,Hotel,"24.66636066, 46.68285577"
AL-HAZM,الغرب,NAMAR,Abeer Orchid Furnished Residential Units,تجاري,Residential units,"24.54557975, 46.64793828"
ASH-SHIFA,الجنوب,ASH-SHIFA,Abeer Orchid Furnished Residential Units,تجاري,Residential units,"24.55840215, 46.67967225"
AL-MARWAH,الجنوب,ASH-SHIFA,Abeer Orchid Furnished Units,تجاري,Residential units,"24.54812472, 46.66871477"
AL-OLAYA,الوسط,AL-MALAZ,Fraiser Suites - Hotel Apartments,تجاري,Hotel apartments,"24.6791557, 46.69186734"
AL-OLAYA,الوسط,AL-OLAYA,Four Seasons Hotel,تجاري,Hotel,"24.71098, 46.6748763"
AN-NAMUTHAJIYAH,الوسط,ASH-SHOMAISI,Voco Hotel,تجاري,Hotel,"24.66642741, 46.69671852"
WEST UMM AL HAMAM,الوسط,AL-MATHAR,Voyage Hotel,تجاري,Hotel,"24.69932261, 46.64346018"
QURTUBAH,الشرق,AR-RAWDAH,Fairmont Hotel,تجاري,Hotel,"24.80804946, 46.71820135"
ASH-SHOHDA,الشرق,AR-RAWDAH,Vivienda - Hotel Villas,تجاري,Hotel apartments,"24.78842167, 46.72558203"
NORTH AL-MATHAR,الوسط,AL-MATHAR,Vivienda - Hotel Villas,تجاري,Hotel apartments,"24.69784203, 46.66559944"
EAST UMM AL-HAMAM,الوسط,AL-MATHAR,Vivienda - Hotel Villas,تجاري,Hotel apartments,"24.68648308, 46.66342014"
AL-HADA,الوسط,ASH-SHOMAISI,Vivienda - Hotel Villas,تجاري,Hotel apartments,"24.6503095, 46.64774129"
BADER,الجنوب,ASH-SHIFA,Qurtuba Furnished Residential Units,تجاري,Residential units,"24.56063647, 46.70764769"
AL-MURABA,الوسط,AL-MALAZ,Crowne Plaza - Riyadh Palace,تجاري,Hotel,"24.6642967, 46.71142766"
AZ-ZAHRAA,الوسط,AL-MALAZ,Al Seteen Palace Hotel,تجاري,Hotel,"24.69050005, 46.7242921"
AL-KHALIDIAH,الوسط,AL-BATHA,Shawamekh Palace Furnished Residential Units,تجاري,Residential units,"24.62427539, 46.75305847"
AL-OLAYA,الوسط,AL-OLAYA,Holiday Inn - Al Olaya Palace,تجاري,Hotel,"24.68401745, 46.6880301"
AL-OLAYA,الوسط,AL-OLAYA,Al Waha Palace Hotel,تجاري,Hotel,"24.6808759, 46.68927841"
AL-HAZM,الغرب,NAMAR,Al Yamama Palace Furnished Residential Units,تجاري,Residential units,"24.53906485, 46.65186188"
AL-BADEAH,الوسط,ASH-SHOMAISI,Al Yamama Palace Furnished Residential Units,تجاري,Residential units,"24.6254547, 46.68926663"
AN-NAHDAH,الشرق,AR-RAWDAH,Revan Palace Hotel,تجاري,Hotel,"24.77940417, 46.82917153"
ASH-SHIFA,الجنوب,ASH-SHIFA,Warf Palace,تجاري,Residential units,"24.55445744, 46.6817944"
AL-YARMUK,الشرق,AR-RAWDAH,Golden Inn Hotel,تجاري,Hotel,"24.81740434, 46.79716773"
AL-OLAYA,الوسط,AL-MATHAR,Carawan Al Fahad Hotel,تجاري,Hotel,"24.71088138, 46.67052064"
AL-NAKHEEL,الوسط,AL-MATHAR,Crown Plaza - Digital City,تجاري,Hotel,"24.73899601, 46.63507392"
NEW INDUSTRIAL CITY,الجنوب,AS-SULAI,Cristal Amaken Hotel,تجاري,Hotel,"24.55896339, 46.89330736"
AT-TAAWUN,الوسط,AL-OLAYA,Clemence Hotel,تجاري,Hotel,"24.77052245, 46.69049326"
AL-OLAYA,الوسط,AL-OLAYA,Riyadh Spectrums Hotel,تجاري,Hotel,"24.700687, 46.67833236"
KING FAHD,الوسط,AL-OLAYA,Al Hamra Palace Riyadh Hotel,تجاري,Hotel,"24.73045501, 46.66909167"
AD-DIRAH,الوسط,AL-BATHA,Corp Hotel,تجاري,Hotel,"24.63445561, 46.71652118"
AL-HADA,الوسط,ASH-SHOMAISI,Courtyard Marriott Hotel,تجاري,Hotel,"24.66614919, 46.62345657"
AL-OLAYA,الوسط,AL-OLAYA,Courtyard Marriott Hotel,تجاري,Hotel,"24.70223559, 46.6786457"
ASH-SHOHDA,الشرق,AR-RAWDAH,Quetzal - Hotel Apartments,تجاري,Hotel apartments,"24.78743094, 46.73492488"
TWAEEQ,الغرب,NAMAR,La Casa - Hotel Apartments,تجاري,Hotel apartments,"24.55200144, 46.57119349"
AR-RAED,الوسط,AL-MATHAR,Lotuston - Hotel Apartments,تجاري,Hotel apartments,"24.69964883, 46.64136138"
AR-RAED,الوسط,AL-MATHAR,Luthan Hotel and Spa for Women,تجاري,Hotel,"24.70666258, 46.64164417"
AL-WIZARAT,الوسط,AL-MALAZ,Marriott Hotel,تجاري,Hotel,"24.68609822, 46.71251466"
AS-SAFARAT,الوسط,AS-SAFARAT,Marriott Hotel As Safarat - Hotel Apartments,تجاري,Hotel apartments,"24.67438269, 46.62349412"
KING KHALID INT.AIRPORT,الشمال,KING KHALID INT. AIRPORT,Marriott Hotel Airport,تجاري,Hotel,"24.92473197, 46.71281507"
AL-WIZARAT,الوسط,AL-MALAZ,Marriott Hotel - Hotel Apartments,تجاري,Hotel apartments,"24.68780002, 46.71368848"
AL-BADEAH,الوسط,ASH-SHOMAISI,Madaya Furnished Apartments,تجاري,Residential units,"24.6249344, 46.67582162"
AL-YASMEEN,الشمال,SHIMAL-Al-Riyadh,Malfakum - Hotel Apartments,تجاري,Hotel apartments,"24.83404674, 46.63687345"
ASH-SHOHDA,الشرق,AR-RAWDAH,Melissa Hotel,تجاري,Hotel,"24.79191026, 46.74086024"
ASH-SHIFA,الجنوب,ASH-SHIFA,Al Rasafa Homes Furnished Apartments,تجاري,Residential units,"24.54756173, 46.69514148"
BADER,الجنوب,ASH-SHIFA,La Reine Homes Furnished Residential Units,تجاري,Residential units,"24.54396236, 46.70649335"
BINBAN,الشمال,SHIMAL-Al-Riyadh,InterContinental Hotel Dorrat Al Riyadh Resort,تجاري,Hotel,"25.00234715, 46.51064286"
HITTEEN,الشمال,SHIMAL-Al-Riyadh,Braira Villas,تجاري,Hotel apartments,"24.75432072, 46.5865687"
AL-MURSALAT,الوسط,AL-OLAYA,Northern Mandarin - Hotel Apartments,تجاري,Hotel apartments,"24.75367846, 46.67881455"
ASH-SHIFA,الجنوب,ASH-SHIFA,Muwaten Al Khayal Furnished Residential Units,تجاري,Residential units,"24.56114054, 46.70145569"
AN-NAFEL,الشمال,SHIMAL-Al-Riyadh,Motiara Hotel,تجاري,Hotel,"24.78355335, 46.66261054"
AL-MUROOJ,الوسط,AL-OLAYA,Motiara Hotel,تجاري,Hotel,"24.76545738, 46.661327"
ASH-SHIFA,الجنوب,ASH-SHIFA,Muwaten Al Raqiya Furnished Residential Units,تجاري,Residential units,"24.56170961, 46.70137636"
ASH-SHOHDA,الشرق,AR-RAWDAH,Meral Crown Hotel,تجاري,Hotel,"24.79055402, 46.73769185"
AL-OLAYA,الوسط,AL-OLAYA,Mena Riyadh Hotel,تجاري,Hotel,"24.68520188, 46.68810252"
AL-OLAYA,الوسط,AL-OLAYA,Narcissus Hotel,تجاري,Hotel,"24.69571457, 46.68375065"
WEST AL-ORAIJA,الغرب,AL-URAIJA,The Top Inn Furnished Apartments,تجاري,Residential units,"24.58445886, 46.60024157"
IRQAH,الغرب,IRQAH,Palm Inn Residential Units,تجاري,Residential units,"24.68617876, 46.58509001"
AL-HAZM,الغرب,NAMAR,Rama Inn Furnished Residential Units,تجاري,Residential units,"24.53889838, 46.65252413"
SHUBRA,الغرب,AL-URAIJA,Rava Inn Furnished Residential Units,تجاري,Residential units,"24.56869053, 46.65930227"
AS-SUWAIDI AL-GHARBI,الغرب,AL-URAIJA,Riham Inn Furnished Residential Units,تجاري,Residential units,"24.56502406, 46.6280016"
BADER,الجنوب,ASH-SHIFA,Rofan Inn Furnished Apartments,تجاري,Residential units,"24.54295749, 46.70241421"
AL-HAZM,الغرب,NAMAR,Rofan Inn Furnished Residential Units,تجاري,Residential units,"24.53339541, 46.65335436"
AL-Awaly,الغرب,NAMAR,Charisma Inn Residential Units,تجاري,Residential units,"24.55260113, 46.6281737"
AL-MALQA,الشمال,SHIMAL-Al-Riyadh,Nasima Hotel,تجاري,Hotel,"24.81611925, 46.61445508"
AS-SULAI,الجنوب,AS-SULAI,Noor Amal - Hotel Apartments,تجاري,Hotel apartments,"24.68597267, 46.84581008"
AL-BADEAH,الوسط,ASH-SHOMAISI,Nova Residential Units,تجاري,Residential units,"24.62548857, 46.69135679"
AL-OLAYA,الوسط,AL-OLAYA,Novotel Al Anoud,تجاري,Hotel,"24.70622761, 46.67570307"
AL-OLAYA,الوسط,AL-OLAYA,Novotel Suites Dyar,تجاري,Hotel,"24.70755174, 46.67672803"
NAMAR,الغرب,NAMAR,Najmat Manami Furnished Residential Units,تجاري,Residential units,"24.57515803, 46.69405827"
BADER,الجنوب,ASH-SHIFA,Nayrouz Riyadh Furnished Apartments,تجاري,Residential units,"24.54016449, 46.69005694"
QURTUBAH,الشرق,AR-RAWDAH,Nelover Qurtubah Hotel,تجاري,Hotel,"24.80642344, 46.73464216"
AL-HAZM,الغرب,NAMAR,New Suite Furnished Residential Units,تجاري,Residential units,"24.55141786, 46.66889815"
SHUBRA,الغرب,AL-URAIJA,House Inn Furnished Apartments,تجاري,Residential units,"24.56645117, 46.65243714"
AL-MUROOJ,الوسط,AL-OLAYA,Hilton DoubleTree Hotel,تجاري,Hotel,"24.76458312, 46.65728818"
AL-OLAYA,الوسط,AL-MALAZ,Hilton Garden Inn,تجاري,Hotel,"24.67693632, 46.69397343"
ASH-SHIFA,الجنوب,ASH-SHIFA,Halyoon Furnished Residential Units,تجاري,Residential units,"24.55517151, 46.68895151"
AL-WADI,الشمال,SHIMAL-Al-Riyadh,Holiday Gulf Hotel,تجاري,Hotel,"24.79843364, 46.69693521"
AL-OLAYA,الوسط,AL-OLAYA,Holiday Inn Al Olaya,تجاري,Hotel,"24.68051969, 46.69055471"
AL-OLAYA,الوسط,AL-MALAZ,Holiday Inn - Al Meydan,تجاري,Hotel,"24.67832055, 46.6916028"
AL-EZDIHAR,الوسط,AL-OLAYA,Holiday Inn - Al Izdihar,تجاري,Hotel,"24.78705451, 46.7116532"
ASH-SHOHDA,الشرق,AR-RAWDAH,Hilton Hotel Riyadh,تجاري,Hotel,"24.78506618, 46.72810311"
AL-MALAZ,الوسط,AL-MALAZ,Sadeer Oasis Intercity Hotel,تجاري,Hotel,"24.67196723, 46.73612883"
AS-SULAIMANYAH,الوسط,AL-MALAZ,Warwick Hotel,تجاري,Hotel,"24.67967642, 46.70209626"
ASH-SHOHDA,الشرق,AR-RAWDAH,Mercure Value Hotel,تجاري,Hotel,"24.78622537, 46.73108496"
AL-OLAYA,الوسط,AL-MALAZ,Coral Olaya Hotel,تجاري,Hotel,"24.673948, 46.693874"
AL-WIZARAT,الوسط,AL-MALAZ,Crown Plaza,تجاري,Hotel,"24.689148, 46.717493"
AL-NUZHA,الوسط,AL-OLAYA,Al Nuzha Grocery Store,تجاري,Grocery store,"24.75919139, 46.70543892"
AL-NUZHA,الوسط,AL-OLAYA,Manuel Market,تجاري,Market store,"24.75945903, 46.71534551"
AL-OLAYA,الوسط,AL-OLAYA,Mabuti Grocery Store,تجاري,Grocery store,"24.69288276, 46.69063551"
AS-SULAIMANYAH,الوسط,AL-OLAYA,Zeid Al Buqami Grocery Store,تجاري,Grocery store,"24.70765062, 46.71267904"
AS-SULAIMANYAH,الوسط,AL-OLAYA,As Sulaimanyah Grocert Store,تجاري,Grocery store,"24.69249676, 46.70186669"
AS-SULAIMANYAH,الوسط,AL-OLAYA,Beach Oasis Grocery Store,تجاري,Grocery store,"24.69731829, 46.71262945"
KING ABDUL AZIZ,الوسط,AL-OLAYA,Tasneem Mini Market,تجاري,Market store,"24.69816804, 46.72084068"
AS-SULAIMANYAH,الوسط,AL-OLAYA,Mohammad Bin Khalaf Al Otaibi Grocery Store,تجاري,Grocery store,"24.70616985, 46.70959016"
AL-OLAYA,الوسط,AL-MALAZ,Reemtna Market,تجاري,Market store,"24.67576113, 46.69784746"
AL-OLAYA,الوسط,AL-MALAZ,Jawhara Grocery Store,تجاري,Grocery store,"24.67485689, 46.69746347"
AL-OLAYA,الوسط,AL-MALAZ,Al Olaya Grocery Store,تجاري,Grocery store,"24.67547909, 46.69473733"
AS-SAFA,الوسط,AL-MALAZ,Rukun Al Othaim Supermarket,تجاري,Supermarket,"24.66946232, 46.75225431"
MANFUHA,الوسط,AL-BATHA,Ghaitha bint Abdullah Hassan Al Shahri Grocery Store,تجاري,Grocery store,"24.60698508, 46.7228879"
AL-HADA,الوسط,ASH-SHOMAISI,Fahed Al Shabanat Central Markets,تجاري,Market store,"24.6644716, 46.61823072"
AR-RAED,الوسط,AL-MATHAR,Ar Raed Grocery Store,تجاري,Grocery store,"24.70176103, 46.64633766"
HITTEEN,الشمال,SHIMAL-Al-Riyadh,Jawharat Hitteen Grocery Store,تجاري,Grocery store,"24.76975287, 46.58300005"
AS-SAHAFA,الشمال,SHIMAL-Al-Riyadh,Al Sadhan Hypermarket,تجاري,Hypermarket,"24.81016323, 46.62396592"
AS-SAHAFA,الشمال,SHIMAL-Al-Riyadh,Jumeirah Markets and Bakeries,تجاري,Market store,"24.8082164, 46.63835159"
AS-SAHAFA,الشمال,SHIMAL-Al-Riyadh,Thimar Al Oqailat Grocery Store,تجاري,Grocery store,"24.80254184, 46.64990848"
AS-SAHAFA,الشمال,SHIMAL-Al-Riyadh,Fulmar Mart,تجاري,Market store,"24.80144858, 46.64785228"
AS-SAHAFA,الشمال,SHIMAL-Al-Riyadh,Panda Supermarket,تجاري,Supermarket,"24.79806549, 46.64249673"
AN-NADA,الشمال,SHIMAL-Al-Riyadh,Panda Hypermarket,تجاري,Hypermarket,"24.80665095, 46.69261052"
QURTUBAH,الشرق,AR-RAWDAH,Sa'da Ahmad Al Shahri Grocery Store,تجاري,Grocery store,"24.81136676, 46.75568893"
QURTUBAH,الشرق,AR-RAWDAH,Farm Supermarket,تجاري,Supermarket,"24.83237336, 46.74475313"
QURTUBAH,الشرق,AR-RAWDAH,Sawahel Al Riyadh Markets,تجاري,Market store,"24.82733271, 46.73546624"
QURTUBAH,الشرق,AR-RAWDAH,Danube Hypermarket,تجاري,Hypermarket,"24.81016586, 46.73421237"
AL-MUANISIYAH,الشرق,AR-RAWDAH,As Sai'ari Markets,تجاري,Market store,"24.83428215, 46.76680049"
AL-MUANISIYAH,الشرق,AR-RAWDAH,Al Sihani Grocery and Bakery,تجاري,Grocery store,"24.83428108, 46.76006884"
AL-MUANISIYAH,الشرق,AR-RAWDAH,Walid Grocery Store,تجاري,Grocery store,"24.83029947, 46.75652541"
AL-MUANISIYAH,الشرق,AR-RAWDAH,Al Sultan Markets,تجاري,Market store,"24.81644284, 46.75830899"
AL-MUANISIYAH,الشرق,AR-RAWDAH,SPAR Supermarket,تجاري,Supermarket,"24.81330862, 46.76882253"
AL-MUANISIYAH,الشرق,AR-RAWDAH,Rokon Al Janoob Markets and Bakery,تجاري,Market store,"24.82576607, 46.77438981"
AL-MUANISIYAH,الشرق,AR-RAWDAH,Markets and Bakeries Today Basket,تجاري,Market store,"24.82640143, 46.77586967"
AL-MUANISIYAH,الشرق,AR-RAWDAH,Rehab Al Tafaol Food Corporation Grocery Store,تجاري,Grocery store,"24.82457895, 46.77323431"
AL-MUANISIYAH,الشرق,AR-RAWDAH,Ameena Grocery Store,تجاري,Grocery store,"24.81636989, 46.7660737"
ASH-SHOHDA,الشرق,AR-RAWDAH,Al Othaim Markets,تجاري,Market store,"24.79910434, 46.73975658"
AL-JANADRIYAH,الشرق,AR-RAWDAH,Farm Superstores for Food Supplies,تجاري,Supermarket,"24.81702497, 46.87859678"
AL-JANADRIYAH,الشرق,AR-RAWDAH,Al Nahdi Central Markets,تجاري,Market store,"24.81313395, 46.87114335"
AL-HAMRA,الشرق,AR-RAWDAH,Ar Rimal Suburbs Souks,تجاري,Market store,"24.78921279, 46.76688623"
AL-HAMRA,الشرق,AR-RAWDAH,Al Hamra Grocery Store,تجاري,Grocery store,"24.76892213, 46.75899977"
ISHBILIYAH,الشرق,AR-RAWDAH,Awaser Al Jazeera Markets,تجاري,Market store,"24.79877075, 46.8065673"
ISHBILIYAH,الشرق,AR-RAWDAH,Mutawakkil Markets and Bakeries,تجاري,Market store,"24.78467742, 46.77085419"
ISHBILIYAH,الشرق,AR-RAWDAH,Aroval Markets and Bakeries,تجاري,Market store,"24.79487571, 46.77609972"
AR-RAWDAH,الشرق,AR-RAWDAH,Tharbah Markets,تجاري,Market store,"24.7417336, 46.75205135"
AR-RAWDAH,الشرق,AR-RAWDAH,A. Al Jefen Gorcery Store,تجاري,Grocery store,"24.72181982, 46.76214181"
AN-NAHDAH,الشرق,AR-RAWDAH,Lulu Hypermarket,تجاري,Hypermarket,"24.75251367, 46.82128369"
AN-NAHDAH,الشرق,AR-RAWDAH,Consumer Oasis Supermarket,تجاري,Supermarket,"24.76394196, 46.80248756"
AN-NAHDAH,الشرق,AR-RAWDAH,Zawiyat Al Naseem Grocery Store,تجاري,Grocery store,"24.76085544, 46.8114805"
AN-NAHDAH,الشرق,AR-RAWDAH,Seeds of Good Establishment Grocery Store,تجاري,Grocery store,"24.74901005, 46.81020586"
AD-DAR AL- BAIDA,الجنوب,AL-AZIZIYAH,Al Shateri Grocery Store,تجاري,Grocery store,"24.56267122, 46.7616254"
AD-DAR AL- BAIDA,الجنوب,AL-AZIZIYAH,Abdullah Central Markets,تجاري,Market store,"24.57302749, 46.79800232"
AD-DAR AL- BAIDA,الجنوب,AL-AZIZIYAH,Universal Cold Stores Company for Trading Markets,تجاري,Market store,"24.5765674, 46.79009743"
AD-DAR AL- BAIDA,الجنوب,AL-AZIZIYAH,Menhali Supermarket,تجاري,Supermarket,"24.56320028, 46.81200371"
AD-DAR AL- BAIDA,الجنوب,AL-AZIZIYAH,Al Asiri Grocery Store,تجاري,Grocery store,"24.5647896, 46.79563833"
AD-DAR AL- BAIDA,الجنوب,AL-AZIZIYAH,Ad Dar Al Baida Grocery and Roasters,تجاري,Grocery store,"24.55634423, 46.78267891"
AD-DAR AL- BAIDA,الجنوب,AL-AZIZIYAH,Al Nahdi Markets,تجاري,Market store,"24.57198327, 46.78111342"
AD-DAR AL- BAIDA,الجنوب,AL-AZIZIYAH,Consumer Stores,تجاري,Market store,"24.5703226, 46.78680325"
BADER,الجنوب,ASH-SHIFA,Beirut Hills Grocery Store,تجاري,Grocery store,"24.52450278, 46.70896853"
BADER,الجنوب,ASH-SHIFA,Rukun Al Muwara Markets,تجاري,Market store,"24.54062782, 46.69816154"
BADER,الجنوب,ASH-SHIFA,Al Harbi Central Markets,تجاري,Market store,"24.53152027, 46.68585324"
BADER,الجنوب,ASH-SHIFA,Fruitful Palm Grocery and Bakeries,تجاري,Grocery store,"24.54353806, 46.71715866"
BADER,الجنوب,ASH-SHIFA,Al Wafa Food Grocery Store,تجاري,Grocery store,"24.5395636, 46.72476228"
BADER,الجنوب,ASH-SHIFA,Jawhara Hills Grocery and Bakeries,تجاري,Grocery store,"24.5439772, 46.72764058"
BADER,الجنوب,ASH-SHIFA,A2Z Dubai Market,تجاري,Market store,"24.53975095, 46.71964837"
BADER,الجنوب,ASH-SHIFA,Hala Grocery Store,تجاري,Grocery store,"24.54566357, 46.70753946"
BADER,الجنوب,ASH-SHIFA,Abdullah Al Othaim Markets,تجاري,Market store,"24.5617397, 46.70818982"
LABAN,الغرب,AL-URAIJA,As Sai'ari Markets,تجاري,Market store,"24.63235409, 46.61324944"
WEST AL-ORAIJA,الغرب,AL-URAIJA,Al Othaim Markets,تجاري,Market store,"24.59622223, 46.60623397"
WEST AL-ORAIJA,الغرب,AL-URAIJA,West Al Oraija Grocery Store,تجاري,Grocery store,"24.59265872, 46.60511767"
WEST AL-ORAIJA,الغرب,AL-URAIJA,Mohammad bin Mohammad Yehya Zeila'i Grocery Store,تجاري,Grocery store,"24.58600964, 46.60101623"
WEST AL-ORAIJA,الغرب,AL-URAIJA,Al Qarni Central Grocery Store,تجاري,Grocery store,"24.59448267, 46.61696469"
WEST AL-ORAIJA,الغرب,AL-URAIJA,Mohammad Ali Al Hayyan Grocery Store,تجاري,Grocery store,"24.58828114, 46.61064128"
MIDDLE AL-URAIJA,الغرب,AL-URAIJA,Al Harethi Grocery Store,تجاري,Grocery store,"24.60290275, 46.61406453"
MIDDLE AL-URAIJA,الغرب,AL-URAIJA,Noura Grocery Store,تجاري,Grocery store,"24.60925945, 46.62860753"
MIDDLE AL-URAIJA,الغرب,AL-URAIJA,Meed Grocery Store,تجاري,Grocery store,"24.60588598, 46.62310342"
MIDDLE AL-URAIJA,الغرب,AL-URAIJA,Al Wad'ani Grocery Store,تجاري,Grocery store,"24.60312932, 46.6472315"
MIDDLE AL-URAIJA,الغرب,AL-URAIJA,Country Jewels Grocery Store,تجاري,Grocery store,"24.59968889, 46.62443046"
DAHRAT AL-BADEAH,الغرب,AL-URAIJA,Integration of Food Markets,تجاري,Market store,"24.58906313, 46.64394645"
TWAEEQ,الغرب,NAMAR,Al Mehri Grocery Store,تجاري,Grocery store,"24.56564085, 46.5637113"
TWAEEQ,الغرب,NAMAR,Al Ghadeer Towers Grocery Store,تجاري,Grocery store,"24.56649656, 46.56454491"
TWAEEQ,الغرب,NAMAR,Al Rukun Al Zahi Grocery and Bakeries,تجاري,Grocery store,"24.55991906, 46.56520394"
TWAEEQ,الغرب,NAMAR,Twaeq Grocery Store,تجاري,Grocery store,"24.57833933, 46.57320866"
TWAEEQ,الغرب,NAMAR,Farm Supermarket,تجاري,Supermarket,"24.55459525, 46.51093892"
TWAEEQ,الغرب,NAMAR,Al Barak Chain Grocery and Bakeries,تجاري,Grocery store,"24.55151068, 46.51367959"
TWAEEQ,الغرب,NAMAR,Sunna' Al Adaa Grocery Store,تجاري,Grocery store,"24.54474185, 46.50984312"
TWAEEQ,الغرب,NAMAR,Twaeq Grocery Store,تجاري,Grocery store,"24.55359099, 46.50863864"
TWAEEQ,الغرب,NAMAR,Twaeq Grocery Store,تجاري,Grocery store,"24.5493464, 46.50029422"
TWAEEQ,الغرب,NAMAR,Sunset Star Trading Grocery Store,تجاري,Grocery store,"24.54332342, 46.51982945"
TWAEEQ,الغرب,NAMAR,Salat Ghala Vegetables and Grocery Store,تجاري,Grocery store,"24.55866374, 46.51501216"
TWAEEQ,الغرب,NAMAR,Roissy Grocery Store,تجاري,Grocery store,"24.54705785, 46.51380207"
TWAEEQ,الغرب,NAMAR,Basatin Al Zad Bakery and Center,تجاري,Market store,"24.55772188, 46.52418167"
TWAEEQ,الغرب,NAMAR,Dallah Al Qaseem Food Markets,تجاري,Market store,"24.56133262, 46.53387831"
TWAEEQ,الغرب,NAMAR,Namar Food Markets,تجاري,Market store,"24.55315462, 46.55366366"
TWAEEQ,الغرب,NAMAR,White Quartz Establishment Grocery Store,تجاري,Grocery store,"24.55503742, 46.56374148"
TWAEEQ,الغرب,NAMAR,Abdullah Al Othaim Markets,تجاري,Market store,"24.5548122, 46.55451721"
TWAEEQ,الغرب,NAMAR,Wadi Quraish Bakeries and Grocery Stores,تجاري,Grocery store,"24.55507832, 46.57365778"
TWAEEQ,الغرب,NAMAR,Farm Market,تجاري,Market store,"24.56796983, 46.54337012"
TWAEEQ,الغرب,NAMAR,Khairat Al Bashaer Grocery Store,تجاري,Grocery store,"24.56825296, 46.54580291"
TWAEEQ,الغرب,NAMAR,Jood Al Makarem Bakeries and Grocery Stores,تجاري,Grocery store,"24.56672032, 46.54909649"
TWAEEQ,الغرب,NAMAR,Rukun Al Azhari Bakeries and Grocery Stores,تجاري,Grocery store,"24.56142655, 46.54426204"
TWAEEQ,الغرب,NAMAR,UDay Supermarket,تجاري,Supermarket,"24.56350874, 46.54470475"
TWAEEQ,الغرب,NAMAR,Nawal Grocery Store,تجاري,Grocery store,"24.56314349, 46.52109306"
AL-Awaly,الغرب,NAMAR,Basket Markets,تجاري,Market store,"24.55502682, 46.6017626"
AL-Awaly,الغرب,NAMAR,Salat Al Awaly Central Bakeries and Grocery Stores,تجاري,Grocery store,"24.55514217, 46.60349988"
AL-Awaly,الغرب,NAMAR,Badaeh Al Nakheel Grocery Stores,تجاري,Grocery store,"24.56058604, 46.59290415"
DIRAB,الغرب,NAMAR,Aridi Central Markets,تجاري,Market store,"24.48942063, 46.62398752"
DIRAB,الغرب,NAMAR,Al Ghamedi Grocery Store,تجاري,Grocery store,"24.50047627, 46.63110157"
DIRAB,الغرب,NAMAR,Makarem Al Khaleej Grocery Store,تجاري,Grocery store,"24.49070918, 46.62479377"
DIRAB,الغرب,NAMAR,Al Ma'azim Grocery Store,تجاري,Grocery store,"24.50000292, 46.63053713"
DAHRAT LABAN,الغرب,IRQAH,Abdullah Grocery Store,تجاري,Grocery store,"24.63631427, 46.55501353"
DAHRAT LABAN,الغرب,IRQAH,Zawaya Al Tayyibat Grocery Store,تجاري,Grocery store,"24.64651212, 46.57372612"
DAHRAT LABAN,الغرب,IRQAH,Watan Global Grocery Store,تجاري,Grocery store,"24.643208, 46.54504332"
DAHRAT LABAN,الغرب,IRQAH,Dahrat Laban Grocery Store,تجاري,Grocery store,"24.61631364, 46.51610313"
DAHRAT LABAN,الغرب,IRQAH,Abed Al Rahman Al Otaibi Grocery Store,تجاري,Grocery store,"24.62499522, 46.55746391"
DAHRAT LABAN,الغرب,IRQAH,Abdullah Al Othaim Markets,تجاري,Market store,"24.64580709, 46.55110618"
DAHRAT LABAN,الغرب,IRQAH,Urjuwan Central Markets,تجاري,Market store,"24.65415192, 46.57557129"
DAHRAT LABAN,الغرب,IRQAH,Al Marasem Central Bakeries and Grocery Stores,تجاري,Grocery store,"24.62972418, 46.54820719"
DAHRAT LABAN,الغرب,IRQAH,Al Othaim Markets,تجاري,Market store,"24.63581233, 46.56134635"
DAHRAT LABAN,الغرب,IRQAH,Thimar Al Baraka Central Bakeries and Grocery Stores,تجاري,Grocery store,"24.61952053, 46.53201471"
DAHRAT LABAN,الغرب,IRQAH,Al Nahdi Markets,تجاري,Market store,"24.63586445, 46.57022156"
DAHRAT LABAN,الغرب,IRQAH,Tala and Ziad Grocery Store,تجاري,Grocery store,"24.63300347, 46.53069436"
DAHRAT LABAN,الغرب,IRQAH,Al Harbi Central Markets,تجاري,Market store,"24.63338821, 46.55420337"
DAHRAT LABAN,الغرب,IRQAH,Dorrat Al Reef Markets,تجاري,Market store,"24.62131033, 46.53322336"
DAHRAT-AL-ODAH-SHARQ-AD DIRIYAH,الدرعية,AD-DIRAYAH,Reef Shaqra Grocery Store,تجاري,Grocery store,"24.75486532, 46.54867508"
AL-ASEMAH-AD DIRIYAH,الدرعية,AD-DIRAYAH,Sultan Central Markets,تجاري,Market store,"24.75299134, 46.57750707"
AL-AZIZIYAH,الجنوب,AL-AZIZIYAH,Al Emtiyaz Markets,تجاري,Market store,"24.5976974, 46.75513471"
AL-AZIZIYAH,الجنوب,AL-AZIZIYAH,Al Nahdi Hypermarket,تجاري,Hypermarket,"24.57647953, 46.76662642"
AL-AZIZIYAH,الجنوب,AL-AZIZIYAH,Al Aziziyah Grocery Store,تجاري,Grocery store,"24.59199078, 46.77516592"
AL-AZIZIYAH,الجنوب,AL-AZIZIYAH,Al Aziziyah Grocery Store,تجاري,Grocery store,"24.5631944, 46.76091184"
AL-AZIZIYAH,الجنوب,AL-AZIZIYAH,Al Menhali Bakeries and Grocery Stores,تجاري,Grocery store,"24.60277252, 46.75921367"
AL-AZIZIYAH,الجنوب,AL-AZIZIYAH,Prime Universal Cold Stores Company Ltd Markets,تجاري,Not available,"24.58891258, 46.74193379"
AS-SUWAIDI AL-GHARBI,الغرب,AL-URAIJA,Zahrat Al Rajba Food Market,تجاري,Market store,"24.58015887, 46.61663203"
AS-SUWAIDI,الغرب,AL-URAIJA,As Suwaidi Grocey Store,تجاري,Grocery store,"24.59877953, 46.67714736"
AS-SUWAIDI,الغرب,AL-URAIJA,As Suwaidi Grocey Store,تجاري,Grocery store,"24.59636069, 46.67408269"
AS-SUWAIDI,الغرب,AL-URAIJA,Hassan Food Corporation for Syrian Products,تجاري,Market store,"24.5947632, 46.68093165"
SHUBRA,الغرب,AL-URAIJA,Al Dana Hypermarket,تجاري,Hypermarket,"24.57850068, 46.66446494"
AS-SUWAIDI,الغرب,AL-URAIJA,Zad Central Markets,تجاري,Market store,"24.59179856, 46.66405383"
AZ-ZAHRA,الغرب,AL-URAIJA,Rukun Al Mawasem Grocery Store,تجاري,Grocery store,"24.58491307, 46.65490296"
AS-SUWAIDI,الغرب,AL-URAIJA,Al Arini Grocery Store,تجاري,Grocery store,"24.58917447, 46.66000279"
AL-HAIER,الجنوب,AL-HAIER,Al Haier Supermarket,تجاري,Supermarket,"24.39718498, 46.83506995"
AL-HAIER,الجنوب,AL-HAIER,Al Haier Grocery Store,تجاري,Grocery store,"24.39843034, 46.83573593"
AL-AMAJIYAH,الجنوب,AL-AZIZIYAH,Jalal Minimarket,تجاري,Market store,"24.44172056, 46.97942474"
SULTANAH,الغرب,AL-URAIJA,Schools Grocery Store,تجاري,Grocery store,"24.60673957, 46.68856687"
OKAZ,الجنوب,ASH-SHIFA,Abdullah Al Othaim Markets,تجاري,Market store,"24.52083403, 46.65826766"
DAHIAT NAMAR,الغرب,NAMAR,Dahiat Namar Grocery Store,تجاري,Grocery store,"24.50868069, 46.47850216"
AL-HAZM,الغرب,NAMAR,Red Cherry Bakeries and Grocery Store,تجاري,Grocery store,"24.54545388, 46.6517837"
AL-HAZM,الغرب,NAMAR,Al Derayhemi Grocery Store,تجاري,Grocery store,"24.52733297, 46.63607358"
WEST AL-ORAIJA,الغرب,NAMAR,Al Khayma Markets,تجاري,Market store,"24.58848846, 46.59120354"
IRQAH,الغرب,IRQAH,Carrefour - Irqah Branch,تجاري,Hypermarket,"24.68545625, 46.58247524"
IRQAH,الغرب,IRQAH,Janayen Raspberry Markets,تجاري,Market store,"24.68434203, 46.5871138"
AL-MAHDIYAH,الغرب,IRQAH,Al Mahdiyah Grocery Store,تجاري,Grocery store,"24.63823861, 46.48525095"
NAMAR,الغرب,NAMAR,Namar Grocery Store,تجاري,Grocery store,"24.57705234, 46.69795876"
ASH-SHIFA,الجنوب,ASH-SHIFA,Al Qusaim Springs Bakeries and Grocery Stores,تجاري,Grocery store,"24.574087, 46.70336502"
ASH-SHIFA,الجنوب,ASH-SHIFA,Al Othaim Supermarket,تجاري,Supermarket,"24.56952683, 46.69081807"
ASH-SHIFA,الجنوب,ASH-SHIFA,Khaled Grocery Store,تجاري,Grocery store,"24.56242532, 46.70674378"
ASH-SHIFA,الجنوب,ASH-SHIFA,Abdulaziz Ali Hamad Al Rajehi Grocery Store,تجاري,Grocery store,"24.55534829, 46.67675321"
AL-MARWAH,الجنوب,ASH-SHIFA,Jawhara Abdullah Grocery Store,تجاري,Grocery store,"24.54265982, 46.69109031"
DAHRAT AL-BADEAH,الغرب,AL-URAIJA,Dahrat Al Badeah Grocery Store,تجاري,Grocery store,"24.60312712, 46.65392405"
DAHRAT AL-BADEAH,الغرب,AL-URAIJA,Sara Markets,تجاري,Market store,"24.60174494, 46.65752304"
SHUBRA,الغرب,AL-URAIJA,Al Sadhan Hypermarket,تجاري,Hypermarket,"24.57099128, 46.66625727"
SHUBRA,الغرب,AL-URAIJA,Shubra Grocery Store,تجاري,Grocery store,"24.57775144, 46.66306125"
SHUBRA,الغرب,AL-URAIJA,Shubra Grocery Store,تجاري,Grocery store,"24.57589421, 46.67703826"
SHUBRA,الغرب,AL-URAIJA,Al Rajba Grocery Store,تجاري,Grocery store,"24.58625631, 46.68062161"
AL-MASEEF,الوسط,AL-OLAYA,Al Maseef Grocery Store,تجاري,Grocery store,"24.765148, 46.69216401"
AL-MASEEF,الوسط,AL-OLAYA,Panda Supermarket,تجاري,Supermarket,"24.76069227, 46.67386062"
AT-TAAWUN,الوسط,AL-OLAYA,Latifa Grocery Store,تجاري,Grocery store,"24.76972418, 46.69071767"
AL-MURABA,الوسط,AL-MALAZ,Panda Supermarket,تجاري,Supermarket,"24.66550428, 46.71116587"
AL-MURABA,الوسط,AL-MALAZ,Khaled Grocery Store,تجاري,Grocery store,"24.65640248, 46.7073884"
AL-MURABA,الوسط,AL-MALAZ,Ahmad Yassin Al Shamari Grocery Store,تجاري,Grocery store,"24.65824001, 46.71071012"
AL-MURABA,الوسط,AL-MALAZ,Al Salem Grocery Store,تجاري,Grocery store,"24.66337433, 46.70566516"
AL-MALAZ,الوسط,AL-MALAZ,Abdullah Al Othaim Markets,تجاري,Market store,"24.6802131, 46.74149751"
AL-MALAZ,الوسط,AL-MALAZ,Al Malaz Grocery Store,تجاري,Grocery store,"24.67199467, 46.73889301"
AL-MALAZ,الوسط,AL-MALAZ,Nesto Hypermarket,تجاري,Hypermarket,"24.67004148, 46.73846653"
AL-MALAZ,الوسط,AL-MALAZ,Nawal Bint Hamed Al Anzi Grocery Store,تجاري,Grocery store,"24.66625057, 46.72507288"
AL-MALAZ,الوسط,AL-MALAZ,Al Menhali Bakeries and Grocery Store,تجاري,Grocery store,"24.65614094, 46.74399574"
AL-MALAZ,الوسط,AL-MALAZ,Turki Mohammad Al Mosleh Grocery Store,تجاري,Grocery store,"24.65377487, 46.74415922"
JAREER,الوسط,AL-MALAZ,Panda Markets,تجاري,Market store,"24.67727967, 46.74439007"
JAREER,الوسط,AL-MALAZ,Al Mudeifer Grocery Store,تجاري,Grocery store,"24.67580847, 46.7459249"
JAREER,الوسط,AL-MALAZ,Jareer Grocery Store,تجاري,Grocery store,"24.67805194, 46.74447253"
AD-DIRAH,الوسط,AL-BATHA,Sultan Al Omari Grocery Store,تجاري,Grocery store,"24.63759263, 46.71604563"
AD-DIRAH,الوسط,AL-BATHA,Ad Dirah Grocery Store,تجاري,Grocery store,"24.62558623, 46.70918024"
JABRAH,الوسط,AL-BATHA,Elite Markets,تجاري,Market store,"24.62241173, 46.72279815"
AL-AOUD,الوسط,AL-BATHA,Isnad Refrigerator Grocery Store,تجاري,Grocery store,"24.62877611, 46.73159077"
AL-AOUD,الوسط,AL-BATHA,Abdullah Abboud Salem Grocery Store,تجاري,Grocery store,"24.62990546, 46.7218314"
MANFUHA AL-JADEEDAH,الوسط,AL-BATHA,Al Othaim Markets,تجاري,Market store,"24.61774933, 46.72476166"
MANFUHA AL-JADEEDAH,الوسط,AL-BATHA,Manfuha Al Jadeeda Grocery Store,تجاري,Grocery store,"24.6119542, 46.72454569"
AL-FARUQ,الوسط,AL-MALAZ,Al Faruq Grocery Store,تجاري,Grocery store,"24.64345073, 46.76670311"
AL-YAMAMAH,الوسط,AL-BATHA,Al Yamama Grocery Store,تجاري,Grocery store,"24.59384255, 46.71180984"
UTAYQAH,الوسط,AL-BATHA,Raw'at Al Keif Grocery Store,تجاري,Grocery store,"24.59141557, 46.71158733"
UTAYQAH,الوسط,AL-BATHA,A'hud Grocery Store,تجاري,Grocery store,"24.59918666, 46.7110523"
AL-MATHAR,الوسط,ASH-SHOMAISI,Panda Hypermarket,تجاري,Hypermarket,"24.66411315, 46.68222703"
AN-NASIRIYAH,الوسط,ASH-SHOMAISI,Aziza Al Shahri Grocery Store,تجاري,Grocery store,"24.64933317, 46.67062531"
AL-WISHAM,الوسط,ASH-SHOMAISI,Panda Markets,تجاري,Market store,"24.63955655, 46.69325668"
OLAISHAH,الوسط,ASH-SHOMAISI,Mutlaq Al Hadi Grocery Store,تجاري,Grocery store,"24.63041812, 46.68992264"
UMM-SALEEM,الوسط,ASH-SHOMAISI,Al Othaim Markets,تجاري,Market store,"24.63673507, 46.69734892"
UMM-SALEEM,الوسط,ASH-SHOMAISI,Umm Saleem Grocery Store,تجاري,Grocery store,"24.63240869, 46.69539772"
UMM-SALEEM,الوسط,ASH-SHOMAISI,Umm Saleem Grocery Store,تجاري,Grocery store,"24.63229176, 46.69616487"
UMM-SALEEM,الوسط,ASH-SHOMAISI,Umm Saleem Grocery Store,تجاري,Grocery store,"24.63270025, 46.69879996"
AL-BADEAH,الوسط,ASH-SHOMAISI,Bawazeer Markets,تجاري,Market store,"24.6123396, 46.6742642"
ASH-SHOMAISI,الوسط,ASH-SHOMAISI,Ash Shomaisi Grocery Store,تجاري,Grocery store,"24.6244581, 46.6950493"
ASH-SHOMAISI,الوسط,ASH-SHOMAISI,Ash Shomaisi Grocery Store,تجاري,Grocery store,"24.62200378, 46.70412611"
WEST UMM AL HAMAM,الوسط,AL-MATHAR,Panda Hypermarket,تجاري,Hypermarket,"24.70250531, 46.65210366"
WEST UMM AL HAMAM,الوسط,AL-MATHAR,Al Harbi Refrigerator and Grocery Store,تجاري,Grocery store,"24.69905312, 46.6507393"
ASH-SHARAFIYAH,الوسط,ASH-SHOMAISI,Jadeera Grocery Store,تجاري,Grocery store,"24.6532912, 46.66876343"
AL-WOROUD,الوسط,AL-OLAYA,Al Sadhan Markets,تجاري,Market store,"24.73153683, 46.67469406"
AL-WOROUD,الوسط,AL-OLAYA,Al Wurud Grocery Store,تجاري,Grocery store,"24.72031033, 46.68976991"
AL-WAHAH,الوسط,AL-OLAYA,Awan Al Wared Grocery Store,تجاري,Grocery store,"24.74070023, 46.70529874"
AL-MUROOJ,الوسط,AL-OLAYA,Al Sadhan Supermarket,تجاري,Supermarket,"24.75360584, 46.66372121"
AL-MUROOJ,الوسط,AL-OLAYA,Janayen Al Kheir Markets,تجاري,Market store,"24.76009469, 46.67028462"
GHUBAIRA,الوسط,AL-BATHA,High Value Grocery Store,تجاري,Grocery store,"24.61736576, 46.73040697"
AL-KHALIDIAH,الوسط,AL-BATHA,Al Mushareb Supermarket,تجاري,Supermarket,"24.62705574, 46.74752153"
GHUBAIRA,الوسط,AL-BATHA,Ghubaira Grocery Store,تجاري,Grocery store,"24.61200825, 46.72830801"
AL-MANSURAH ( KHANSHALILAH ),الوسط,AL-BATHA,Zahrat Al Rajba Markets,تجاري,Market store,"24.61006965, 46.74889619"
AL-MANSURAH ( KHANSHALILAH ),الوسط,AL-BATHA,Al Othaim Markets,تجاري,Market store,"24.61994528, 46.74495555"
AL-MANSURAH ( KHANSHALILAH ),الوسط,AL-BATHA,Al Madina Hypermarket,تجاري,Hypermarket,"24.6054219, 46.73185744"
AS-SULAIMANYAH,الوسط,AL-MALAZ,As Sulaimanyah Grocery Store,تجاري,Grocery store,"24.68439962, 46.70693299"
AS-SULAIMANYAH,الوسط,AL-MALAZ,Al Othaim Markets,تجاري,Market store,"24.68036813, 46.70173148"
THULAIM,الوسط,AL-MALAZ,Abdullah Ali Mohammad Al Halabi Grocery Store,تجاري,Grocery store,"24.63939225, 46.72108337"
AL-MARGAB,الوسط,AL-BATHA,Al Margab Grocery Store,تجاري,Grocery store,"24.63627426, 46.71884419"
AS-SALHIYAH,الوسط,AL-BATHA,As Salhiyah Grocery Store,تجاري,Grocery store,"24.63358331, 46.73209839"
UTAYQAH,الوسط,AL-BATHA,Panda Hypermarket,تجاري,Hypermarket,"24.60594682, 46.70774378"
UTAYQAH,الوسط,AL-BATHA,Madar Al Qadesiya Trading Company Grocery Store,تجاري,Grocery store,"24.59902586, 46.70668685"
AL-FUTAH,الوسط,AL-MALAZ,Al Qubaishi Grocery Store,تجاري,Grocery store,"24.64153828, 46.70456397"
AL-FUTAH,الوسط,AL-MALAZ,Al Futah Grocery Store,تجاري,Grocery store,"24.64002873, 46.70998464"
AL-AMAL,الوسط,AL-MALAZ,Nesto Hypermarket,تجاري,Hypermarket,"24.64694872, 46.71682733"
AL-AMAL,الوسط,AL-MALAZ,Makkah Hypermarket,تجاري,Hypermarket,"24.64482298, 46.71826485"
AL-AMAL,الوسط,AL-MALAZ,Munira Bin Mohamad Al Enaz Grocery Store,تجاري,Grocery store,"24.64268204, 46.71785741"
AL-AMAL,الوسط,AL-MALAZ,Al Khudairi Estbalishment Grocery Store,تجاري,Grocery store,"24.64677428, 46.72545837"
AL-QAIRAWAN,الشمال,SHIMAL-Al-Riyadh,Arjwan Bakeries and Grocery Stores,تجاري,Grocery store,"24.82425451, 46.59419539"
AL-MALQA,الشمال,SHIMAL-Al-Riyadh,Housing Pillars Grocery Store,تجاري,Grocery store,"24.80993124, 46.5953933"
AL-MALQA,الشمال,SHIMAL-Al-Riyadh,Jood Bakeries and Grocery Stores,تجاري,Grocery store,"24.81358255, 46.59935021"
AL-ARID,الشمال,SHIMAL-Al-Riyadh,Rukun Sumoo Grocery Store,تجاري,Grocery store,"24.88653142, 46.60633366"
AL-ARID,الشمال,SHIMAL-Al-Riyadh,Shatha Al Dairah Grocery Store,تجاري,Grocery store,"24.88614948, 46.61560979"
AL-ARID,الشمال,SHIMAL-Al-Riyadh,Dorrat Ad Dahiyah Bakeries and Grocery Stores,تجاري,Grocery store,"24.88498747, 46.61279765"
AN-NARJIS,الشمال,SHIMAL-Al-Riyadh,An Narjis Grocery Store,تجاري,Grocery store,"24.83943168, 46.66992937"
AN-NARJIS,الشمال,SHIMAL-Al-Riyadh,An Narjis Grocery Store,تجاري,Grocery store,"24.86234074, 46.65351612"
AN-NARJIS,الشمال,SHIMAL-Al-Riyadh,Hekayt Shamal Bakeries and Grocery Stores,تجاري,Grocery store,"24.83472887, 46.68174221"
AN-NARJIS,الشمال,SHIMAL-Al-Riyadh,An Narjis Grocery Store,تجاري,Grocery store,"24.86476904, 46.65239673"
AR-RIMAL,الشرق,AR-RAWDAH,Munira Hammood Daleem Al Muhimid Grocery Store,تجاري,Grocery store,"24.92260818, 46.81936506"
AR-RIMAL,الشرق,AR-RAWDAH,My Market Bakeries and Grocery Store,تجاري,Grocery store,"24.83493544, 46.81017973"
AR-RIMAL,الشرق,AR-RAWDAH,Droob Bakeries Vegetables Meat Grocery Store,تجاري,Grocery store,"24.84054345, 46.78717554"
AR-RIMAL,الشرق,AR-RAWDAH,Ohud Bakeries and Grocery Stores,تجاري,Grocery store,"24.84916705, 46.81554307"
AR-RIMAL,الشرق,AR-RAWDAH,Khayrat Ar Rimal Grocery Store,تجاري,Grocery store,"24.86408344, 46.83885503"
AR-RIMAL,الشرق,AR-RAWDAH,Sada Ar Rimal Grocery Stores,تجاري,Grocery store,"24.84961397, 46.8234115"
AR-RIMAL,الشرق,AR-RAWDAH,Happy Family Bakeries and Grocery Stores,تجاري,Grocery store,"24.8460327, 46.82641356"
AR-RIMAL,الشرق,AR-RAWDAH,Zahra Supermarket,تجاري,Supermarket,"24.8475609, 46.81141613"
Al Bayan,الشرق,AR-RAWDAH,Al Bayan Grocery Store,تجاري,Grocery store,"24.88661546, 46.86633508"
Al Bayan,الشرق,AR-RAWDAH,Berries Bakeries and Grocery Stores,تجاري,Grocery store,"24.8841222, 46.86471603"
AL-YARMUK,الشرق,AR-RAWDAH,Al Barakat River Bakeries and Grocery Stores,تجاري,Grocery store,"24.81618559, 46.79679606"
AL-YARMUK,الشرق,AR-RAWDAH,Apple Al Yarmuk Bakeries and Grocery Stores,تجاري,Grocery store,"24.81397301, 46.77617955"
AL-YARMUK,الشرق,AR-RAWDAH,Oyoon Al Sultan Refrigerator Grocery Store,تجاري,Grocery store,"24.81349768, 46.79908228"
AL-YARMUK,الشرق,AR-RAWDAH,Central Janaen Bakeries and Grocery Stores,تجاري,Grocery store,"24.8084435, 46.8058953"
AL-YARMUK,الشرق,AR-RAWDAH,Janayen Bakeries and Grocery Stores,تجاري,Grocery store,"24.81839305, 46.78500518"
AL-QADISIYAH,الشرق,AR-RAWDAH,Al Nahdi Markets,تجاري,Market store,"24.81826508, 46.83366672"
AL-QUDS,الشرق,AR-RAWDAH,Houssam Halwani Grocery Store,تجاري,Grocery store,"24.75685483, 46.75151896"
AL-QUDS,الشرق,AR-RAWDAH,Universal Cold Stores Company Grocery Store,تجاري,Grocery store,"24.74706769, 46.75955926"
AL-QUDS,الشرق,AR-RAWDAH,Babaker Bakeries and Grocery Stores,تجاري,Grocery store,"24.76314162, 46.76208764"
AL-KHALEEJ,الشرق,AR-RAWDAH,Talha Shop,تجاري,Market store,"24.77302985, 46.81365414"
AL-MAIZALIYAH,الشرق,AR-RAWDAH,Gulf Grocery Store,تجاري,Grocery store,"24.79334768, 46.85086166"
AL-YASMEEN,الشمال,SHIMAL-Al-Riyadh,Salat Al Yasmin Markets,تجاري,Market store,"24.81656755, 46.62342266"
AL-YASMEEN,الشمال,SHIMAL-Al-Riyadh,Qotuf Al Qassim Markets,تجاري,Market store,"24.8182411, 46.63989443"
AL-YASMEEN,الشمال,SHIMAL-Al-Riyadh,Salat Al Kifah Markets,تجاري,Market store,"24.8280157, 46.62982143"
AL-YASMEEN,الشمال,SHIMAL-Al-Riyadh,Jawharat Al Yasmin Grocery Store,تجاري,Grocery store,"24.8279409, 46.6424574"
AL-YASMEEN,الشمال,SHIMAL-Al-Riyadh,Dhanouns Central Markets,تجاري,Market store,"24.83213935, 46.63778163"
AL-YASMEEN,الشمال,SHIMAL-Al-Riyadh,SPAR Supermarket,تجاري,Supermarket,"24.82261317, 46.6504897"
EAST AN-NASEEM,الشرق,AN-NASEEM,Fakher Sabaa Grocery Store,تجاري,Grocery store,"24.73918281, 46.84990482"
EAST AN-NASEEM,الشرق,AN-NASEEM,Al Othaim Khurais Road Markets,تجاري,Market store,"24.75041917, 46.82255206"
EAST AN-NASEEM,الشرق,AN-NASEEM,Al De'ay'eh Grocery Store,تجاري,Grocery store,"24.73408473, 46.84740266"
EAST AN-NASEEM,الشرق,AN-NASEEM,East An Naseem Grocery Store,تجاري,Grocery store,"24.74262589, 46.83395919"
EAST AN-NASEEM,الشرق,AN-NASEEM,Wal'a Grocery Store,تجاري,Grocery store,"24.74344707, 46.83778982"
EAST AN-NASEEM,الشرق,AN-NASEEM,East An Naseem Grocery Store,تجاري,Grocery store,"24.72678977, 46.85655431"
EAST AN-NASEEM,الشرق,AN-NASEEM,East An Naseem Grocery Store,تجاري,Grocery store,"24.73279701, 46.84758517"
EAST AN-NASEEM,الشرق,AN-NASEEM,East An Naseem Grocery Store,تجاري,Grocery store,"24.73233947, 46.84147872"
AL- NADWAH,الشرق,AN-NASEEM,Shumukh Ad Dar Grocery Store,تجاري,Grocery store,"24.79304047, 46.87000825"
AL- NADWAH,الشرق,AN-NASEEM,Sidra Market Bakeries and Grocery Stores,تجاري,Grocery store,"24.79049742, 46.88428801"
AN-NADHEEM,الشرق,AN-NASEEM,Supermarket 40,تجاري,Supermarket,"24.79929648, 46.89902296"
AN-NADHEEM,الشرق,AN-NASEEM,East Bayareq Grocery Store,تجاري,Grocery store,"24.82477165, 46.89249693"
AN-NADHEEM,الشرق,AN-NASEEM,An Nadheem Grocery Store,تجاري,Grocery store,"24.82628263, 46.88786876"
AN-NADHEEM,الشرق,AN-NASEEM,Hamad Mawqef Hamad Al Ruwaili Grocery Store,تجاري,Grocery store,"24.80751894, 46.88703623"
AL-FAIHA,الجنوب,AS-SULAI,Al Othaim Markets,تجاري,Market store,"24.6693108, 46.80619212"
AS-SAADAH,الجنوب,AS-SULAI,Yasmin Oasis Markets,تجاري,Market store,"24.68734664, 46.82851499"
AS-SAADAH,الجنوب,AS-SULAI,As Saadah Grocery Store,تجاري,Grocery store,"24.68888022, 46.83830562"
AS-SAADAH,الجنوب,AS-SULAI,Anas Grocery Store,تجاري,Grocery store,"24.70684398, 46.84507729"
AS-SAADAH,الجنوب,AS-SULAI,Janayen Bakeries and Grocery Stores,تجاري,Grocery store,"24.68993968, 46.85246594"
AL-MANAKH,الجنوب,AS-SULAI,Al Manakh Grocery Store,تجاري,Grocery store,"24.62252707, 46.79629002"
NEW INDUSTRIAL CITY,الجنوب,AS-SULAI,Nesto Hyper Market,تجاري,Hypermarket,"24.56139803, 46.86488373"
NEW INDUSTRIAL CITY,الجنوب,AS-SULAI,Mohammad Salman Al Dusri Grocery Store,تجاري,Grocery store,"24.56381972, 46.87115045"
AL-WADI,الشمال,SHIMAL-Al-Riyadh,Al Wadi Grocery Store,تجاري,Grocery store,"24.79130938, 46.69451501"
AL-WADI,الشمال,SHIMAL-Al-Riyadh,3 Food Markets,تجاري,Market store,"24.7900747, 46.69165375"
AN-NAFEL,الشمال,SHIMAL-Al-Riyadh,Fruit Farms Markets,تجاري,Market store,"24.78467078, 46.68140209"
WEST AN-NASEEM,الشرق,AN-NASEEM,Al Othaim Supermarket,تجاري,Supermarket,"24.71719555, 46.8278004"
WEST AN-NASEEM,الشرق,AN-NASEEM,Ramez Markets,تجاري,Market store,"24.7067221, 46.83665809"
WEST AN-NASEEM,الشرق,AN-NASEEM,Panda Supermarket,تجاري,Supermarket,"24.74204504, 46.80766776"
WEST AN-NASEEM,الشرق,AN-NASEEM,West An Naseem Grocery Store,تجاري,Grocery store,"24.72933613, 46.81772263"
WEST AN-NASEEM,الشرق,AN-NASEEM,Mohammad Grocery Store,تجاري,Grocery store,"24.72170049, 46.83642168"
WEST AN-NASEEM,الشرق,AN-NASEEM,Panda Markets,تجاري,Market store,"24.71197535, 46.84494953"
WEST AN-NASEEM,الشرق,AN-NASEEM,Al Shahbaa Grocery Store,تجاري,Grocery store,"24.71883591, 46.83780543"
WEST AN-NASEEM,الشرق,AN-NASEEM,N. Al Anzi Grocery Store,تجاري,Grocery store,"24.72120638, 46.83062885"
WEST AN-NASEEM,الشرق,AN-NASEEM,Al Amasi Grocery Store,تجاري,Grocery store,"24.71335133, 46.83034553"
WEST AN-NASEEM,الشرق,AN-NASEEM,A. Abu Sheeba Grocery Store,تجاري,Grocery store,"24.72215262, 46.82690038"
AL-ANDALUS,الشرق,AR-RAWDAH,Rome Grocery Store,تجاري,Grocery store,"24.75558361, 46.78901288"
AR-RAYAN,الشرق,AN-NASEEM,Universal Cold Stores,تجاري,Market store,"24.69746659, 46.77985309"
AR-RAYAN,الشرق,AN-NASEEM,Al Baraka Grocery Store,تجاري,Grocery store,"24.70779345, 46.77250947"
AR-RAWABI,الشرق,AN-NASEEM,Ahmad Mohammad Al Saqeer Grocery Store,تجاري,Grocery store,"24.70575294, 46.78498869"
AR-RAWABI,الشرق,AN-NASEEM,Al Othaim Markets,تجاري,Market store,"24.69653329, 46.78200524"
AR-RAWABI,الشرق,AN-NASEEM,Al Sadhan Supermarket,تجاري,Supermarket,"24.70114607, 46.80258289"
AR-RAWABI,الشرق,AN-NASEEM,Wissam Al Arabi Market,تجاري,Market store,"24.69194042, 46.77555544"
AR-RAWABI,الشرق,AN-NASEEM,Freej Central Market,تجاري,Market store,"24.68794435, 46.78876215"
AS-SALAM,الشرق,AN-NASEEM,Al Othaim Markets,تجاري,Market store,"24.71224847, 46.81833916"
AS-SALAM,الشرق,AN-NASEEM,Rukun Al Othaim Supermarket,تجاري,Supermarket,"24.69819659, 46.8214107"
AS-SULAI,الجنوب,AS-SULAI,As Sulai Grocery Store,تجاري,Grocery store,"24.66610816, 46.8565207"
AL-GHANAMIYAH,الجنوب,AL-HAIER,Al Qahtani Grocery Store,تجاري,Grocery store,"24.4799147, 46.80511159"
AL-GHANAMIYAH,الجنوب,AL-HAIER,Al Omari Grocery Store,تجاري,Grocery store,"24.47940967, 46.80461142"
AL-MALQA,الشمال,SHIMAL-Al-Riyadh,Al Qusaim Food Market,تجاري,Market store,"24.7935962, 46.62911064"
AL-ARID,الشمال,SHIMAL-Al-Riyadh,Al Aqil Grocery Store,تجاري,Grocery store,"24.89429914, 46.60868464"
AL-ARID,الشمال,SHIMAL-Al-Riyadh,Al Ared Grocery Store,تجاري,Grocery store,"24.85476838, 46.63296341"
AL-ARID,الشمال,SHIMAL-Al-Riyadh,Amal Grocery Store,تجاري,Grocery store,"24.86221984, 46.63098597"
AR-RIMAL,الشرق,AR-RAWDAH,Jood Bakeries and Grocery Stores,تجاري,Grocery store,"24.82957553, 46.79452489"
AR-RIMAL,الشرق,AR-RAWDAH,Al Olayan Central Market,تجاري,Market store,"24.83553284, 46.80880347"
WEST AN-NASEEM,الشرق,AN-NASEEM,Al Murshed Grocery Store,تجاري,Grocery store,"24.73225356, 46.81571685"
WEST AN-NASEEM,الشرق,AN-NASEEM,Yazeed Eastern Grocery Store,تجاري,Grocery store,"24.73304125, 46.82187728"
AL-MALQA,الشمال,SHIMAL-Al-Riyadh,Janayen Al Malqa Grocery Store,تجاري,Grocery store,"24.80824338, 46.59284039"
AR-RIMAL,الشرق,AR-RAWDAH,Ahdaf Al Ta'awon Establishment Grocery Store,تجاري,Grocery store,"24.87138934, 46.84663875"
BADER,الجنوب,ASH-SHIFA,Musa'ed Grocery Store,تجاري,Grocery store,"24.54320946, 46.7299275"
KING SAUD UNIVERSITY,الوسط,AL-MATHAR,Al Othaim Markets,تجاري,Market store,"24.71397272, 46.62621087"
AL-KHALEEJ,الشرق,AR-RAWDAH,Zawiyat An Nassim Markets,تجاري,Market store,"24.77398689, 46.80297821"
AL-MUANISIYAH,الشرق,AR-RAWDAH,Danube Hypermarket,تجاري,Hypermarket,"24.84544864, 46.75986685"
AL-YARMUK,الشرق,AR-RAWDAH,Parko Supermarket,تجاري,Supermarket,"24.80767845, 46.76981278"
AL-JANADRIYAH,الشرق,AR-RAWDAH,Dorrat Al Ma'ali Food Markets,تجاري,Market store,"24.83914244, 46.88057771"
AL-BADEAH,الغرب,ASH-SHOMAISI,Al Othaim 311 Markets Al Jaradiyah,تجاري,Market store,"24.6155364, 46.6898877"
WEST AL-ORAIJA,الغرب,AL-URAIJA,Ahmad Grocery Store,تجاري,Grocery store,"24.60049975, 46.60031694"
AR-RIMAL,الشرق,AR-RAWDAH,Janayen Grocery Store,تجاري,Grocery store,"24.85015111, 46.81760455"
AR-RIMAL,الشرق,AR-RAWDAH,Waraqat Sanabel Al Kheir Markets,تجاري,Market store,"24.85060993, 46.82921916"
AR-RIMAL,الشرق,AR-RAWDAH,Dalal Sultan Al Matiri Establishment Grocery Store,تجاري,Grocery store,"24.84632269, 46.82889535"
AR-RIMAL,الشرق,AR-RAWDAH,Mohamad Al Otaibi Grocery Store,تجاري,Grocery store,"24.85103998, 46.81971282"
IRQAH,الغرب,IRQAH,Al Tamimi Irqah Plaza Markets,تجاري,Market store,"24.69426728, 46.60691512"
AL-AZIZIYAH,الجنوب,AL-AZIZIYAH,Abdullah Al Othaim Markets,تجاري,Market store,"24.59081007, 46.76711974"
MUGHARAZAT,الوسط,AL-OLAYA,Daube Supermarket,تجاري,Supermarket,"24.76238475, 46.72246784"
AL-AQEEK,الشمال,SHIMAL-Al-Riyadh,Executive Hotel,تجاري,Hotel,"24.7743173, 46.6398332"
AL-AQEEK,الشمال,SHIMAL-Al-Riyadh,Commercial complex,تجاري,Commercial complex,"24.7620829, 46.625617"
AL-AQEEK,الشمال,SHIMAL-Al-Riyadh,Commercial complex,تجاري,Commercial complex,"24.7666849, 46.6233808"
AL-AQEEK,الشمال,SHIMAL-Al-Riyadh,Mazmooma Fuel System Markets,تجاري,Not available,"24.7689737, 46.6222895"
AL-AQEEK,الشمال,SHIMAL-Al-Riyadh,Furnished Apartments,تجاري,Not available,"24.7766001, 46.6279027"
AL-AQEEK,الشمال,SHIMAL-Al-Riyadh,commercial complex,تجاري,Commercial complex,"24.7795472, 46.6372009"
AL-AQEEK,الشمال,SHIMAL-Al-Riyadh,Idris Station,تجاري,Not available,"24.7801118, 46.6367721"
AL-AQEEK,الشمال,SHIMAL-Al-Riyadh,Agthan Al Tuffah Markets and Bakeries,تجاري,Not available,"24.775697, 46.6334665"
AL-AQEEK,الشمال,SHIMAL-Al-Riyadh,commercial complex,تجاري,Commercial complex,"24.7708106, 46.6210646"
AL-AQEEK,الشمال,SHIMAL-Al-Riyadh,Hala Mart Markets and Bakeries,تجاري,Not available,"24.7742783, 46.6191876"
AL-AQEEK,الشمال,SHIMAL-Al-Riyadh,commercial complex,تجاري,Commercial complex,"24.7763803, 46.6182639"
AL-AQEEK,الشمال,SHIMAL-Al-Riyadh,Lebanon Hotel Apartments,تجاري,Hotel apartments,"24.7834212, 46.6312535"
AL-AQEEK,الشمال,SHIMAL-Al-Riyadh,commercial complex,تجاري,Commercial complex,"24.785526, 46.6339624"
AL-AQEEK,الشمال,SHIMAL-Al-Riyadh,Bestana Hotel Apartments,تجاري,Hotel apartments,"24.7882223, 46.6304176"
AL-AQEEK,الشمال,SHIMAL-Al-Riyadh,Makas 3 Hotel Apartments,تجاري,Hotel apartments,"24.7912305, 46.626855"
AL-AQEEK,الشمال,SHIMAL-Al-Riyadh,Pansy Serviced Apartments,تجاري,Not available,"24.7877268, 46.6177007"
AL-AQEEK,الشمال,SHIMAL-Al-Riyadh,Arab Bank,تجاري,Bank,"24.785938, 46.613267"
AL-AQEEK,الشمال,SHIMAL-Al-Riyadh,commercial complex,تجاري,Commercial complex,"24.7799685, 46.6163275"
AL-AQEEK,الشمال,SHIMAL-Al-Riyadh,Fuel Station,تجاري,Petrol station,"24.780298, 46.61928"
AL-AQEEK,الشمال,SHIMAL-Al-Riyadh,Fuel Station,تجاري,Petrol station,"24.7826206, 46.6243775"
AL-AQEEK,الشمال,SHIMAL-Al-Riyadh,Riyadh Bank,تجاري,Bank,"24.7924131, 46.6309645"
AL-AQEEK,الشمال,SHIMAL-Al-Riyadh,Rafa Hotel,تجاري,Hotel,"24.7932023, 46.6304699"
AL-AQEEK,الشمال,SHIMAL-Al-Riyadh,Qasr Al Aqiq Furnished Residential Units,تجاري,Residential units,"24.791142, 46.6314858"
AL-AQEEK,الشمال,SHIMAL-Al-Riyadh,HDB Hotel - Financial Center,تجاري,Hotel,"24.786488, 46.6338731"
AL-AQEEK,الشمال,SHIMAL-Al-Riyadh,Supermarket,تجاري,Supermarket,"24.7802381, 46.6191446"
AL-AQEEK,الشمال,SHIMAL-Al-Riyadh,Al Rajhi Bank,تجاري,Bank,"24.7803793, 46.6162379"
AL-AQEEK,الشمال,SHIMAL-Al-Riyadh,commercial complex,تجاري,Commercial complex,"24.7808724, 46.6159591"
AL-AQEEK,الشمال,SHIMAL-Al-Riyadh,commercial complex,تجاري,Commercial complex,"24.7862135, 46.6137643"
AL-AQEEK,الشمال,SHIMAL-Al-Riyadh,Abu Khamsa Real,تجاري,Not available,"24.7913889, 46.6259551"
AL-AQEEK,الشمال,SHIMAL-Al-Riyadh,Al Farhan Hotel Suites,تجاري,Hotel,"24.7921973, 46.6305436"
AL-AQEEK,الشمال,SHIMAL-Al-Riyadh,Makarem Najd,تجاري,Not available,"24.7886753, 46.630276"
AL-AQEEK,الشمال,SHIMAL-Al-Riyadh,Randa Furnished Residential Units,تجاري,Residential units,"24.7889625, 46.6310213"
AL-AQEEK,الشمال,SHIMAL-Al-Riyadh,Daily Rental Apartments - Self-Entry,تجاري,Not available,"24.786646, 46.6225161"
AL-AQEEK,الشمال,SHIMAL-Al-Riyadh,Zahraa Rihayen Markets,تجاري,Not available,"24.7868456, 46.62219"
AL-AQEEK,الشمال,SHIMAL-Al-Riyadh,Lulwa Al Thurya Furnished Residential Units - Aqiq Branch,تجاري,Residential units,"24.7885919, 46.6312585"
AL-AQEEK,الشمال,SHIMAL-Al-Riyadh,commercial complex,تجاري,Commercial complex,"24.7830055, 46.6150355"
AL-AQEEK,الشمال,SHIMAL-Al-Riyadh,Bestana Hotel Apartments 3,تجاري,Hotel apartments,"24.7853827, 46.6327069"
AL-AQEEK,الشمال,SHIMAL-Al-Riyadh,Madar Al Fosoul Suites for Furnished Apartments,تجاري,Not available,"24.7817392, 46.624215"
AL-AQEEK,الشمال,SHIMAL-Al-Riyadh,Rakan Kanan Markets for Foodstuffs,تجاري,Not available,"24.7793787, 46.6183584"
AL-AQEEK,الشمال,SHIMAL-Al-Riyadh,commercial complex,تجاري,Commercial complex,"24.7785981, 46.6170939"
AL-AQEEK,الشمال,SHIMAL-Al-Riyadh,Bestana Hotel Apartments 2,تجاري,Hotel apartments,"24.7841398, 46.6329559"
AL-AQEEK,الشمال,SHIMAL-Al-Riyadh,Aqwat Markets,تجاري,Not available,"24.7751277, 46.6189847"
AL-AQEEK,الشمال,SHIMAL-Al-Riyadh,Dormira Hotel,تجاري,Hotel,"24.7710804, 46.620872"
AL-AQEEK,الشمال,SHIMAL-Al-Riyadh,Al Rabie Mart,تجاري,Not available,"24.771268, 46.6230934"
AL-AQEEK,الشمال,SHIMAL-Al-Riyadh,Mowan Markets,تجاري,Not available,"24.7731591, 46.6278237"
AL-AQEEK,الشمال,SHIMAL-Al-Riyadh,Organic Store,تجاري,Not available,"24.7736908, 46.6290827"
AL-AQEEK,الشمال,SHIMAL-Al-Riyadh,Reef Shaqraa - Aqiq,تجاري,Not available,"24.7806643, 46.6362001"
AL-AQEEK,الشمال,SHIMAL-Al-Riyadh,Farm Vegetables Markets,تجاري,Not available,"24.7816929, 46.6362625"
AL-AQEEK,الشمال,SHIMAL-Al-Riyadh,Grand Plaza Hotel - Financial Center Riyadh,تجاري,Hotel,"24.7833703, 46.6354107"
AL-AQEEK,الشمال,SHIMAL-Al-Riyadh,Al Rajhi Bank,تجاري,Bank,"24.7838824, 46.6351652"
AL-AQEEK,الشمال,SHIMAL-Al-Riyadh,Rakan Al Batool Supermarket,تجاري,Supermarket,"24.7767804, 46.6299325"
AL-AQEEK,الشمال,SHIMAL-Al-Riyadh,BAKALA Grocery Store,تجاري,Grocery Store,"24.764094, 46.6242404"
AL-AQEEK,الشمال,SHIMAL-Al-Riyadh,Saudi Central Bank,تجاري,Bank,"24.7696151, 46.6347885"
AL-AQEEK,الشمال,SHIMAL-Al-Riyadh,La Casa,تجاري,Not available,"24.7654821, 46.6301527"
AL-AQEEK,الشمال,SHIMAL-Al-Riyadh,Sweety Serviced Apartments,تجاري,Not available,"24.7729675, 46.6373079"
AL-AQEEK,الشمال,SHIMAL-Al-Riyadh,Mubat Hotel Apartments,تجاري,Hotel apartments,"24.7732095, 46.6371563"
AL-AQEEK,الشمال,SHIMAL-Al-Riyadh,Saudi Arabian National Bank (Al Ahli Bank) - Head Office,تجاري,Bank,"24.7624375, 46.6423125"
AL-AQEEK,الشمال,SHIMAL-Al-Riyadh,National Bank of Iraq,تجاري,Bank,"24.7672185, 46.6393868"
AL-AQEEK,الشمال,SHIMAL-Al-Riyadh,Riyadh Bank Head Office,تجاري,Bank,"24.7615798, 46.6405713"
AL-AQEEK,الشمال,SHIMAL-Al-Riyadh,Al Ahli Bank Head Office,تجاري,Bank,"24.7624375, 46.6423125"
AS-SAHAFA,الشمال,SHIMAL-Al-Riyadh,Remarks,تجاري,Not available,"24.7857641, 46.6353676"
AS-SAHAFA,الشمال,SHIMAL-Al-Riyadh,Celine Home Al-Sahafa,تجاري,Not available,"24.7886633, 46.636516"
AS-SAHAFA,الشمال,SHIMAL-Al-Riyadh,commercial complex,تجاري,Commercial complex,"24.8007489, 46.648216"
AS-SAHAFA,الشمال,SHIMAL-Al-Riyadh,Saudi French Bank,تجاري,Bank,"24.7991031, 46.6445395"
AS-SAHAFA,الشمال,SHIMAL-Al-Riyadh,Othaim Markets,تجاري,Not available,"24.7821326, 46.6440842"
AS-SAHAFA,الشمال,SHIMAL-Al-Riyadh,commercial complex,تجاري,Commercial complex,"24.788532, 46.6469319"
AS-SAHAFA,الشمال,SHIMAL-Al-Riyadh,commercial complex,تجاري,Commercial complex,"24.7877191, 46.6465886"
AS-SAHAFA,الشمال,SHIMAL-Al-Riyadh,commercial complex,تجاري,Commercial complex,"24.7857848, 46.6457481"
AS-SAHAFA,الشمال,SHIMAL-Al-Riyadh,Solitaire Mall,تجاري,Commercial center,"24.8009286, 46.6513872"
AS-SAHAFA,الشمال,SHIMAL-Al-Riyadh,Novotel Hotel,تجاري,Hotel,"24.806756, 46.6272209"
AS-SAHAFA,الشمال,SHIMAL-Al-Riyadh,Crown Rose Hotel,تجاري,Hotel,"24.8064428, 46.6273465"
AS-SAHAFA,الشمال,SHIMAL-Al-Riyadh,Elite Mullaqa Hotel,تجاري,Hotel,"24.8058993, 46.6262208"
AS-SAHAFA,الشمال,SHIMAL-Al-Riyadh,Engineers Hotel,تجاري,Hotel,"24.8082251, 46.6262002"
AS-SAHAFA,الشمال,SHIMAL-Al-Riyadh,Dormira Hotel Apartments,تجاري,Hotel apartments,"24.8080853, 46.6258227"
AS-SAHAFA,الشمال,SHIMAL-Al-Riyadh,Lambert Hotel,تجاري,Hotel,"24.8079525, 46.6256428"
AS-SAHAFA,الشمال,SHIMAL-Al-Riyadh,Fairmont Ramla Hotel Apartments,تجاري,Hotel apartments,"24.8092922, 46.6241437"
AS-SAHAFA,الشمال,SHIMAL-Al-Riyadh,Al Karkh Luxury Hotel Apartments,تجاري,Hotel apartments,"24.8083773, 46.6364938"
AS-SAHAFA,الشمال,SHIMAL-Al-Riyadh,Markets and Bakeries 206,تجاري,Not available,"24.8116952, 46.6348824"
AS-SAHAFA,الشمال,SHIMAL-Al-Riyadh,Asia Basket Markets and Bakeries,تجاري,Not available,"24.8059579, 46.6408544"
AS-SAHAFA,الشمال,SHIMAL-Al-Riyadh,commercial complex,تجاري,Commercial complex,"24.8071868, 46.6491585"
AS-SAHAFA,الشمال,SHIMAL-Al-Riyadh,Ala Kifak,تجاري,Not available,"24.8080067, 46.6485943"
AS-SAHAFA,الشمال,SHIMAL-Al-Riyadh,Banque Saudi Fransi (Banque Saudi Fransi Branch),تجاري,Bank,"24.8185607, 46.6433968"
AS-SAHAFA,الشمال,SHIMAL-Al-Riyadh,commercial complex,تجاري,Commercial complex,"24.8131113, 46.6462046"
AS-SAHAFA,الشمال,SHIMAL-Al-Riyadh,Al Muzara Markets,تجاري,Not available,"24.8115663, 46.6460827"
AS-SAHAFA,الشمال,SHIMAL-Al-Riyadh,commercial complex,تجاري,Commercial complex,"24.8118128, 46.646396"
AS-SAHAFA,الشمال,SHIMAL-Al-Riyadh,commercial complex,تجاري,Commercial complex,"24.8151953, 46.635305"
AS-SAHAFA,الشمال,SHIMAL-Al-Riyadh,Saniyah Commercial Center Sahafa Branch,تجاري,Commercial center,"24.8165956, 46.6387007"
AS-SAHAFA,الشمال,SHIMAL-Al-Riyadh,commercial complex,تجاري,Commercial complex,"24.8170445, 46.6396916"
AS-SAHAFA,الشمال,SHIMAL-Al-Riyadh,commercial complex,تجاري,Commercial complex,"24.8179409, 46.641733"
AS-SAHAFA,الشمال,SHIMAL-Al-Riyadh,commercial complex,تجاري,Commercial complex,"24.8026116, 46.6506668"
AS-SAHAFA,الشمال,SHIMAL-Al-Riyadh,commercial complex,تجاري,Commercial complex,"24.8023815, 46.6500338"
AS-SAHAFA,الشمال,SHIMAL-Al-Riyadh,Sultana Baskets,تجاري,Not available,"24.8131947, 46.6302592"
AS-SAHAFA,الشمال,SHIMAL-Al-Riyadh,commercial complex,تجاري,Commercial complex,"24.8135708, 46.6313744"
AS-SAHAFA,الشمال,SHIMAL-Al-Riyadh,commercial complex,تجاري,Commercial complex,"24.8137741, 46.6317942"
AS-SAHAFA,الشمال,SHIMAL-Al-Riyadh,Station,تجاري,Not available,"24.7992699, 46.6426985"
AS-SAHAFA,الشمال,SHIMAL-Al-Riyadh,Al Rajhi Bank,تجاري,Bank,"24.7979121, 46.6390252"
AS-SAHAFA,الشمال,SHIMAL-Al-Riyadh,Tawaran Furnished Residential Units,تجاري,Residential units,"24.8027738, 46.6313496"
AS-SAHAFA,الشمال,SHIMAL-Al-Riyadh,commercial complex,تجاري,Commercial complex,"24.809142, 46.623667"
AS-SAHAFA,الشمال,SHIMAL-Al-Riyadh,Myrtle Hotel,تجاري,Hotel,"24.8078125, 46.6266875"
AS-SAHAFA,الشمال,SHIMAL-Al-Riyadh,Anan Hotel,تجاري,Hotel,"24.8064249, 46.6249673"
AS-SAHAFA,الشمال,SHIMAL-Al-Riyadh,Hudb Sahafa Hotel,تجاري,Hotel,"24.7958734, 46.6323672"
AS-SAHAFA,الشمال,SHIMAL-Al-Riyadh,Al Sarhan Tower Hotel,تجاري,Hotel,"24.7955518, 46.6317625"
AS-SAHAFA,الشمال,SHIMAL-Al-Riyadh,commercial complex,تجاري,Commercial complex,"24.7979008, 46.6417302"
AS-SAHAFA,الشمال,SHIMAL-Al-Riyadh,commercial complex,تجاري,Commercial complex,"24.7955007, 46.6358965"
AS-SAHAFA,الشمال,SHIMAL-Al-Riyadh,Bank AlJazira (Al Jazeera Bank),تجاري,Bank,"24.7950157, 46.634772"
AS-SAHAFA,الشمال,SHIMAL-Al-Riyadh,commercial complex,تجاري,Commercial complex,"24.7919114, 46.6485426"
AS-SAHAFA,الشمال,SHIMAL-Al-Riyadh,Bank Al Jazira (Al Jazeera Bank),تجاري,Bank,"24.7913621, 46.6480358"
AS-SAHAFA,الشمال,SHIMAL-Al-Riyadh,commercial complex,تجاري,Commercial complex,"24.7908869, 46.6480893"
AS-SAHAFA,الشمال,SHIMAL-Al-Riyadh,commercial complex,تجاري,Commercial complex,"24.7900006, 46.6476843"
AS-SAHAFA,الشمال,SHIMAL-Al-Riyadh,commercial complex,تجاري,Commercial complex,"24.7994937, 46.6452128"
AS-SAHAFA,الشمال,SHIMAL-Al-Riyadh,Zahra Al-Mudhish Markets and Bakeries Sahafa,تجاري,Not available,"24.7885003, 46.6399247"
AS-SAHAFA,الشمال,SHIMAL-Al-Riyadh,Dar Hashem Serviced Apartments,تجاري,Not available,"24.7882516, 46.6394027"
AS-SAHAFA,الشمال,SHIMAL-Al-Riyadh,Shorfa Hotel,تجاري,Hotel,"24.7918924, 46.6442064"
AS-SAHAFA,الشمال,SHIMAL-Al-Riyadh,Elite Hotel Suites,تجاري,Hotel,"24.7892565, 46.6402003"
AS-SAHAFA,الشمال,SHIMAL-Al-Riyadh,Executives Hotel,تجاري,Hotel,"24.7883018, 46.63634"
AR-RABI,الشمال,SHIMAL-Al-Riyadh,commercial complex,تجاري,Commercial complex,"24.7889595, 46.6583391"
AR-RABI,الشمال,SHIMAL-Al-Riyadh,Riyadh Bank,تجاري,Bank,"24.7902192, 46.6575185"
AR-RABI,الشمال,SHIMAL-Al-Riyadh,Inyar Hotel,تجاري,Hotel,"24.788639, 46.6510541"
AR-RABI,الشمال,SHIMAL-Al-Riyadh,commercial complex,تجاري,Commercial complex,"24.786188, 46.6584843"
AR-RABI,الشمال,SHIMAL-Al-Riyadh,commercial complex,تجاري,Commercial complex,"24.7899513, 46.6485785"
AR-RABI,الشمال,SHIMAL-Al-Riyadh,Rosali Hotel,تجاري,Hotel,"24.792622, 46.649809"
AR-RABI,الشمال,SHIMAL-Al-Riyadh,commercial complex,تجاري,Commercial complex,"24.7958635, 46.6548402"
AR-RABI,الشمال,SHIMAL-Al-Riyadh,commercial complex,تجاري,Commercial complex,"24.7948799, 46.655349"
AN-NADA,الشمال,SHIMAL-Al-Riyadh,commercial complex,تجاري,Commercial complex,"24.8170412, 46.6874061"
AN-NADA,الشمال,SHIMAL-Al-Riyadh,commercial complex,تجاري,Commercial complex,"24.8158204, 46.6882297"
AN-NADA,الشمال,SHIMAL-Al-Riyadh,commercial complex,تجاري,Commercial complex,"24.8050373, 46.6934833"
AN-NADA,الشمال,SHIMAL-Al-Riyadh,commercial complex,تجاري,Commercial complex,"24.8043812, 46.693845"
AN-NADA,الشمال,SHIMAL-Al-Riyadh,commercial complex,تجاري,Commercial complex,"24.8008074, 46.6930585"
AN-NADA,الشمال,SHIMAL-Al-Riyadh,Fuel Station,تجاري,Petrol station,"24.8006297, 46.6924953"
AN-NADA,الشمال,SHIMAL-Al-Riyadh,commercial complex,تجاري,Commercial complex,"24.7996688, 46.6906783"
AN-NADA,الشمال,SHIMAL-Al-Riyadh,Aion Hotel,تجاري,Hotel,"24.7990855, 46.6856219"
AN-NADA,الشمال,SHIMAL-Al-Riyadh,commercial complex,تجاري,Commercial complex,"24.8061203, 46.6847403"
AN-NADA,الشمال,SHIMAL-Al-Riyadh,commercial complex,تجاري,Commercial complex,"24.8131722, 46.6893516"
AN-NADA,الشمال,SHIMAL-Al-Riyadh,commercial complex,تجاري,Commercial complex,"24.8141468, 46.6890543"
AN-NADA,الشمال,SHIMAL-Al-Riyadh,commercial complex,تجاري,Commercial complex,"24.8146556, 46.6888343"
AN-NADA,الشمال,SHIMAL-Al-Riyadh,Inma Bank,تجاري,Bank,"24.8150889, 46.6884709"
AN-NADA,الشمال,SHIMAL-Al-Riyadh,commercial complex,تجاري,Commercial complex,"24.8157822, 46.683874"
AN-NADA,الشمال,SHIMAL-Al-Riyadh,commercial complex,تجاري,Commercial complex,"24.8162519, 46.685"
AN-NADA,الشمال,SHIMAL-Al-Riyadh,commercial complex,تجاري,Commercial complex,"24.8144743, 46.680493"
AN-NADA,الشمال,SHIMAL-Al-Riyadh,commercial complex,تجاري,Commercial complex,"24.8038961, 46.6740323"
AR-RABI,الشمال,SHIMAL-Al-Riyadh,Al Rajhi Bank,تجاري,Bank,"24.8057284, 46.671566"
AR-RABI,الشمال,SHIMAL-Al-Riyadh,Riyadh Inn Hotel,تجاري,Hotel,"24.8052976, 46.6717938"
AR-RABI,الشمال,SHIMAL-Al-Riyadh,commercial complex,تجاري,Commercial complex,"24.808895, 46.6676433"
AR-RABI,الشمال,SHIMAL-Al-Riyadh,commercial complex,تجاري,Commercial complex,"24.8082257, 46.6659952"
AR-RABI,الشمال,SHIMAL-Al-Riyadh,eXtra (Electronic and Appliances Retailer),تجاري,Not available,"24.8070937, 46.6629772"
AR-RABI,الشمال,SHIMAL-Al-Riyadh,commercial complex,تجاري,Commercial complex,"24.8047708, 46.6608211"
AR-RABI,الشمال,SHIMAL-Al-Riyadh,Darah Home for Residential Units,تجاري,Residential units,"24.8039665, 46.6611889"
AR-RABI,الشمال,SHIMAL-Al-Riyadh,"Amar for Furnished Residential Units, Al-Rabie District",تجاري,Residential units,"24.7960389, 46.6765077"
AR-RABI,الشمال,SHIMAL-Al-Riyadh,commercial complex,تجاري,Commercial complex,"24.7926838, 46.6733703"
AR-RABI,الشمال,SHIMAL-Al-Riyadh,commercial complex,تجاري,Commercial complex,"24.7932307, 46.6752843"
AR-RABI,الشمال,SHIMAL-Al-Riyadh,commercial complex,تجاري,Commercial complex,"24.7969899, 46.676086"
AR-RABI,الشمال,SHIMAL-Al-Riyadh,commercial complex,تجاري,Commercial complex,"24.8009599, 46.6739871"
AR-RABI,الشمال,SHIMAL-Al-Riyadh,Fuel Station,تجاري,Petrol station,"24.802374, 46.6733092"
AR-RABI,الشمال,SHIMAL-Al-Riyadh,commercial complex,تجاري,Commercial complex,"24.7983855, 46.654554"
AR-RABI,الشمال,SHIMAL-Al-Riyadh,commercial complex,تجاري,Commercial complex,"24.7958905, 46.6557251"
AR-RABI,الشمال,SHIMAL-Al-Riyadh,commercial complex,تجاري,Commercial complex,"24.7978971, 46.6538698"
AR-RABI,الشمال,SHIMAL-Al-Riyadh,commercial complex,تجاري,Commercial complex,"24.7972944, 46.6541515"
AR-RABI,الشمال,SHIMAL-Al-Riyadh,commercial complex,تجاري,Commercial complex,"24.7934938, 46.6544804"
AR-RABI,الشمال,SHIMAL-Al-Riyadh,commercial complex,تجاري,Commercial complex,"24.7962191, 46.6511502"
AR-RABI,الشمال,SHIMAL-Al-Riyadh,commercial complex,تجاري,Commercial complex,"24.7956629, 46.6509235"
AR-RABI,الشمال,SHIMAL-Al-Riyadh,commercial complex,تجاري,Commercial complex,"24.7950598, 46.6507118"
AR-RABI,الشمال,SHIMAL-Al-Riyadh,commercial complex,تجاري,Commercial complex,"24.7884047, 46.6477439"
AR-RABI,الشمال,SHIMAL-Al-Riyadh,commercial complex,تجاري,Commercial complex,"24.7871245, 46.6471841"
AR-RABI,الشمال,SHIMAL-Al-Riyadh,Tallinn Hotel,تجاري,Hotel,"24.7826411, 46.649401"
AR-RABI,الشمال,SHIMAL-Al-Riyadh,commercial complex,تجاري,Commercial complex,"24.7822973, 46.6492957"
AR-RABI,الشمال,SHIMAL-Al-Riyadh,"Mansard Riyadh Hotel, Radisson Collection",تجاري,Hotel,"24.7837321, 46.6527574"
AR-RABI,الشمال,SHIMAL-Al-Riyadh,commercial complex,تجاري,Commercial complex,"24.7883785, 46.6586147"
AL-ARID,الشمال,SHIMAL-Al-Riyadh,Fig Markets and Bakeries,تجاري,Not available,"24.8575261, 46.6245371"
AL-ARID,الشمال,SHIMAL-Al-Riyadh,Sarouh Al Ibtikar Library,تجاري,Not available,"24.8671335, 46.6149998"
AL-ARID,الشمال,SHIMAL-Al-Riyadh,Buhja 13,تجاري,Not available,"24.8765036, 46.6160737"
AL-ARID,الشمال,SHIMAL-Al-Riyadh,Furnished Apartments for Rent,تجاري,Not available,"24.8782226, 46.6162145"
AL-ARID,الشمال,SHIMAL-Al-Riyadh,The Park Residential,تجاري,Residential units,"24.8747778, 46.6206934"
AL-ARID,الشمال,SHIMAL-Al-Riyadh,Ahlam Mouna,تجاري,Not available,"24.8695452, 46.6209218"
AL-ARID,الشمال,SHIMAL-Al-Riyadh,Kun Station,تجاري,Not available,"24.8751334, 46.6146983"
AL-ARID,الشمال,SHIMAL-Al-Riyadh,Super OYO 629 Home Lux Suite,تجاري,Supermarket,"24.8840716, 46.6233091"
AL-ARID,الشمال,SHIMAL-Al-Riyadh,Marvel 3,تجاري,Not available,"24.882879, 46.6196724"
AL-ARID,الشمال,SHIMAL-Al-Riyadh,Weil Station,تجاري,Not available,"24.8757058, 46.5900135"
AL-ARID,الشمال,SHIMAL-Al-Riyadh,Golden Petroleum,تجاري,Not available,"24.8651673, 46.6099904"
AL-ARID,الشمال,SHIMAL-Al-Riyadh,Fuel System Station,تجاري,Petrol station,"24.8672696, 46.6405701"
AL-ARID,الشمال,SHIMAL-Al-Riyadh,Dana Al Yasmeen Fuel Station,تجاري,Petrol station,"24.8619888, 46.6302031"
AL-ARID,الشمال,SHIMAL-Al-Riyadh,G-WELL Al Arid Station,تجاري,Not available,"24.8635372, 46.6216971"
AL-ARID,الشمال,SHIMAL-Al-Riyadh,Viola In‎,تجاري,Not available,"24.8554981, 46.609285"
AN-NARJIS,الشمال,SHIMAL-Al-Riyadh,Jarir Bookstore,تجاري,Not available,"24.8178277, 46.6860514"
AN-NARJIS,الشمال,SHIMAL-Al-Riyadh,Seven Gardens Hotel - Al Narges,تجاري,Hotel,"24.8318454, 46.6926614"
AN-NARJIS,الشمال,SHIMAL-Al-Riyadh,Makarem Hay Al Narges,تجاري,Not available,"24.8303843, 46.6914619"
AN-NARJIS,الشمال,SHIMAL-Al-Riyadh,Fidan Hotel Apartments,تجاري,Hotel apartments,"24.8301334, 46.6906513"
AN-NARJIS,الشمال,SHIMAL-Al-Riyadh,Terrace Park Furnished Residential Units,تجاري,Residential units,"24.8298118, 46.6899941"
AN-NARJIS,الشمال,SHIMAL-Al-Riyadh,Seekoapartment,تجاري,Not available,"24.8308963, 46.6902559"
AN-NARJIS,الشمال,SHIMAL-Al-Riyadh,Mida Apartments for Serviced Living,تجاري,Not available,"24.8294238, 46.6892455"
AN-NARJIS,الشمال,SHIMAL-Al-Riyadh,Narges Villas for Serviced Apartments,تجاري,Not available,"24.8335153, 46.6805457"
AN-NARJIS,الشمال,SHIMAL-Al-Riyadh,Kobard Hotel,تجاري,Hotel,"24.8368835, 46.6839934"
AN-NARJIS,الشمال,SHIMAL-Al-Riyadh,Narges Semat Apartments,تجاري,Not available,"24.8380625, 46.6833125"
AN-NARJIS,الشمال,SHIMAL-Al-Riyadh,Smat Al Mukhadamah Apartments - Al Narges,تجاري,Not available,"24.8435901, 46.6799084"
AN-NARJIS,الشمال,SHIMAL-Al-Riyadh,Petro Asia Station,تجاري,Not available,"24.8371654, 46.6664072"
AN-NARJIS,الشمال,SHIMAL-Al-Riyadh,Gas Station,تجاري,Gas station,"24.84205, 46.6655992"
AN-NARJIS,الشمال,SHIMAL-Al-Riyadh,Jet Residential Units - Al Narges,تجاري,Residential units,"24.844545, 46.6822474"
AN-NARJIS,الشمال,SHIMAL-Al-Riyadh,SAM,تجاري,Not available,"24.8527502, 46.6733651"
AN-NARJIS,الشمال,SHIMAL-Al-Riyadh,Ghass Nubaat Markets and Bakeries,تجاري,Not available,"24.8541914, 46.6577686"
AN-NARJIS,الشمال,SHIMAL-Al-Riyadh,Al Bareqi Hotel for Residential Units,تجاري,Residential units,"24.8611027, 46.6693401"
AN-NARJIS,الشمال,SHIMAL-Al-Riyadh,Dhabab Al Narges Station,تجاري,Not available,"24.8640275, 46.6569947"
AN-NARJIS,الشمال,SHIMAL-Al-Riyadh,Fuel Station,تجاري,Petrol station,"24.8604264, 46.6485483"
AN-NARJIS,الشمال,SHIMAL-Al-Riyadh,Al Bader Residences,تجاري,Residential units,"24.8732521, 46.6553592"
AN-NARJIS,الشمال,SHIMAL-Al-Riyadh,Ahmad Al Khunfari Station,تجاري,Not available,"24.8885667, 46.6577755"
AN-NARJIS,الشمال,SHIMAL-Al-Riyadh,Al Ahli Saudi Bank,تجاري,Bank,"24.8956184, 46.6351196"
AN-NARJIS,الشمال,SHIMAL-Al-Riyadh,Al Narges Square,تجاري,Not available,"24.851226, 46.674268"
AN-NARJIS,الشمال,SHIMAL-Al-Riyadh,Sama Al Qasr - Al Narges,تجاري,Not available,"24.8305385, 46.6916263"
AN-NARJIS,الشمال,SHIMAL-Al-Riyadh,Land Beach‎,تجاري,Not available,"24.8280838, 46.6855966"
AN-NARJIS,الشمال,SHIMAL-Al-Riyadh,SMAYAH HOTEL,تجاري,Hotel,"24.8273778, 46.6839744"
AN-NARJIS,الشمال,SHIMAL-Al-Riyadh,Ayres Boutique Hotel - Al Narges,تجاري,Hotel,"24.8267056, 46.682478"
AN-NARJIS,الشمال,SHIMAL-Al-Riyadh,Danat El Narjes Apartment,تجاري,Not available,"24.8266894, 46.6822087"
AN-NARJIS,الشمال,SHIMAL-Al-Riyadh,Al Muheideb - Al Narges,تجاري,Not available,"24.8265175, 46.6817634"
AN-NARJIS,الشمال,SHIMAL-Al-Riyadh,Lavaya,تجاري,Not available,"24.8263313, 46.6815635"
AN-NARJIS,الشمال,SHIMAL-Al-Riyadh,Lulu Al Narges,تجاري,Not available,"24.8399734, 46.6829147"
AN-NARJIS,الشمال,SHIMAL-Al-Riyadh,ALMAKAN 103 HOTEL,تجاري,Hotel,"24.8496736, 46.6818343"
AL-YASMEEN,الشمال,SHIMAL-Al-Riyadh,Riyadh LaGree Hotel Apartments,تجاري,Hotel apartments,"24.8354821, 46.656287"
AL-YASMEEN,الشمال,SHIMAL-Al-Riyadh,Rasis Plaza,تجاري,Not available,"24.8241819, 46.6567206"
AL-YASMEEN,الشمال,SHIMAL-Al-Riyadh,Al Hadiya Mall,تجاري,Commercial center,"24.8243915, 46.6550961"
AL-YASMEEN,الشمال,SHIMAL-Al-Riyadh,Al Yasmeen Plaza,تجاري,Not available,"24.823449, 46.6557759"
AL-YASMEEN,الشمال,SHIMAL-Al-Riyadh,Al Rabee Mall for Yasmeen Accessories,تجاري,Commercial center,"24.8227851, 46.6514347"
AL-YASMEEN,الشمال,SHIMAL-Al-Riyadh,Al Ahli Bank,تجاري,Bank,"24.8334375, 46.6510625"
AL-YASMEEN,الشمال,SHIMAL-Al-Riyadh,Al Rajhi Bank,تجاري,Bank,"24.8289375, 46.6511875"
AL-YASMEEN,الشمال,SHIMAL-Al-Riyadh,Inma Bank,تجاري,Bank,"24.818489, 46.640855"
AL-YASMEEN,الشمال,SHIMAL-Al-Riyadh,Aaber Al Sahafa Hotel,تجاري,Hotel,"24.818849, 46.641136"
AL-YASMEEN,الشمال,SHIMAL-Al-Riyadh,Alawwal Bank (First Saudi Bank),تجاري,Bank,"24.815607, 46.6342618"
AL-YASMEEN,الشمال,SHIMAL-Al-Riyadh,Aknan Al Yasmeen Furnished Apartments,تجاري,Not available,"24.8156008, 46.6335184"
AL-YASMEEN,الشمال,SHIMAL-Al-Riyadh,SABB Tower,تجاري,Not available,"24.8225297, 46.6170572"
AL-YASMEEN,الشمال,SHIMAL-Al-Riyadh,Al Ahli Bank,تجاري,Bank,"24.8071875, 46.6586875"
AL-YASMEEN,الشمال,SHIMAL-Al-Riyadh,Masaakin Al Yasmeen Furnished Apartments,تجاري,Not available,"24.8326154, 46.6375278"
AL-YASMEEN,الشمال,SHIMAL-Al-Riyadh,Al-Drees Station,تجاري,Not available,"24.8222948, 46.6424383"
AL-YASMEEN,الشمال,SHIMAL-Al-Riyadh,Al-Khanifer Station,تجاري,Not available,"24.8166228, 46.6366053"
AL-YASMEEN,الشمال,SHIMAL-Al-Riyadh,Amar for Furnished Residential Units,تجاري,Residential units,"24.8182546, 46.6443789"
AL-YASMEEN,الشمال,SHIMAL-Al-Riyadh,commercial complex,تجاري,Commercial complex,"24.8037794, 46.6529176"
AL-YASMEEN,الشمال,SHIMAL-Al-Riyadh,Al-Drees Station,تجاري,Not available,"24.8355625, 46.6445625"
AL-YASMEEN,الشمال,SHIMAL-Al-Riyadh,Centro Anas,تجاري,Not available,"24.8222668, 46.6499689"
AL-YASMEEN,الشمال,SHIMAL-Al-Riyadh,commercial complex,تجاري,Commercial complex,"24.8220869, 46.6523522"
AL-YASMEEN,الشمال,SHIMAL-Al-Riyadh,commercial complex,تجاري,Commercial complex,"24.8105865, 46.6486679"
AL-YASMEEN,الشمال,SHIMAL-Al-Riyadh,commercial complex,تجاري,Commercial complex,"24.814756, 46.6465649"
AL-YASMEEN,الشمال,SHIMAL-Al-Riyadh,Al Beit Beitkum Hotel Apartments,تجاري,Hotel apartments,"24.8164004, 46.6331004"
AL-YASMEEN,الشمال,SHIMAL-Al-Riyadh,Layal Furnished Residential Units,تجاري,Residential units,"24.8166438, 46.632983"
AL-QAIRAWAN,الشمال,SHIMAL-Al-Riyadh,Al-Qairawan,تجاري,Not available,"24.8302609, 46.5896849"
AL-QAIRAWAN,الشمال,SHIMAL-Al-Riyadh,Kunuz Al-Khair Markets and Bakeries,تجاري,Not available,"24.8273133, 46.59156"
AL-QAIRAWAN,الشمال,SHIMAL-Al-Riyadh,Makani Market,تجاري,Not available,"24.826449, 46.5655591"
AL-QAIRAWAN,الشمال,SHIMAL-Al-Riyadh,Boulevard 2030,تجاري,Not available,"24.8282057, 46.5701497"
AL-QAIRAWAN,الشمال,SHIMAL-Al-Riyadh,Al-Drees,تجاري,Not available,"24.8295967, 46.5754821"
AL-QAIRAWAN,الشمال,SHIMAL-Al-Riyadh,Dana Residential Hotel 1,تجاري,Hotel,"24.8253532, 46.599293"
AL-QAIRAWAN,الشمال,SHIMAL-Al-Riyadh,commercial complex,تجاري,Commercial complex,"24.8410066, 46.6060365"
AL-QAIRAWAN,الشمال,SHIMAL-Al-Riyadh,Jumeirah Hotel,تجاري,Hotel,"24.8574375, 46.5979375"
AL-QAIRAWAN,الشمال,SHIMAL-Al-Riyadh,Al-Qairawan Cafes and Restaurants Complex,تجاري,Not available,"24.8325274, 46.605063"
AL-QAIRAWAN,الشمال,SHIMAL-Al-Riyadh,Kef Al-Asalah Markets,تجاري,Not available,"24.8404308, 46.6065919"
AL-QAIRAWAN,الشمال,SHIMAL-Al-Riyadh,Spar Market,تجاري,Not available,"24.8304313, 46.5992594"
AL-QAIRAWAN,الشمال,SHIMAL-Al-Riyadh,Al-Majidiya Terrace Complex,تجاري,Not available,"24.8305081, 46.5994451"
AL-QAIRAWAN,الشمال,SHIMAL-Al-Riyadh,Fresh Way,تجاري,Not available,"24.829373, 46.6001044"
AL-QAIRAWAN,الشمال,SHIMAL-Al-Riyadh,Sasko,تجاري,Not available,"24.8387989, 46.596957"
AL-QAIRAWAN,الشمال,SHIMAL-Al-Riyadh,Kef Al-Asalah Markets - Al-Qairawan Branch,تجاري,Not available,"24.8269156, 46.5925465"
AL-QAIRAWAN,الشمال,SHIMAL-Al-Riyadh,commercial complex,تجاري,Commercial complex,"24.8254451, 46.5934642"
AL-QAIRAWAN,الشمال,SHIMAL-Al-Riyadh,Al-Maqsid Chalets,تجاري,Not available,"24.8499317, 46.5961246"
AL-QAIRAWAN,الشمال,SHIMAL-Al-Riyadh,Dana Residential Hotel 2,تجاري,Hotel,"24.8190291, 46.5880462"
AL-QAIRAWAN,الشمال,SHIMAL-Al-Riyadh,"Dana Hotel Apartments, Al-Qairawan District",تجاري,Hotel apartments,"24.8186899, 46.5881322"
AL-QAIRAWAN,الشمال,SHIMAL-Al-Riyadh,Al-Abadiyah Residence 2,تجاري,Residential units,"24.8187209, 46.5887573"
AL-MALQA,الشمال,SHIMAL-Al-Riyadh,Ain Square Hittin,تجاري,Not available,"24.7783782, 46.5924288"
AL-MALQA,الشمال,SHIMAL-Al-Riyadh,Telal Al-Malqa,تجاري,Not available,"24.7962809, 46.614486"
AL-MALQA,الشمال,SHIMAL-Al-Riyadh,Nova 1,تجاري,Not available,"24.8148927, 46.5886243"
AL-MALQA,الشمال,SHIMAL-Al-Riyadh,Mon Mart,تجاري,Not available,"24.7807116, 46.5782906"
HITTEEN,الشمال,SHIMAL-Al-Riyadh,Mir Gas Station,تجاري,Gas station,"24.7728923, 46.574344"
AL-MALQA,الشمال,SHIMAL-Al-Riyadh,V Plaza,تجاري,Not available,"24.7819035, 46.5828329"
AL-MALQA,الشمال,SHIMAL-Al-Riyadh,Voyage Residents,تجاري,Residential units,"24.7807543, 46.5776284"
AL-MALQA,الشمال,SHIMAL-Al-Riyadh,Qow Station (Gas Station),تجاري,Gas station,"24.8114033, 46.6004099"
AL-MALQA,الشمال,SHIMAL-Al-Riyadh,National Petrol Station,تجاري,Petrol station,"24.8152902, 46.6098186"
AL-MALQA,الشمال,SHIMAL-Al-Riyadh,"Elite Hotel Suites, Al-Malqa Branch",تجاري,Hotel,"24.7956552, 46.6148776"
AL-MALQA,الشمال,SHIMAL-Al-Riyadh,commercial complex,تجاري,Commercial complex,"24.8048686, 46.6082438"
AL-MALQA,الشمال,SHIMAL-Al-Riyadh,commercial complex,تجاري,Commercial complex,"24.7878461, 46.6124932"
AL-MALQA,الشمال,SHIMAL-Al-Riyadh,"Topaz Hotel Suites, Al-Malqa",تجاري,Hotel,"24.7955484, 46.6128131"
AL-MALQA,الشمال,SHIMAL-Al-Riyadh,commercial complex,تجاري,Commercial complex,"24.7871606, 46.6128083"
AL-MALQA,الشمال,SHIMAL-Al-Riyadh,commercial complex,تجاري,Commercial complex,"24.8072131, 46.6137163"
AL-MALQA,الشمال,SHIMAL-Al-Riyadh,commercial complex,تجاري,Commercial complex,"24.8218009, 46.6122449"
AL-MALQA,الشمال,SHIMAL-Al-Riyadh,180 Hotel for Furnished Residential Units,تجاري,Residential units,"24.7992047, 46.621387"
AL-MALQA,الشمال,SHIMAL-Al-Riyadh,Skoun Al-Malqa,تجاري,Not available,"24.7997377, 46.6226963"
AL-MALQA,الشمال,SHIMAL-Al-Riyadh,Randa Hotel,تجاري,Hotel,"24.8005828, 46.6205763"
AL-MALQA,الشمال,SHIMAL-Al-Riyadh,Bait Al Jood Serviced Housing Units,تجاري,Not available,"24.8003871, 46.6243736"
AL-MALQA,الشمال,SHIMAL-Al-Riyadh,Amar for Furnished Residential Units,تجاري,Residential units,"24.8001483, 46.6232702"
AL-MALQA,الشمال,SHIMAL-Al-Riyadh,Self-Entry Hotel Studios,تجاري,Hotel,"24.7999553, 46.619048"
AL-MALQA,الشمال,SHIMAL-Al-Riyadh,Asfar Plaza,تجاري,Not available,"24.8007015, 46.62498"
AL-MALQA,الشمال,SHIMAL-Al-Riyadh,Golden Lists for Furnished Residential Units,تجاري,Residential units,"24.8009772, 46.6254977"
AL-MALQA,الشمال,SHIMAL-Al-Riyadh,Drar Daria Hotel Apartments - Al-Malqa 2,تجاري,Hotel apartments,"24.8013971, 46.6220653"
AL-MALQA,الشمال,SHIMAL-Al-Riyadh,Aknan Hotel Apartments,تجاري,Hotel apartments,"24.8014904, 46.622495"
AL-MALQA,الشمال,SHIMAL-Al-Riyadh,Al-Malqa Supermarket,تجاري,Supermarket,"24.816988, 46.6095908"
AL-MALQA,الشمال,SHIMAL-Al-Riyadh,First Abu Dhabi Bank,تجاري,Bank,"24.8178338, 46.6178466"
AL-MALQA,الشمال,SHIMAL-Al-Riyadh,commercial complex,تجاري,Commercial complex,"24.808001, 46.6156993"
AL-MALQA,الشمال,SHIMAL-Al-Riyadh,commercial complex,تجاري,Commercial complex,"24.808686, 46.6168895"
AL-MALQA,الشمال,SHIMAL-Al-Riyadh,commercial complex,تجاري,Commercial complex,"24.8088843, 46.6179432"
AL-MALQA,الشمال,SHIMAL-Al-Riyadh,commercial complex,تجاري,Commercial complex,"24.8085806, 46.6199648"
AL-MALQA,الشمال,SHIMAL-Al-Riyadh,SNB AlAhli,تجاري,Not available,"24.8163125, 46.6099375"
AL-MALQA,الشمال,SHIMAL-Al-Riyadh,Downtown Hostel,تجاري,Not available,"24.7943921, 46.6184429"
AL-MALQA,الشمال,SHIMAL-Al-Riyadh,commercial complex,تجاري,Commercial complex,"24.8081752, 46.6193867"
AL-MALQA,الشمال,SHIMAL-Al-Riyadh,Al Ahli Bank,تجاري,Bank,"24.7970088, 46.6286014"
AL-MALQA,الشمال,SHIMAL-Al-Riyadh,Jawaher Al-Malqa Apartments for Residential Units,تجاري,Residential units,"24.7959416, 46.6226982"
AL-MALQA,الشمال,SHIMAL-Al-Riyadh,Model Markets,تجاري,Not available,"24.7899528, 46.6207178"
AL-MALQA,الشمال,SHIMAL-Al-Riyadh,Ham Al-Sahab,تجاري,Not available,"24.797314, 46.6189233"
AL-MALQA,الشمال,SHIMAL-Al-Riyadh,Aseel Al-Malqa Apartments,تجاري,Not available,"24.7993502, 46.6230725"
AL-MALQA,الشمال,SHIMAL-Al-Riyadh,Dayala for Serviced Apartments,تجاري,Not available,"24.7994175, 46.6233065"
AL-MALQA,الشمال,SHIMAL-Al-Riyadh,Aram 2 Inn Hotel Apartments,تجاري,Hotel apartments,"24.8004389, 46.6256784"
AL-MALQA,الشمال,SHIMAL-Al-Riyadh,Daria Furnished Apartments,تجاري,Not available,"24.7998369, 46.6242696"
AL-MALQA,الشمال,SHIMAL-Al-Riyadh,THWARY Hotel,تجاري,Hotel,"24.8174204, 46.6174391"
AL-MALQA,الشمال,SHIMAL-Al-Riyadh,Rafah Hotel Apartments - Al-Malqa District,تجاري,Hotel apartments,"24.7957106, 46.622343"
AL-MALQA,الشمال,SHIMAL-Al-Riyadh,Hosta Al-Malqa,تجاري,Not available,"24.8169532, 46.6164578"
AL-MALQA,الشمال,SHIMAL-Al-Riyadh,QASR ALAWANI,تجاري,Not available,"24.817048, 46.6182469"
AL-MALQA,الشمال,SHIMAL-Al-Riyadh,Bed Corner,تجاري,Not available,"24.8167813, 46.6182858"
AL-MALQA,الشمال,SHIMAL-Al-Riyadh,Al Shumookh Al Dhahabi Trading Markets,تجاري,Not available,"24.8160241, 46.6155217"
AL-MALQA,الشمال,SHIMAL-Al-Riyadh,Dolph for Serviced Apartments,تجاري,Not available,"24.8019621, 46.6251509"
AL-MALQA,الشمال,SHIMAL-Al-Riyadh,Shaha furnished apartments,تجاري,Not available,"24.8019385, 46.6249041"
AL-MALQA,الشمال,SHIMAL-Al-Riyadh,Riyadh Luxury,تجاري,Not available,"24.7929897, 46.6256822"
AL-MALQA,الشمال,SHIMAL-Al-Riyadh,Aber 101,تجاري,Not available,"24.8068186, 46.6155693"
AL-MALQA,الشمال,SHIMAL-Al-Riyadh,Rawae Al Ilm Library and Stationery,تجاري,Not available,"24.8120363, 46.6121146"
AL-MALQA,الشمال,SHIMAL-Al-Riyadh,Celine Home Hotel Suites - Al-Malqa District,تجاري,Hotel,"24.7967395, 46.6258362"
AL-MALQA,الشمال,SHIMAL-Al-Riyadh,Yammah Palace for Residential Units,تجاري,Residential units,"24.7975976, 46.6267083"
AL-MALQA,الشمال,SHIMAL-Al-Riyadh,commercial complex,تجاري,Commercial complex,"24.8064033, 46.6118839"
AL-MALQA,الشمال,SHIMAL-Al-Riyadh,commercial complex,تجاري,Commercial complex,"24.8034896, 46.604792"
AL-MALQA,الشمال,SHIMAL-Al-Riyadh,Mabaat - Al Malqa 3 BR Apt - 365,تجاري,Not available,"24.8192776, 46.6054046"
AL-MALQA,الشمال,SHIMAL-Al-Riyadh,commercial complex,تجاري,Commercial complex,"24.8182903, 46.5960036"
AL-FALAH,الشمال,SHIMAL-Al-Riyadh,Burj Al Hayat Hotel Apartments,تجاري,Hotel apartments,"24.8010555, 46.6988521"
AL-FALAH,الشمال,SHIMAL-Al-Riyadh,Viola Gardens Hotel Apartments,تجاري,Hotel apartments,"24.8033738, 46.7042934"
AL-FALAH,الشمال,SHIMAL-Al-Riyadh,Madarim Crown Hotel,تجاري,Hotel,"24.79984177, 46.71782492"
AL-FALAH,الشمال,SHIMAL-Al-Riyadh,Rightna Furnished Units,تجاري,Not available,"24.7949014, 46.7014491"
AL-FALAH,الشمال,SHIMAL-Al-Riyadh,Topaz Riyadh,تجاري,Not available,"24.7903089, 46.7116678"
AL-FALAH,الشمال,SHIMAL-Al-Riyadh,CSI Hired,تجاري,Not available,"24.7950581, 46.7035169"
AL-FALAH,الشمال,SHIMAL-Al-Riyadh,Al Mutaib Suites Alfalah 3,تجاري,Not available,"24.7898724, 46.7025275"
AL-FALAH,الشمال,SHIMAL-Al-Riyadh,Al Falah Residences Furnished Apartments,تجاري,Residential units,"24.7978544, 46.7087435"
AL-FALAH,الشمال,SHIMAL-Al-Riyadh,Al Rehab Furnished Units,تجاري,Not available,"24.80181412, 46.70068572"
AL-FALAH,الشمال,SHIMAL-Al-Riyadh,Samaiah Hotel Apartments,تجاري,Hotel apartments,"24.8010048, 46.7078213"
AL-FALAH,الشمال,SHIMAL-Al-Riyadh,Furnished Apartment,تجاري,Not available,"24.8004392, 46.7074868"
AL-FALAH,الشمال,SHIMAL-Al-Riyadh,Guests inn hotel,تجاري,Hotel,"24.8004313, 46.7080935"
AL-FALAH,الشمال,SHIMAL-Al-Riyadh,Hotel,تجاري,Hotel,"24.8060591, 46.7107903"
AL-FALAH,الشمال,SHIMAL-Al-Riyadh,Dana Alfalah Apartments,تجاري,Not available,"24.7955922, 46.7198538"
AL-FALAH,الشمال,SHIMAL-Al-Riyadh,Romance Suites Furnished Apartments,تجاري,Not available,"24.8027411, 46.7026791"
AL-FALAH,الشمال,SHIMAL-Al-Riyadh,Rust Nights Hotel Apartments,تجاري,Hotel apartments,"24.8033089, 46.7040392"
AL-FALAH,الشمال,SHIMAL-Al-Riyadh,Lameer Furnished Units,تجاري,Not available,"24.8029337, 46.7063179"
AL-FALAH,الشمال,SHIMAL-Al-Riyadh,Rafaa Residences,تجاري,Residential units,"24.7952197, 46.7091911"
AL-FALAH,الشمال,SHIMAL-Al-Riyadh,Nakbat Al Nakbat Furnished Apartments,تجاري,Not available,"24.7894342, 46.7027504"
AL-FALAH,الشمال,SHIMAL-Al-Riyadh,Price World,تجاري,Not available,"24.7918618, 46.7016041"
AL-FALAH,الشمال,SHIMAL-Al-Riyadh,Ard Al Andalus Hotel,تجاري,Hotel,"24.7988874, 46.698047"
AL-FALAH,الشمال,SHIMAL-Al-Riyadh,M Stays,تجاري,Not available,"24.80355502, 46.70592559"
AL-FALAH,الشمال,SHIMAL-Al-Riyadh,Rafaa Alfalah Residences,تجاري,Residential units,"24.8011741, 46.7077505"
AL-FALAH,الشمال,SHIMAL-Al-Riyadh,Jazala,تجاري,Not available,"24.7914409, 46.7104155"
AL-FALAH,الشمال,SHIMAL-Al-Riyadh,Nuzl Al Kubra,تجاري,Not available,"24.790899, 46.710726"
AL-FALAH,الشمال,SHIMAL-Al-Riyadh,Doha Al Reef Markets,تجاري,Not available,"24.792554, 46.701183"
AL-FALAH,الشمال,SHIMAL-Al-Riyadh,Bustan Al Aaila Grocery,تجاري,Grocery Store,"24.7958977, 46.703933"
AL-FALAH,الشمال,SHIMAL-Al-Riyadh,Fursan Markets,تجاري,Not available,"24.7992293, 46.6977087"
AL-FALAH,الشمال,SHIMAL-Al-Riyadh,Baqala Hay Al Falah,تجاري,Not available,"24.80135966, 46.69951864"
AL-FALAH,الشمال,SHIMAL-Al-Riyadh,Tamweenat,تجاري,Not available,"24.79215137, 46.71003527"
AL-GHADEER,الشمال,SHIMAL-Al-Riyadh,Social Development Bank - General Administration,تجاري,Bank,"24.7755625, 46.6443125"
AL-GHADEER,الشمال,SHIMAL-Al-Riyadh,AB First,تجاري,Not available,"24.7788942, 46.6633405"
AL-GHADEER,الشمال,SHIMAL-Al-Riyadh,Al Rajhi Bank,تجاري,Bank,"24.7820106, 46.6616862"
AL-GHADEER,الشمال,SHIMAL-Al-Riyadh,Inma Bank,تجاري,Bank,"24.779433, 46.663023"
AL-GHADEER,الشمال,SHIMAL-Al-Riyadh,Saudi French Bank (Banque Saudi Fransi),تجاري,Bank,"24.7782671, 46.6634949"
AL-GHADEER,الشمال,SHIMAL-Al-Riyadh,Saudi Investment Bank,تجاري,Bank,"24.777411, 46.663971"
AL-GHADEER,الشمال,SHIMAL-Al-Riyadh,commercial complex,تجاري,Commercial complex,"24.7747362, 46.6654061"
AL-GHADEER,الشمال,SHIMAL-Al-Riyadh,Al Ghadeer Square Commercial Complex,تجاري,Commercial complex,"24.7698463, 46.6647397"
AL-GHADEER,الشمال,SHIMAL-Al-Riyadh,SACO World - Riyadh (Retail Store),تجاري,Not available,"24.7695417, 46.6641866"
AL-GHADEER,الشمال,SHIMAL-Al-Riyadh,Abyat (Home Furnishing Store),تجاري,Not available,"24.7682007, 46.6609031"
AL-GHADEER,الشمال,SHIMAL-Al-Riyadh,Basket Gardens Al Qassim Markets,تجاري,Not available,"24.7776628, 46.6617502"
AL-GHADEER,الشمال,SHIMAL-Al-Riyadh,Nice (Retail Store),تجاري,Not available,"24.7662625, 46.6582125"
AL-GHADEER,الشمال,SHIMAL-Al-Riyadh,Al Saif Gallery,تجاري,Not available,"24.766547, 46.658349"
AL-GHADEER,الشمال,SHIMAL-Al-Riyadh,Al Nasr Club Store,تجاري,Not available,"24.7664241, 46.6581523"
AL-GHADEER,الشمال,SHIMAL-Al-Riyadh,Home Furnishings,تجاري,Not available,"24.7667017, 46.6590331"
AL-GHADEER,الشمال,SHIMAL-Al-Riyadh,Fernda Commercial Complex,تجاري,Commercial complex,"24.7671352, 46.6594345"
AL-GHADEER,الشمال,SHIMAL-Al-Riyadh,Hilton Garden Inn Riyadh Financial Center,تجاري,Not available,"24.7650601, 46.655143"
AL-GHADEER,الشمال,SHIMAL-Al-Riyadh,DoubleTree by Hilton Riyadh Financial District,تجاري,Not available,"24.7647328, 46.6549963"
AL-GHADEER,الشمال,SHIMAL-Al-Riyadh,Mövenpick Hotel Riyadh,تجاري,Hotel,"24.7640327, 46.6532401"
AL-GHADEER,الشمال,SHIMAL-Al-Riyadh,Tajreed Hotel,تجاري,Hotel,"24.7663583, 46.6488299"
AL-GHADEER,الشمال,SHIMAL-Al-Riyadh,Dabaa Oasis Markets,تجاري,Not available,"24.7712273, 46.6510119"
AN-NAFEL,الشمال,SHIMAL-Al-Riyadh,Jarir Bookstore,تجاري,Not available,"24.7725684, 46.6727794"
AN-NAFEL,الشمال,SHIMAL-Al-Riyadh,commercial complex,تجاري,Commercial complex,"24.7758649, 46.6806271"
AN-NAFEL,الشمال,SHIMAL-Al-Riyadh,Aknan Al-Nofal Residential Units,تجاري,Residential units,"24.780481, 46.6671753"
AN-NAFEL,الشمال,SHIMAL-Al-Riyadh,Cinéma Talah Mall,تجاري,Commercial center,"24.7719492, 46.6681125"
AN-NAFEL,الشمال,SHIMAL-Al-Riyadh,Al Jazeera Bank,تجاري,Bank,"24.776991, 46.6653925"
AN-NAFEL,الشمال,SHIMAL-Al-Riyadh,Diyar Al-Durrah Furnished Residential Units,تجاري,Residential units,"24.7787917, 46.6642372"
AN-NAFEL,الشمال,SHIMAL-Al-Riyadh,Marbia Al-Nofal Furnished Residential Units,تجاري,Residential units,"24.7798562, 46.6654065"
AN-NAFEL,الشمال,SHIMAL-Al-Riyadh,Durr Daraya Hotel Apartments - Al-Nofal),تجاري,Hotel apartments,"24.7796048, 46.6652441"
AN-NAFEL,الشمال,SHIMAL-Al-Riyadh,Rokn Al-Omar Residential Units),تجاري,Residential units,"24.7796493, 46.6664283"
AN-NAFEL,الشمال,SHIMAL-Al-Riyadh,Luluat Al-Thuraya Furnished Residential Units,تجاري,Residential units,"24.7807105, 46.6679391"
AN-NAFEL,الشمال,SHIMAL-Al-Riyadh,Dar Ayyar Hotel,تجاري,Hotel,"24.7805775, 46.6688017"
AN-NAFEL,الشمال,SHIMAL-Al-Riyadh,Marwaj Najd Grocery,تجاري,Grocery Store,"24.780379, 46.66661"
AN-NAFEL,الشمال,SHIMAL-Al-Riyadh,Al-Hara Biscuits,تجاري,Not available,"24.7793702, 46.6645994"
AN-NAFEL,الشمال,SHIMAL-Al-Riyadh,commercial complex,تجاري,Commercial complex,"24.7805373, 46.6635112"
AN-NAFEL,الشمال,SHIMAL-Al-Riyadh,Arab Bank,تجاري,Bank,"24.781207, 46.663216"
AN-NAFEL,الشمال,SHIMAL-Al-Riyadh,Shurayfah Markets,تجاري,Not available,"24.7812409, 46.6690609"
AN-NAFEL,الشمال,SHIMAL-Al-Riyadh,Max (Retail Store),تجاري,Not available,"24.781722, 46.6631737"
AN-NAFEL,الشمال,SHIMAL-Al-Riyadh,elhannem market,تجاري,Not available,"24.7848991, 46.6727293"
AN-NAFEL,الشمال,SHIMAL-Al-Riyadh,Land Mark Serviced Apartments VIP,تجاري,Not available,"24.7826898, 46.6726909"
AN-NAFEL,الشمال,SHIMAL-Al-Riyadh,Rust Night,تجاري,Not available,"24.7828161, 46.6728418"
AN-NAFEL,الشمال,SHIMAL-Al-Riyadh,commercial complex,تجاري,Commercial complex,"24.7849021, 46.6616337"
AN-NAFEL,الشمال,SHIMAL-Al-Riyadh,Dayala Hotel Apartments,تجاري,Hotel apartments,"24.7815828, 46.6698536"
AN-NAFEL,الشمال,SHIMAL-Al-Riyadh,Aram Inn 4,تجاري,Not available,"24.7816054, 46.6696485"
AN-NAFEL,الشمال,SHIMAL-Al-Riyadh,Rebal Al-Nofal Serviced Apartments,تجاري,Not available,"24.7821202, 46.6710484"
AN-NAFEL,الشمال,SHIMAL-Al-Riyadh,Waha Al-Nofal Furnished Apartments,تجاري,Not available,"24.7824237, 46.6721283"
AN-NAFEL,الشمال,SHIMAL-Al-Riyadh,Ivan Suites,تجاري,Not available,"24.7826881, 46.6723899"
AN-NAFEL,الشمال,SHIMAL-Al-Riyadh,Lee Mart Markets,تجاري,Not available,"24.7819403, 46.6748836"
AN-NAFEL,الشمال,SHIMAL-Al-Riyadh,Luluat Al-Thuraya Furnished Residential Units,تجاري,Residential units,"24.7864551, 46.6726463"
AN-NAFEL,الشمال,SHIMAL-Al-Riyadh,Salla Al-Araif Groceries,تجاري,Grocery Store,"24.7889993, 46.6713622"
AN-NAFEL,الشمال,SHIMAL-Al-Riyadh,Adim Furnished Apartments,تجاري,Not available,"24.7849328, 46.6733644"
AN-NAFEL,الشمال,SHIMAL-Al-Riyadh,Grocery Supplies,تجاري,Grocery Store,"24.7846241, 46.673464"
AN-NAFEL,الشمال,SHIMAL-Al-Riyadh,Qumra Saeedan Bani Al-Otaibi Groceries,تجاري,Grocery Store,"24.7839246, 46.6794143"
AN-NAFEL,الشمال,SHIMAL-Al-Riyadh,Bandar Saad Abdul Rahman Al-Dosari Groceries,تجاري,Grocery Store,"24.7833375, 46.6781435"
AN-NAFEL,الشمال,SHIMAL-Al-Riyadh,Fifty Flowers,تجاري,Not available,"24.7839682, 46.6798781"
AN-NAFEL,الشمال,SHIMAL-Al-Riyadh,On Your Way (Retail Store),تجاري,Not available,"24.7832301, 46.6828936"
AN-NAFEL,الشمال,SHIMAL-Al-Riyadh,commercial complex,تجاري,Commercial complex,"24.7888603, 46.6799828"
AN-NAFEL,الشمال,SHIMAL-Al-Riyadh,commercial complex,تجاري,Commercial complex,"24.782888, 46.6830307"
AN-NAFEL,الشمال,SHIMAL-Al-Riyadh,Batoul Suites,تجاري,Not available,"24.7809511, 46.6684596"
AL-WADI,الشمال,SHIMAL-Al-Riyadh,Boudl Hotel,تجاري,Hotel,"24.7965494, 46.6979439"
AL-WADI,الشمال,SHIMAL-Al-Riyadh,Three Food Markets,تجاري,Not available,"24.7901549, 46.6916588"
AL-WADI,الشمال,SHIMAL-Al-Riyadh,Al-Ruwais Markets,تجاري,Not available,"24.7823801, 46.6843331"
AL-WADI,الشمال,SHIMAL-Al-Riyadh,commercial complex,تجاري,Commercial complex,"24.7896598, 46.7013786"
AL-WADI,الشمال,SHIMAL-Al-Riyadh,Abu Arab Hotel,تجاري,Hotel,"24.7854163, 46.6869428"
AL-WADI,الشمال,SHIMAL-Al-Riyadh,Wadi Al-Sarh,تجاري,Not available,"24.7879741, 46.6928924"
AL-WADI,الشمال,SHIMAL-Al-Riyadh,commercial complex,تجاري,Commercial complex,"24.7788957, 46.6876717"
AL-WADI,الشمال,SHIMAL-Al-Riyadh,Alayn 24,تجاري,Not available,"24.7821798, 46.6889837"
AL-WADI,الشمال,SHIMAL-Al-Riyadh,commercial complex,تجاري,Commercial complex,"24.7956652, 46.6984364"
AL-WADI,الشمال,SHIMAL-Al-Riyadh,Clauzer Serviced Apartments,تجاري,Not available,"24.795587, 46.6985374"
AL-WADI,الشمال,SHIMAL-Al-Riyadh,Saudi Investment Bank,تجاري,Bank,"24.7942, 46.699021"
AL-WADI,الشمال,SHIMAL-Al-Riyadh,Raytna Furnished Residential Units,تجاري,Residential units,"24.7925624, 46.6999529"
AL-WADI,الشمال,SHIMAL-Al-Riyadh,Al Ahli Bank,تجاري,Bank,"24.7849502, 46.7027967"
AL-WADI,الشمال,SHIMAL-Al-Riyadh,Sport Ghornatah,تجاري,Not available,"24.7844654, 46.7008285"
AL-WADI,الشمال,SHIMAL-Al-Riyadh,Al Olayan Plaza,تجاري,Not available,"24.7838982, 46.6999227"
AL-WADI,الشمال,SHIMAL-Al-Riyadh,Karazah Restaurant,تجاري,Not available,"24.7833393, 46.6985065"
AL-WADI,الشمال,SHIMAL-Al-Riyadh,Box@,تجاري,Not available,"24.7825465, 46.6953193"
AL-WADI,الشمال,SHIMAL-Al-Riyadh,Al Rajhi Bank,تجاري,Bank,"24.7869391, 46.6887094"
AL-WADI,الشمال,SHIMAL-Al-Riyadh,commercial complex,تجاري,Commercial complex,"24.7858022, 46.6836369"
AL-WADI,الشمال,SHIMAL-Al-Riyadh,commercial complex,تجاري,Commercial complex,"24.7871555, 46.6871313"
AL-WADI,الشمال,SHIMAL-Al-Riyadh,commercial complex,تجاري,Commercial complex,"24.7876133, 46.6882953"
AL-WADI,الشمال,SHIMAL-Al-Riyadh,commercial complex,تجاري,Commercial complex,"24.7864254, 46.6852193"
AL-WADI,الشمال,SHIMAL-Al-Riyadh,Saudi French Bank,تجاري,Bank,"24.7868496, 46.6822312"
AL-WADI,الشمال,SHIMAL-Al-Riyadh,Ashley Home Furniture,تجاري,Not available,"24.7883693, 46.6815469"
HITTEEN,الشمال,SHIMAL-Al-Riyadh,Robeen Plaza - Commercial Complex,تجاري,Commercial complex,"24.7528283, 46.6253869"
HITTEEN,الشمال,SHIMAL-Al-Riyadh,Avalino Center,تجاري,Not available,"24.7530101, 46.6123436"
HITTEEN,الشمال,SHIMAL-Al-Riyadh,commercial complex,تجاري,Commercial complex,"24.7521536, 46.6239868"
HITTEEN,الشمال,SHIMAL-Al-Riyadh,Ghrass Nubta Markets and Bakeries,تجاري,Not available,"24.7630846, 46.6126805"
HITTEEN,الشمال,SHIMAL-Al-Riyadh,commercial complex,تجاري,Commercial complex,"24.7593409, 46.6058451"
HITTEEN,الشمال,SHIMAL-Al-Riyadh,commercial complex,تجاري,Commercial complex,"24.7538783, 46.6116688"
HITTEEN,الشمال,SHIMAL-Al-Riyadh,commercial complex,تجاري,Commercial complex,"24.7587067, 46.6062609"
HITTEEN,الشمال,SHIMAL-Al-Riyadh,Green Hotel,تجاري,Hotel,"24.7504421, 46.6132022"
HITTEEN,الشمال,SHIMAL-Al-Riyadh,commercial complex,تجاري,Commercial complex,"24.7611735, 46.6045095"
HITTEEN,الشمال,SHIMAL-Al-Riyadh,The Boulevard Riyadh,تجاري,Not available,"24.750504, 46.6134937"
HITTEEN,الشمال,SHIMAL-Al-Riyadh,Hatin Square Complex,تجاري,Not available,"24.7529087, 46.6098752"
HITTEEN,الشمال,SHIMAL-Al-Riyadh,Thaghr Plaza,تجاري,Not available,"24.7527935, 46.5853722"
HITTEEN,الشمال,SHIMAL-Al-Riyadh,Saco | Al Diriyah,تجاري,Not available,"24.7536597, 46.585218"
HITTEEN,الشمال,SHIMAL-Al-Riyadh,Hyper Panda,تجاري,Not available,"24.7526505, 46.5850776"
HITTEEN,الشمال,SHIMAL-Al-Riyadh,LUXURYKSA‏,تجاري,Not available,"24.7538527, 46.5862938"
HITTEEN,الشمال,SHIMAL-Al-Riyadh,Jarir Bookstore,تجاري,Not available,"24.752054, 46.5840603"
HITTEEN,الشمال,SHIMAL-Al-Riyadh,Saad Square,تجاري,Not available,"24.7680909, 46.5769498"
HITTEEN,الشمال,SHIMAL-Al-Riyadh,Biera Villas Resort - Hatin,تجاري,Not available,"24.75481, 46.5866529"
HITTEEN,الشمال,SHIMAL-Al-Riyadh,Hatin Market,تجاري,Not available,"24.7606966, 46.6002398"
HITTEEN,الشمال,SHIMAL-Al-Riyadh,Le Mirage Mall,تجاري,Commercial center,"24.7599634, 46.6040102"
HITTEEN,الشمال,SHIMAL-Al-Riyadh,commercial complex,تجاري,Commercial complex,"24.7669549, 46.621672"
HITTEEN,الشمال,SHIMAL-Al-Riyadh,Vacation Houses,تجاري,Not available,"24.7701145, 46.6153905"
HITTEEN,الشمال,SHIMAL-Al-Riyadh,Al Inma Bank,تجاري,Bank,"24.7725825, 46.6192192"
HITTEEN,الشمال,SHIMAL-Al-Riyadh,commercial complex,تجاري,Commercial complex,"24.7455385, 46.6085701"
HITTEEN,الشمال,SHIMAL-Al-Riyadh,Basket Gardens Al Basateen Markets,تجاري,Not available,"24.7776667, 46.5814197"
AL-Awaly,الغرب,NAMAR,Salam Mall,تجاري,Commercial center,"24.55881004, 46.63744241"
MIDDLE AL-URAIJA,الغرب,AL-URAIJA,Al Badiaah Mall,تجاري,Commercial center,"24.60716062, 46.65334721"
AS-SUWAIDI,الغرب,AL-URAIJA,Al Qasr Mall,تجاري,Commercial center,"24.60051083, 46.69786601"
AL-MURABA,الوسط,AL-MALAZ,Riyadh Avenue Mall,تجاري,Commercial center,"24.66353618, 46.70420882"
AL-MUTAMARAT,الوسط,ASH-SHOMAISI,Nojoud Mall,تجاري,Commercial center,"24.66673056, 46.68748623"
AR-RABWAH,الوسط,AL-MALAZ,Al Othaim Mall,تجاري,Commercial center,"24.68557638, 46.77535901"
KING ABDUL AZIZ,الوسط,AL-OLAYA,Al Khaleej Mall,تجاري,Commercial center,"24.69575891, 46.72856584"
AL-OLAYA,الوسط,AL-OLAYA,Centria Mall,تجاري,Commercial center,"24.69739422, 46.68404777"
NORTH AL-MATHAR,الوسط,AL-MATHAR,Panorama Mall,تجاري,Commercial center,"24.69186497, 46.66938446"
AL-OLAYA,الوسط,AL-OLAYA,Al Faysaliya Mall,تجاري,Commercial center,"24.6894654, 46.68535541"
AL-OLAYA,الوسط,AL-OLAYA,Kingdom Mall,تجاري,Commercial center,"24.71139916, 46.67378868"
AR-RAHMANIYAH,الوسط,AL-MATHAR,Royal Mall,تجاري,Commercial center,"24.72337546, 46.6649089"
KING FAHD,الوسط,AL-OLAYA,Riyadh Galery Mall,تجاري,Commercial center,"24.74347555, 46.65801855"
KING FAHD,الوسط,AL-OLAYA,Sahara Mall,تجاري,Commercial center,"24.73903273, 46.6827506"
KING FAHD,الوسط,AL-OLAYA,Hayat Mall,تجاري,Commercial center,"24.74261865, 46.6793337"
KING FAHD,الوسط,AL-OLAYA,Marina Mall,تجاري,Commercial center,"24.74447409, 46.6605583"
AL-ANDALUS,الشرق,AR-RAWDAH,Riyadh Mall,تجاري,Commercial center,"24.73700187, 46.78379266"
KING FAISAL,الشرق,AR-RAWDAH,Al Hamra Mall,تجاري,Commercial center,"24.77378103, 46.77633243"
ASH-SHOHDA,الشرق,AR-RAWDAH,Granada Mall,تجاري,Commercial center,"24.78085415, 46.73102933"
AL-YARMUK,الشرق,AR-RAWDAH,Atyaf Mall,تجاري,Commercial center,"24.79307065, 46.76754149"
MUGHARAZAT,الوسط,AL-OLAYA,Al Nakheel Mall,تجاري,Commercial center,"24.76758619, 46.71487339"
AN-NADA,الشمال,SHIMAL-Al-Riyadh,Fortore Mall,تجاري,Commercial center,"24.80277137, 46.6945937"
AN-NAFEL,الشمال,SHIMAL-Al-Riyadh,Tala Mall,تجاري,Commercial center,"24.77159864, 46.66889403"
AN-NAFEL,الشمال,SHIMAL-Al-Riyadh,La Valle Mall,تجاري,Commercial center,"24.78341985, 46.66258731"
AL-MALQA,الشمال,SHIMAL-Al-Riyadh,Al Makan Mall,تجاري,Commercial center,"24.79104507, 46.61212055"
AL-AQEEK,الشمال,SHIMAL-Al-Riyadh,Riyadh Park Mall,تجاري,Commercial center,"24.75645141, 46.62988595"
AL-OLAYA,الوسط,AL-OLAYA,Localizer Mall,تجاري,Commercial center,"24.6990389, 46.69167727"
HITTEEN,الشمال,SHIMAL-Al-Riyadh,Boulevard,تجاري,Not available,"24.76597282, 46.60393087"
AL-AQEEK,الشمال,SHIMAL-Al-Riyadh,The 303 KAFD,تجاري,Not available,"24.76043472, 46.64119296"
AL-MUHAMMADIYAH,الوسط,AL-MATHAR,The Zone,تجاري,Not available,"24.73181583, 46.64894748"
KING SAUD UNIVERSITY,الوسط,AL-MATHAR,U Walk,تجاري,Not available,"24.74037459, 46.62659957"
KING KHALID INT.AIRPORT,الشمال,KING KHALID INT. AIRPORT,Riyadh Front,تجاري,Not available,"24.84145848, 46.73324131"
AL-YARMUK,الشرق,AR-RAWDAH,VOX Cinema - Atyaf Mall,تجاري,Commercial center,"24.79314344, 46.76854579"
AS-SUWAIDI,الغرب,AL-URAIJA,VOX Cinema - Al Qasr Mall,تجاري,Commercial center,"24.59995488, 46.6961148"
AL-YASMEEN,الشمال,SHIMAL-Al-Riyadh,VOX Cinema - The Roof Mall,تجاري,Commercial center,"24.81775232, 46.6647784"
AL-OLAYA,الوسط,AL-OLAYA,VOX Cinema - Kingdom Center,تجاري,Not available,"24.71081122, 46.67402775"
AL-AQEEK,الشمال,SHIMAL-Al-Riyadh,VOX Cinema - Riyadh Park Mall,تجاري,Commercial center,"24.75790914, 46.62937432"
KING KHALID INT.AIRPORT,الشمال,KING KHALID INT. AIRPORT,VOX Cinema - Riyadh Front,تجاري,Not available,"24.83837, 46.73216292"
AL-AQEEK,الشمال,SHIMAL-Al-Riyadh,AMC Cinema - KAFD,تجاري,Not available,"24.76045205, 46.64213402"
KING SAUD UNIVERSITY,الوسط,AL-MATHAR,Muvi Cinema - U Walk,تجاري,Not available,"24.73563592, 46.63178506"
KING FAHD,الوسط,AL-OLAYA,VOX Cinema - Sahara Mall,تجاري,Commercial center,"24.73682923, 46.68343031"
KING FAISAL,الشرق,AR-RAWDAH,MUVI Cinema - Al Hamra Mall,تجاري,Commercial center,"24.77459017, 46.77538111"
NORTH AL-MATHAR,الوسط,AL-MATHAR,AMC Cinema - Panorama Mall,تجاري,Commercial center,"24.69210371, 46.6706009"
KING FAHD,الوسط,AL-OLAYA,AMC Cinema - Riyadh Galery Mall,تجاري,Commercial center,"24.74429519, 46.6571756"
AL-MALQA,الشمال,SHIMAL-Al-Riyadh,AMC Al Khair Cinema - Al Makan Mall,تجاري,Commercial center,"24.7902955, 46.61251281"
AL-MASEEF,الوسط,AL-OLAYA,Nofal Oasis - Summer,تجاري,Not available,"24.7715961, 46.6767994"
AL-MASEEF,الوسط,AL-OLAYA,Rahab Cabin for Furnished Units,تجاري,Not available,"24.7718257, 46.6766869"
AL-MASEEF,الوسط,AL-OLAYA,B2 Apartments,تجاري,Not available,"24.7756779, 46.6868813"
AL-MASEEF,الوسط,AL-OLAYA,Kenan Palace 3 for Furnished Residential Units,تجاري,Residential units,"24.7754525, 46.6869823"
AL-MASEEF,الوسط,AL-OLAYA,Emirates NBD Bank,تجاري,Bank,"24.774021, 46.6795479"
AL-MASEEF,الوسط,AL-OLAYA,Adoma Hotel,تجاري,Hotel,"24.773109, 46.6881363"
AL-MASEEF,الوسط,AL-OLAYA,Riyadh Bank,تجاري,Bank,"24.76956, 46.6899042"
AL-MASEEF,الوسط,AL-OLAYA,Summer Wings Apartments,تجاري,Not available,"24.7631147, 46.6930274"
AL-MASEEF,الوسط,AL-OLAYA,Aswaq and Bakeries Muthmirah - Summer Branch,تجاري,Not available,"24.7604946, 46.692665"
AL-MASEEF,الوسط,AL-OLAYA,Scope Fuel Station,تجاري,Petrol station,"24.7593536, 46.6896872"
AL-MASEEF,الوسط,AL-OLAYA,Boudl Hotel,تجاري,Hotel,"24.7723125, 46.6769375"
AL-MASEEF,الوسط,AL-OLAYA,Jarir Bookstore,تجاري,Not available,"24.7748819, 46.6818539"
AL-MASEEF,الوسط,AL-OLAYA,Boudl Hotel,تجاري,Hotel,"24.7725625, 46.6763125"
AL-MASEEF,الوسط,AL-OLAYA,Levillez Mall,تجاري,Commercial center,"24.7722285, 46.6753905"
AL-MASEEF,الوسط,AL-OLAYA,Al-Drees Station,تجاري,Not available,"24.7681865, 46.6697834"
AL-MASEEF,الوسط,AL-OLAYA,Al Ahli Saudi Bank,تجاري,Bank,"24.7568901, 46.6839004"
AL-MASEEF,الوسط,AL-OLAYA,Tourism House for Furnished Apartments,تجاري,Not available,"24.7626371, 46.6934512"
AL-MUROOJ,الوسط,AL-OLAYA,North of Riyadh Central Fish Market,تجاري,Not available,"24.7558206, 46.6656131"
AL-MUROOJ,الوسط,AL-OLAYA,Al Rajhi Bank,تجاري,Bank,"24.7511135, 46.6700027"
AL-MUROOJ,الوسط,AL-OLAYA,Al Rajhi Bank,تجاري,Bank,"24.7502191, 46.6536928"
AL-MUROOJ,الوسط,AL-OLAYA,UNI IC Hotel,تجاري,Hotel,"24.7542377, 46.6514705"
AL-MUROOJ,الوسط,AL-OLAYA,Dar Hashem Hotel Suites (Al-Murooj Branch),تجاري,Hotel,"24.7510949, 46.6653329"
AL-MUROOJ,الوسط,AL-OLAYA,Basateen Al-Qassim,تجاري,Not available,"24.757205, 46.662952"
AL-MUROOJ,الوسط,AL-OLAYA,Good Qassim Company,تجاري,Not available,"24.7548189, 46.6633927"
AL-MUROOJ,الوسط,AL-OLAYA,Drar Rameh,تجاري,Not available,"24.751213, 46.6659203"
AL-MUROOJ,الوسط,AL-OLAYA,Royal Suite Hotel,تجاري,Hotel,"24.750454, 46.6580578"
AL-MUROOJ,الوسط,AL-OLAYA,Elite Hotel Suites,تجاري,Hotel,"24.7518047, 46.6697633"
AL-MUROOJ,الوسط,AL-OLAYA,Beit Al-Adwiyah Pharmacy,تجاري,Not available,"24.7560595, 46.6579581"
AL-MUROOJ,الوسط,AL-OLAYA,Dar Riyadh Hotel Apartments,تجاري,Hotel apartments,"24.7561713, 46.6540465"
AL-MUROOJ,الوسط,AL-OLAYA,Time Al-Murooj Hotel Apartments,تجاري,Hotel apartments,"24.7515998, 46.6698672"
AL-MUROOJ,الوسط,AL-OLAYA,Drar Rameh 2 Apartments,تجاري,Not available,"24.7654596, 46.6683186"
AL-MUROOJ,الوسط,AL-OLAYA,Drar Rameh Residential Units 7,تجاري,Residential units,"24.7652006, 46.6690501"
AL-MUROOJ,الوسط,AL-OLAYA,Petrochemical Industries Company (Petromin),تجاري,Not available,"24.7513511, 46.6565693"
AL-MUROOJ,الوسط,AL-OLAYA,Pandora Mode Mall,تجاري,Commercial center,"24.7486021, 46.6579656"
AL-MUROOJ,الوسط,AL-OLAYA,Shahd Center,تجاري,Not available,"24.7479963, 46.6625474"
AL-MUROOJ,الوسط,AL-OLAYA,Al Jazeera Bank,تجاري,Bank,"24.7482769, 46.6636015"
AL-MUROOJ,الوسط,AL-OLAYA,SABB Bank,تجاري,Bank,"24.7576477, 46.6531128"
AL-MUROOJ,الوسط,AL-OLAYA,Ideal Housing - Al-Murooj,تجاري,Not available,"24.7649206, 46.6669126"
AL-MUROOJ,الوسط,AL-OLAYA,Etada,تجاري,Not available,"24.7681824, 46.6687516"
AL-MUROOJ,الوسط,AL-OLAYA,Aknan Furnished Apartments,تجاري,Not available,"24.7654131, 46.6693827"
AL-MUROOJ,الوسط,AL-OLAYA,Rameh Residential Units Furnished,تجاري,Residential units,"24.7524135, 46.6700534"
AL-MUROOJ,الوسط,AL-OLAYA,Grand Apex Apartments,تجاري,Not available,"24.7526523, 46.6699376"
AL-MUROOJ,الوسط,AL-OLAYA,Grand Afix,تجاري,Not available,"24.7534704, 46.669414"
AL-MUROOJ,الوسط,AL-OLAYA,Courtyard Yard,تجاري,Not available,"24.7612783, 46.6514307"
AL-MUROOJ,الوسط,AL-OLAYA,Alinma Bank,تجاري,Bank,"24.748486, 46.664032"
AL-MUROOJ,الوسط,AL-OLAYA,Bank Albilad - Al-Murooj - Men Branch,تجاري,Bank,"24.7486917, 46.6645578"
AL-MUROOJ,الوسط,AL-OLAYA,Al-Ahli Bank,تجاري,Bank,"24.7491152, 46.6654962"
AL-MUROOJ,الوسط,AL-OLAYA,Al Ahli Bank,تجاري,Bank,"24.7645731, 46.6706555"
AL-MURSALAT,الوسط,AL-OLAYA,Mursalat Communications Complex,تجاري,Not available,"24.7470408, 46.6844795"
AL-MURSALAT,الوسط,AL-OLAYA,Commercial Complex,تجاري,Commercial complex,"24.7386637, 46.6850654"
AL-MURSALAT,الوسط,AL-OLAYA,Al Jazeera Bank,تجاري,Bank,"24.741021, 46.694156"
AL-MURSALAT,الوسط,AL-OLAYA,Al Mutab Suites Al Mursalat,تجاري,Not available,"24.7417376, 46.6838314"
AL-MURSALAT,الوسط,AL-OLAYA,Baher Hotel Apartments,تجاري,Hotel apartments,"24.7570999, 46.6873169"
AL-MURSALAT,الوسط,AL-OLAYA,Dome Suites Hotel Apartments,تجاري,Hotel apartments,"24.75752, 46.6875176"
KING ABDUL AZIZ,الوسط,AL-OLAYA,Locanda Residency,تجاري,Residential units,"24.6972457, 46.7192031"
KING ABDUL AZIZ,الوسط,AL-OLAYA,All Days For Serviced Apartment,تجاري,Not available,"24.697332, 46.7215111"
KING ABDUL AZIZ,الوسط,AL-OLAYA,Hills Hotel,تجاري,Hotel,"24.6947519, 46.7227125"
KING ABDUL AZIZ,الوسط,AL-OLAYA,Movie Cinema,تجاري,Not available,"24.6957271, 46.7285718"
KING ABDUL AZIZ,الوسط,AL-OLAYA,Vulk Station,تجاري,Not available,"24.6989175, 46.7361641"
KING ABDUL AZIZ,الوسط,AL-OLAYA,commercial complex,تجاري,Commercial complex,"24.6978315, 46.7239807"
KING ABDUL AZIZ,الوسط,AL-OLAYA,Elite Real Estate Evaluation Hotel Apartments,تجاري,Hotel apartments,"24.6975948, 46.7206826"
KING ABDUL AZIZ,الوسط,AL-OLAYA,Furnished Apartment for Daily Rent,تجاري,Not available,"24.6984988, 46.7218212"
KING ABDUL AZIZ,الوسط,AL-OLAYA,The Home Residence,تجاري,Residential units,"24.700039, 46.7200402"
KING ABDULLAH,الوسط,AL-OLAYA,Vittoria Palace,تجاري,Not available,"24.7345864, 46.7433495"
KING ABDULLAH,الوسط,AL-OLAYA,Al-Rashid Markets and Sweets - Al-Waha Branch,تجاري,Not available,"24.7517477, 46.7221851"
KING ABDULLAH,الوسط,AL-OLAYA,"Radisson Blu Hotel, Riyadh Conference & Exhibition Center",تجاري,Hotel,"24.7528434, 46.7251659"
MUGHARAZAT,الوسط,AL-OLAYA,Movie Cinema,تجاري,Not available,"24.7645064, 46.7161427"
MUGHARAZAT,الوسط,AL-OLAYA,Evening Atmosphere Furnished Apartments,تجاري,Not available,"24.7623545, 46.7197137"
MUGHARAZAT,الوسط,AL-OLAYA,Commercial Complex,تجاري,Commercial complex,"24.7624288, 46.7229888"
MUGHARAZAT,الوسط,AL-OLAYA,Nazahat Communications Complex,تجاري,Not available,"24.7609392, 46.7185396"
MUGHARAZAT,الوسط,AL-OLAYA,Commercial Complex,تجاري,Commercial complex,"24.7577561, 46.7189673"
MUGHARAZAT,الوسط,AL-OLAYA,Aswaq Sulta Al-Basateen,تجاري,Not available,"24.7567118, 46.7191709"
MUGHARAZAT,الوسط,AL-OLAYA,Art View,تجاري,Not available,"24.7532404, 46.7229218"
MUGHARAZAT,الوسط,AL-OLAYA,Dorr Al-Bunduqia Hotel Apartments,تجاري,Hotel apartments,"24.7582723, 46.727261"
MUGHARAZAT,الوسط,AL-OLAYA,Capital Residence Furnished Apartments,تجاري,Residential units,"24.7584661, 46.7271772"
MUGHARAZAT,الوسط,AL-OLAYA,Rawag 3 Hotel Apartments,تجاري,Hotel apartments,"24.756248, 46.728193"
MUGHARAZAT,الوسط,AL-OLAYA,Venice Hotel Riyadh,تجاري,Hotel,"24.7571018, 46.727812"
MUGHARAZAT,الوسط,AL-OLAYA,Milaf Furnished Residential Units,تجاري,Residential units,"24.7568173, 46.7279694"
MUGHARAZAT,الوسط,AL-OLAYA,Arab Address Furnished Apartments,تجاري,Not available,"24.7621875, 46.7253125"
MUGHARAZAT,الوسط,AL-OLAYA,Randa Apartments for Furnished Residential Units,تجاري,Residential units,"24.7614304, 46.7235388"
MUGHARAZAT,الوسط,AL-OLAYA,Samaya Residence,تجاري,Residential units,"24.7624628, 46.7256631"
MUGHARAZAT,الوسط,AL-OLAYA,Makarem Najd 4 Furnished Apartments,تجاري,Not available,"24.7621356, 46.7259931"
MUGHARAZAT,الوسط,AL-OLAYA,Rawag Al-Mugharazat,تجاري,Not available,"24.7579841, 46.728012"
MUGHARAZAT,الوسط,AL-OLAYA,Makarem Najd 3 Hotel Apartments,تجاري,Hotel apartments,"24.7570347, 46.728547"
MUGHARAZAT,الوسط,AL-OLAYA,Twenty-Four Carat,تجاري,Not available,"24.7633748, 46.7279612"
MUGHARAZAT,الوسط,AL-OLAYA,The Golden House,تجاري,Not available,"24.7639657, 46.7296412"
MUGHARAZAT,الوسط,AL-OLAYA,Rayhana Riyadh,تجاري,Not available,"24.7637826, 46.7290431"
MUGHARAZAT,الوسط,AL-OLAYA,Daria Furnished Residential Units,تجاري,Residential units,"24.7636549, 46.7286173"
MUGHARAZAT,الوسط,AL-OLAYA,Four Roses Furnished Apartments,تجاري,Not available,"24.7597213, 46.7329024"
MUGHARAZAT,الوسط,AL-OLAYA,Rakan Al-Omar Apartments,تجاري,Not available,"24.7645688, 46.7309267"
MUGHARAZAT,الوسط,AL-OLAYA,Rahab Palace Furnished Apartments,تجاري,Not available,"24.764657, 46.7312713"
MUGHARAZAT,الوسط,AL-OLAYA,Qimat Al-Rahab,تجاري,Not available,"24.764794, 46.7314929"
MUGHARAZAT,الوسط,AL-OLAYA,Hayat Inn Hotel Apartments,تجاري,Hotel apartments,"24.7651064, 46.7321732"
MUGHARAZAT,الوسط,AL-OLAYA,Hayat Inn Hotel Suites,تجاري,Hotel,"24.7652854, 46.7325875"
MUGHARAZAT,الوسط,AL-OLAYA,Rukan Al-Marsa,تجاري,Not available,"24.7653, 46.7327"
MUGHARAZAT,الوسط,AL-OLAYA,Noriana for Serviced Apartments,تجاري,Not available,"24.7658338, 46.7338839"
AL-WAHAH,الوسط,AL-OLAYA,Rax Residency - Al-Waha,تجاري,Residential units,"24.7464869, 46.7136765"
AL-WAHAH,الوسط,AL-OLAYA,Saudi French Bank - Al-Waha Branch,تجاري,Bank,"24.7475017, 46.7121532"
AL-WAHAH,الوسط,AL-OLAYA,Crown Plaza Riyadh Al-Waha,تجاري,Not available,"24.7421336, 46.7250801"
SALAH AD DEEN,الوسط,AL-OLAYA,Shawarina - Shoe Store,تجاري,Not available,"24.7354712, 46.6864094"
SALAH AD DEEN,الوسط,AL-OLAYA,Max - Clothing Store,تجاري,Not available,"24.7358562, 46.6862274"
SALAH AD DEEN,الوسط,AL-OLAYA,Comfortable Shoe - Shoe Store,تجاري,Not available,"24.7351882, 46.6864003"
SALAH AD DEEN,الوسط,AL-OLAYA,Al Jazi Supermarket,تجاري,Supermarket,"24.7325071, 46.6876791"
SALAH AD DEEN,الوسط,AL-OLAYA,Extra,تجاري,Not available,"24.7283208, 46.6899714"
SALAH AD DEEN,الوسط,AL-OLAYA,Saudi Al Ahli Bank,تجاري,Bank,"24.7322756, 46.6879107"
SALAH AD DEEN,الوسط,AL-OLAYA,Al-Harbi and Al-Dayaa Markets,تجاري,Not available,"24.7308073, 46.6885569"
SALAH AD DEEN,الوسط,AL-OLAYA,Jumeirah Markets and Bakeries,تجاري,Market store,"24.7315517, 46.6972417"
SALAH AD DEEN,الوسط,AL-OLAYA,Jarir Bookstore,تجاري,Not available,"24.7328735, 46.6876882"
AL-OLAYA,الوسط,AL-OLAYA,Al-Muhayyib Al-Ulya - Al-Haraj,تجاري,Not available,"24.699863, 46.681461"
AL-OLAYA,الوسط,AL-OLAYA,Al-Muhayyib Al-Ulya 3,تجاري,Not available,"24.699951, 46.6804951"
AL-OLAYA,الوسط,AL-OLAYA,Janaadain Residential Units,تجاري,Residential units,"24.7012368, 46.6818628"
AL-OLAYA,الوسط,AL-OLAYA,Retaj Furnished Apartments,تجاري,Not available,"24.695508, 46.7023467"
AL-OLAYA,الوسط,AL-OLAYA,Bayt Lemar Hotel Suites,تجاري,Hotel,"24.6886006, 46.6996758"
AL-OLAYA,الوسط,AL-OLAYA,Dorr Al-Andalus Furnished Residential Units,تجاري,Residential units,"24.687206, 46.6991581"
AL-OLAYA,الوسط,AL-OLAYA,Novotel Suites,تجاري,Not available,"24.6842783, 46.6903593"
AT-TAAWUN,الوسط,AL-OLAYA,Al-Shuala for Serviced Apartments,تجاري,Not available,"24.779524, 46.697627"
AT-TAAWUN,الوسط,AL-OLAYA,Rast Kroan for Furnished Residential Units,تجاري,Residential units,"24.7801206, 46.6974342"
AT-TAAWUN,الوسط,AL-OLAYA,Rast Night,تجاري,Not available,"24.7709093, 46.6912679"
AT-TAAWUN,الوسط,AL-OLAYA,Comfort Inn,تجاري,Not available,"24.7705504, 46.6911805"
AT-TAAWUN,الوسط,AL-OLAYA,Merfal Royal new,تجاري,Not available,"24.7664864, 46.7062734"
AT-TAAWUN,الوسط,AL-OLAYA,Murfall for Cooperative Hotel Suites,تجاري,Hotel,"24.7667509, 46.7059017"
AT-TAAWUN,الوسط,AL-OLAYA,Arab House for Residential Units,تجاري,Residential units,"24.7676145, 46.7093735"
AT-TAAWUN,الوسط,AL-OLAYA,Adel Cooperation for Furnished Residential Units,تجاري,Residential units,"24.7749617, 46.7085872"
AT-TAAWUN,الوسط,AL-OLAYA,Hayat Rose for Hotel Apartments,تجاري,Hotel apartments,"24.7747212, 46.706471"
AT-TAAWUN,الوسط,AL-OLAYA,Nakheel Inn,تجاري,Not available,"24.7724483, 46.7008789"
AT-TAAWUN,الوسط,AL-OLAYA,Rafaa Furnished Apartments,تجاري,Not available,"24.7714448, 46.6985343"
AS-SULAIMANYAH,الوسط,AL-OLAYA,Bayt Al-Wahad,تجاري,Not available,"24.7169285, 46.6950721"
AS-SULAIMANYAH,الوسط,AL-OLAYA,Dome Sulaimaniyah,تجاري,Not available,"24.7153331, 46.696429"
AS-SULAIMANYAH,الوسط,AL-OLAYA,Drar Rameh Branch 9,تجاري,Not available,"24.7112896, 46.7025841"
AS-SULAIMANYAH,الوسط,AL-OLAYA,Drar Rameh 8,تجاري,Not available,"24.7105608, 46.7027947"
AS-SULAIMANYAH,الوسط,AL-OLAYA,Palace Whisper Residential Units,تجاري,Residential units,"24.691913, 46.7050585"
AS-SULAIMANYAH,الوسط,AL-OLAYA,Bayt Lemar 2 for Serviced Apartments - Abu Bakr Al-Razi,تجاري,Not available,"24.6924515, 46.7042002"
AS-SULAIMANYAH,الوسط,AL-OLAYA,Randa Residential Units,تجاري,Residential units,"24.6914575, 46.7064012"
AS-SULAIMANYAH,الوسط,AL-OLAYA,Tourism House Hotel Apartments,تجاري,Hotel apartments,"24.6902649, 46.7073162"
AS-SULAIMANYAH,الوسط,AL-OLAYA,Hotelier Suites Apartments,تجاري,Hotel,"24.6904974, 46.7059483"
AS-SULAIMANYAH,الوسط,AL-OLAYA,Durrat Al-Fakhama,تجاري,Not available,"24.6910723, 46.7041589"
AS-SULAIMANYAH,الوسط,AL-OLAYA,OYO 316 Sulaimania Hotel,تجاري,Hotel,"24.7115882, 46.6949747"
AS-SULAIMANYAH,الوسط,AL-OLAYA,Mayez house,تجاري,Not available,"24.7135116, 46.6840662"
AS-SULAIMANYAH,الوسط,AL-OLAYA,Dome Sulaimaniyah,تجاري,Not available,"24.7153331, 46.696429"
AS-SULAIMANYAH,الوسط,AL-OLAYA,Durrat Jawahir Sulaimaniyah,تجاري,Not available,"24.69789, 46.712211"
AS-SULAIMANYAH,الوسط,AL-OLAYA,House Inn Sulaimaniyah,تجاري,Not available,"24.6966801, 46.7123644"
AS-SULAIMANYAH,الوسط,AL-OLAYA,Voyage Furnished Apartments,تجاري,Not available,"24.6912373, 46.7028315"
AL-EZDIHAR,الوسط,AL-OLAYA,Abha Lamar for Hotel Apartments,تجاري,Hotel apartments,"24.7810054, 46.7072462"
AL-EZDIHAR,الوسط,AL-OLAYA,Rafaa Hotel Suites,تجاري,Hotel,"24.7811607, 46.7076849"
AL-EZDIHAR,الوسط,AL-OLAYA,Lamas for Furnished Residential Units,تجاري,Residential units,"24.7813491, 46.708151"
AL-EZDIHAR,الوسط,AL-OLAYA,Raf Hospitality,تجاري,Not available,"24.78574, 46.7134275"
AL-EZDIHAR,الوسط,AL-OLAYA,Andalus Treasure Apartments for Residential Units,تجاري,Residential units,"24.7722094, 46.7124778"
AL-EZDIHAR,الوسط,AL-OLAYA,Al-Badr Apartments,تجاري,Not available,"24.7768449, 46.7242768"
AL-EZDIHAR,الوسط,AL-OLAYA,Al-Bahiya for Furnished Residential Units,تجاري,Residential units,"24.7766337, 46.7265975"
AL-OLAYA,الوسط,AL-OLAYA,Comfort Inn Suites Riyadh Al-Ulya,تجاري,Not available,"24.7068825, 46.6772754"
AL-OLAYA,الوسط,AL-OLAYA,Al Tayyar for Suites and Hotel Apartments,تجاري,Hotel apartments,"24.7073008, 46.6770788"
AL-OLAYA,الوسط,AL-OLAYA,Hospitality Hotel,تجاري,Hotel,"24.7042836, 46.6782367"
AL-OLAYA,الوسط,AL-OLAYA,Andalusia Hotel,تجاري,Hotel,"24.6812654, 46.6900307"
AL-OLAYA,الوسط,AL-OLAYA,Days Inn Al-Ulya,تجاري,Not available,"24.6922593, 46.6843361"
AL-OLAYA,الوسط,AL-OLAYA,Rio Hotel,تجاري,Hotel,"24.6924194, 46.6845944"
AL-OLAYA,الوسط,AL-OLAYA,Business Inn Hotel,تجاري,Hotel,"24.6926749, 46.6844298"
AL-OLAYA,الوسط,AL-OLAYA,Ibis Express - Al-Ulya,تجاري,Not available,"24.6934707, 46.6849224"
AL-OLAYA,الوسط,AL-OLAYA,Talin Hotel,تجاري,Hotel,"24.7021368, 46.6793827"
AL-OLAYA,الوسط,AL-OLAYA,Dalian Hotel,تجاري,Hotel,"24.7016859, 46.6793912"
AL-OLAYA,الوسط,AL-OLAYA,Gudian Hotel,تجاري,Hotel,"24.699409, 46.6828205"
AL-OLAYA,الوسط,AL-OLAYA,Heaven Plaza Hotel,تجاري,Hotel,"24.6822433, 46.6913261"
AT-TAAWUN,الوسط,AL-OLAYA,Land Walk,تجاري,Not available,"24.7748429, 46.7066775"
AS-SULAIMANYAH,الوسط,AL-OLAYA,Golden Prince Hotel Sulaimaniyah,تجاري,Hotel,"24.6919955, 46.7059064"
AT-TAAWUN,الوسط,AL-OLAYA,Rizq Al-Usra Supplies,تجاري,Not available,"24.7785808, 46.6976198"
AL-EZDIHAR,الوسط,AL-OLAYA,Shahd Umri Sweets,تجاري,Not available,"24.7762026, 46.7212375"
AL-EZDIHAR,الوسط,AL-OLAYA,supermarket,تجاري,Supermarket,"24.7744147, 46.7171663"
AL-EZDIHAR,الوسط,AL-OLAYA,Abdul Aziz Ali Ahmed Al-Rabie Supplies,تجاري,Not available,"24.7764914, 46.7182894"
AL-EZDIHAR,الوسط,AL-OLAYA,Ghaith Al-Izdihar Grocery,تجاري,Grocery Store,"24.776282, 46.7100578"
AS-SULAIMANYAH,الوسط,AL-OLAYA,Al-Harbi and Al-Dayaa Markets,تجاري,Not available,"24.7177464, 46.6854368"
AL-EZDIHAR,الوسط,AL-OLAYA,Nokhbat Al-Izdihar Supplies,تجاري,Not available,"24.786072, 46.7201513"
AL-EZDIHAR,الوسط,AL-OLAYA,Le Four for Bakeries and Tea,تجاري,Not available,"24.773422, 46.722635"
AL-EZDIHAR,الوسط,AL-OLAYA,Sesame Najd Central Markets and Bakeries,تجاري,Not available,"24.7801002, 46.7192648"
AT-TAAWUN,الوسط,AL-OLAYA,Aswaq and Bakeries Matar Al-Rawshan Central,تجاري,Not available,"24.7713339, 46.7106942"
AT-TAAWUN,الوسط,AL-OLAYA,Above Description,تجاري,Not available,"24.7731334, 46.7098901"
AL-EZDIHAR,الوسط,AL-OLAYA,Muruj Al-Izdihar for Computers,تجاري,Not available,"24.7785908, 46.7200382"
AL-OLAYA,الوسط,AL-OLAYA,Sasko,تجاري,Not available,"24.6960688, 46.6944698"
AL-EZDIHAR,الوسط,AL-OLAYA,Al-Drees,تجاري,Not available,"24.7752529, 46.7273834"
AL-OLAYA,الوسط,AL-OLAYA,Riyadh Bank,تجاري,Bank,"24.7125625, 46.6763125"
AL-OLAYA,الوسط,AL-OLAYA,Saudi Al Ahli Bank,تجاري,Bank,"24.6949673, 46.6840825"
AL-OLAYA,الوسط,AL-OLAYA,Saudi French Bank (Sulaimaniyah Branch),تجاري,Bank,"24.706789, 46.689512"
AT-TAAWUN,الوسط,AL-OLAYA,Al Ahli Bank,تجاري,Bank,"24.7782726, 46.6900216"
AT-TAAWUN,الوسط,AL-OLAYA,Bank Al-Awwal SABB,تجاري,Bank,"24.7786215, 46.6905529"
AT-TAAWUN,الوسط,AL-OLAYA,Al Rajhi Bank,تجاري,Bank,"24.7688333, 46.7118333"
AT-TAAWUN,الوسط,AL-OLAYA,Saudi French Bank,تجاري,Bank,"24.7832103, 46.7016048"
AS-SULAIMANYAH,الوسط,AL-OLAYA,SABB Bank - Al-Ulya Branch,تجاري,Bank,"24.7056314, 46.7061106"
AS-SULAIMANYAH,الوسط,AL-OLAYA,Saudi Al Ahli Bank,تجاري,Bank,"24.6975666, 46.6946368"
AT-TAAWUN,الوسط,AL-OLAYA,Commercial Cooperation Center,تجاري,Not available,"24.7721544, 46.7099888"
AT-TAAWUN,الوسط,AL-OLAYA,Commercial Complex,تجاري,Commercial complex,"24.7684055, 46.71059"
AL-EZDIHAR,الوسط,AL-OLAYA,Commercial complex,تجاري,Commercial complex,"24.7849629, 46.7059959"
AL-EZDIHAR,الوسط,AL-OLAYA,Almarai Company main branch,تجاري,Not available,"24.7855764, 46.7073413"
AL-EZDIHAR,الوسط,AL-OLAYA,Commercial complex,تجاري,Commercial complex,"24.774038, 46.7105785"
AL-EZDIHAR,الوسط,AL-OLAYA,Commercial complex,تجاري,Commercial complex,"24.7749121, 46.7265312"
AL-EZDIHAR,الوسط,AL-OLAYA,Commercial complex,تجاري,Commercial complex,"24.7747341, 46.7261074"
AL-EZDIHAR,الوسط,AL-OLAYA,Commercial complex,تجاري,Commercial complex,"24.7733758, 46.7229037"
AL-EZDIHAR,الوسط,AL-OLAYA,Commercial complex,تجاري,Commercial complex,"24.7769236, 46.7209496"
AD-DOBBAT,الوسط,AL-MALAZ,Ibha Al-Qosor Furnished Apartments,تجاري,Not available,"24.6915602, 46.7189362"
AD-DOBBAT,الوسط,AL-MALAZ,Al Rajhi Bank,تجاري,Bank,"24.6816875, 46.7185625"
AD-DOBBAT,الوسط,AL-MALAZ,Commercial Complex,تجاري,Commercial complex,"24.676531, 46.7189448"
AD-DOBBAT,الوسط,AL-MALAZ,Al-Rabee Residential Units,تجاري,Residential units,"24.6667897, 46.7260561"
AD-DOBBAT,الوسط,AL-MALAZ,Mira Suites Hotel Apartments,تجاري,Hotel apartments,"24.692248, 46.7229086"
AD-DOBBAT,الوسط,AL-MALAZ,Jazira Bank,تجاري,Bank,"24.6850625, 46.7245625"
AD-DOBBAT,الوسط,AL-MALAZ,SAB First Bank,تجاري,Bank,"24.6716807, 46.7276593"
AD-DOBBAT,الوسط,AL-MALAZ,Mercato,تجاري,Not available,"24.6706917, 46.7278052"
AD-DOBBAT,الوسط,AL-MALAZ,Assets for Residential Units,تجاري,Residential units,"24.6667976, 46.726387"
AD-DOBBAT,الوسط,AL-MALAZ,Qemet of Alrawaa for Residential Units,تجاري,Residential units,"24.6669653, 46.7258495"
AD-DOBBAT,الوسط,AL-MALAZ,Fannan Rahati Furnished Residential Units,تجاري,Residential units,"24.6802549, 46.7188353"
AD-DOBBAT,الوسط,AL-MALAZ,Al Ahli Bank,تجاري,Bank,"24.6809071, 46.7185661"
AD-DOBBAT,الوسط,AL-MALAZ,Al Muhaideb,تجاري,Not available,"24.6824952, 46.7186251"
AD-DOBBAT,الوسط,AL-MALAZ,Grand Plaza Hotel,تجاري,Hotel,"24.6847648, 46.7185751"
AD-DOBBAT,الوسط,AL-MALAZ,Rose Garden Hotel,تجاري,Hotel,"24.685301, 46.7187146"
AD-DOBBAT,الوسط,AL-MALAZ,Meed,تجاري,Not available,"24.6922188, 46.7188726"
AD-DOBBAT,الوسط,AL-MALAZ,Ethal Furnished Apartments,تجاري,Not available,"24.6919541, 46.7195277"
AD-DOBBAT,الوسط,AL-MALAZ,Lotus,تجاري,Not available,"24.6918842, 46.7203907"
AD-DOBBAT,الوسط,AL-MALAZ,JKH Furnished Residential Units,تجاري,Residential units,"24.6883903, 46.7215145"
AD-DOBBAT,الوسط,AL-MALAZ,Topal Riyadh Hotel Apartments,تجاري,Hotel apartments,"24.6878573, 46.7195556"
AD-DOBBAT,الوسط,AL-MALAZ,Al Tawfiq Furnished Suites,تجاري,Not available,"24.6875099, 46.7196024"
AD-DOBBAT,الوسط,AL-MALAZ,Arahi Al Amaken Apartments,تجاري,Not available,"24.6806866, 46.7232868"
AD-DOBBAT,الوسط,AL-MALAZ,Hayat Season Furnished Apartments,تجاري,Not available,"24.680705, 46.7235588"
AD-DOBBAT,الوسط,AL-MALAZ,Aswaq Al Alam Al Ahram Markets,تجاري,Not available,"24.679689, 46.7197805"
AD-DOBBAT,الوسط,AL-MALAZ,Bayt Al Nayyifah Residential Units,تجاري,Residential units,"24.6797573, 46.7214386"
AD-DOBBAT,الوسط,AL-MALAZ,Innosa Outlets,تجاري,Not available,"24.6729564, 46.7214067"
AD-DOBBAT,الوسط,AL-MALAZ,Rabat Al Furzadq 1,تجاري,Not available,"24.6719833, 46.7217795"
AL-NUZHA,الوسط,AL-OLAYA,Ibha Lammar Hotel Apartments 2,تجاري,Hotel apartments,"24.7534393, 46.7041387"
AL-NUZHA,الوسط,AL-OLAYA,Al Nuzha Square,تجاري,Not available,"24.757872, 46.713706"
AL-NUZHA,الوسط,AL-OLAYA,Dom Riyadh Apartments,تجاري,Not available,"24.7585962, 46.7150441"
AL-NUZHA,الوسط,AL-OLAYA,Mokador Hotel Suites,تجاري,Hotel,"24.753211, 46.701202"
AL-NUZHA,الوسط,AL-OLAYA,Saudi National Bank (Al Ahli Bank),تجاري,Bank,"24.7472205, 46.7091036"
AL-NUZHA,الوسط,AL-OLAYA,Haram Plaza,تجاري,Not available,"24.7454131, 46.7041158"
AL-NUZHA,الوسط,AL-OLAYA,Tawhid Gate Furnished Residential Units,تجاري,Residential units,"24.7677318, 46.7124184"
AL-NUZHA,الوسط,AL-OLAYA,Aal Alkaif Markets and Roasters - Al Nuzha,تجاري,Not available,"24.7660103, 46.7134595"
AL-NUZHA,الوسط,AL-OLAYA,Markets and Bakeries,تجاري,Not available,"24.7654791, 46.7136578"
AL-NUZHA,الوسط,AL-OLAYA,Riyadh Bank,تجاري,Bank,"24.7668942, 46.7094864"
AL-NUZHA,الوسط,AL-OLAYA,Inma Bank,تجاري,Bank,"24.7656937, 46.7066195"
AL-NUZHA,الوسط,AL-OLAYA,Meed,تجاري,Not available,"24.7639415, 46.7024595"
AL-NUZHA,الوسط,AL-OLAYA,Saudi Investment Bank,تجاري,Bank,"24.759956, 46.695693"
AL-NUZHA,الوسط,AL-OLAYA,Supermarket,تجاري,Supermarket,"24.7596558, 46.6957691"
AL-NUZHA,الوسط,AL-OLAYA,SABB Bank,تجاري,Bank,"24.7577888, 46.6967442"
AL-NUZHA,الوسط,AL-OLAYA,Waw Hotel,تجاري,Hotel,"24.7479416, 46.7105271"
AL-NUZHA,الوسط,AL-OLAYA,Al Bilad Bank,تجاري,Bank,"24.7586408, 46.7172213"
AL-NUZHA,الوسط,AL-OLAYA,Dar Hisham Hotel Apartments,تجاري,Hotel apartments,"24.7560947, 46.7069983"
AL-NUZHA,الوسط,AL-OLAYA,Karm Hotel,تجاري,Hotel,"24.7549955, 46.7059922"
AL-NUZHA,الوسط,AL-OLAYA,Rafa Hotel,تجاري,Hotel,"24.754904, 46.706377"
AL-NUZHA,الوسط,AL-OLAYA,Aval Hotel Apartments,تجاري,Hotel apartments,"24.7529933, 46.7007444"
AL-NUZHA,الوسط,AL-OLAYA,Mercato Plaza,تجاري,Not available,"24.7590247, 46.7162646"
AL-WIZARAT,الوسط,AL-MALAZ,City Supermarket,تجاري,Supermarket,"24.6741246, 46.7093356"
AL-WIZARAT,الوسط,AL-MALAZ,Saudi French Bank (Main Branch),تجاري,Bank,"24.6888498, 46.7178074"
AL-WIZARAT,الوسط,AL-MALAZ,Furnished Apartments,تجاري,Not available,"24.687008, 46.7149889"
AL-WIZARAT,الوسط,AL-MALAZ,Al-Rabee for Furnished Residential Units,تجاري,Residential units,"24.687471, 46.7143882"
AL-WIZARAT,الوسط,AL-MALAZ,Wadi Al-Shamiah Markets,تجاري,Not available,"24.6822579, 46.711653"
AL-WIZARAT,الوسط,AL-MALAZ,Saudi Investment Bank,تجاري,Bank,"24.683493, 46.710943"
AL-WIZARAT,الوسط,AL-MALAZ,Furnished Apartments,تجاري,Not available,"24.6823641, 46.7107199"
AL-WIZARAT,الوسط,AL-MALAZ,City Supermarket,تجاري,Supermarket,"24.6778872, 46.7087048"
AL-WIZARAT,الوسط,AL-MALAZ,Al Wafa Apartments,تجاري,Not available,"24.6742388, 46.7172735"
AL-WIZARAT,الوسط,AL-MALAZ,Rif Inn,تجاري,Not available,"24.6671976, 46.713938"
AL-WIZARAT,الوسط,AL-MALAZ,Nuha Markets,تجاري,Not available,"24.6679795, 46.7117679"
AL-MALAZ,الوسط,AL-MALAZ,Apartments for rent Riyadh,تجاري,Hotel apartments,"24.6633333, 46.72379"
AL-MALAZ,الوسط,AL-MALAZ,Al Ahli Commercial Bank,تجاري,Bank,"24.675312, 46.7277162"
AL-MALAZ,الوسط,AL-MALAZ,Riyadh Bank,تجاري,Bank,"24.6711875, 46.7324375"
AL-MALAZ,الوسط,AL-MALAZ,Al-Muhaidib Salahuddin - Al Malaz,تجاري,Not available,"24.6771892, 46.727269"
AL-MALAZ,الوسط,AL-MALAZ,Bank Al Bilad Branch,تجاري,Bank,"24.6710625, 46.7285625"
AL-MALAZ,الوسط,AL-MALAZ,Jabal Al Namas Commercial Markets,تجاري,Not available,"24.6605943, 46.7250423"
AL-MALAZ,الوسط,AL-MALAZ,Riyadh Riff Hotel International,تجاري,Hotel,"24.6590531, 46.7207947"
AL-MALAZ,الوسط,AL-MALAZ,Life Tower Furnished Suites,تجاري,Not available,"24.6608108, 46.725011"
AL-MALAZ,الوسط,AL-MALAZ,"Al-Muhaidib Units - Al Firdous Square, Malaz",تجاري,Not available,"24.6614788, 46.7264712"
AL-MALAZ,الوسط,AL-MALAZ,Q Hotel,تجاري,Hotel,"24.6615626, 46.7267394"
AL-MALAZ,الوسط,AL-MALAZ,Happiness Suite,تجاري,Not available,"24.6635612, 46.7302686"
AL-MALAZ,الوسط,AL-MALAZ,Commercial Complex,تجاري,Commercial complex,"24.6487656, 46.7293063"
AL-MALAZ,الوسط,AL-MALAZ,Dhuha Nira Furnished Apartments,تجاري,Not available,"24.6614433, 46.7257835"
AL-MALAZ,الوسط,AL-MALAZ,Tameemi Markets,تجاري,Not available,"24.662117, 46.7299003"
AL-MALAZ,الوسط,AL-MALAZ,Al-Muhaidib Hotel Suites,تجاري,Hotel,"24.6634727, 46.729941"
AL-MALAZ,الوسط,AL-MALAZ,Saba Malaz Hotel,تجاري,Hotel,"24.6684981, 46.7293288"
AL-MALAZ,الوسط,AL-MALAZ,Al Rajhi Bank,تجاري,Bank,"24.6689794, 46.728964"
AL-MALAZ,الوسط,AL-MALAZ,Al-Muhaidib Hotel Suites,تجاري,Hotel,"24.6669056, 46.7304332"
AL-MALAZ,الوسط,AL-MALAZ,National Commercial Bank,تجاري,Bank,"24.6605352, 46.7394836"
AL-MALAZ,الوسط,AL-MALAZ,Lulu Hypermarket,تجاري,Hypermarket,"24.6593904, 46.7512699"
AL-MALAZ,الوسط,AL-MALAZ,International House School of Butterflies,تجاري,Not available,"24.656699, 46.7406631"
AL-MALAZ,الوسط,AL-MALAZ,Al Rajhi Bank,تجاري,Bank,"24.6797174, 46.7421882"
AL-MALAZ,الوسط,AL-MALAZ,Nasq for Furnished Apartments 1,تجاري,Not available,"24.6759883, 46.7392219"
AL-MALAZ,الوسط,AL-MALAZ,Nasq for Furnished Apartments,تجاري,Not available,"24.676528, 46.7397428"
AL-MALAZ,الوسط,AL-MALAZ,Al Ahli Commercial Bank,تجاري,Bank,"24.6572907, 46.7406688"
AL-MALAZ,الوسط,AL-MALAZ,Al-Muhaidib Jarir,تجاري,Not available,"24.6717035, 46.7368121"
AL-MALAZ,الوسط,AL-MALAZ,InterCity Hotel,تجاري,Hotel,"24.6720053, 46.7360724"
AL-MALAZ,الوسط,AL-MALAZ,"Wafa Hypermarket, Malaz",تجاري,Not available,"24.6731146, 46.7421584"
AL-MALAZ,الوسط,AL-MALAZ,Ewan Tower for Furnished Residential Units,تجاري,Residential units,"24.6601095, 46.7297036"
AL-MALAZ,الوسط,AL-MALAZ,Othaim Markets,تجاري,Not available,"24.659285, 46.729933"
AL-MALAZ,الوسط,AL-MALAZ,Reem Malaz Furnished Residential Units,تجاري,Residential units,"24.6654374, 46.729033"
AL-MALAZ,الوسط,AL-MALAZ,Reem Malaz Furnished Residential Units,تجاري,Residential units,"24.6654374, 46.729033"
AL-MALAZ,الوسط,AL-MALAZ,Rayah Tower Hotel Apartments,تجاري,Hotel apartments,"24.6620425, 46.7274224"
AL-MALAZ,الوسط,AL-MALAZ,Al-Muhaidib Malaz University,تجاري,Not available,"24.6628004, 46.7288834"
AL-MALAZ,الوسط,AL-MALAZ,Asoul Residential Units,تجاري,Residential units,"24.6641181, 46.7280776"
AL-MALAZ,الوسط,AL-MALAZ,Layalina Hotel Apartments,تجاري,Hotel apartments,"24.6641852, 46.726966"
AL-MALAZ,الوسط,AL-MALAZ,Al Diyar Furnished Apartments,تجاري,Not available,"24.6596047, 46.7208217"
AL-MALAZ,الوسط,AL-MALAZ,Talin Hotel Group,تجاري,Hotel,"24.6617498, 46.7203808"
AL-MALAZ,الوسط,AL-MALAZ,Waroq Riyadh Hotel,تجاري,Hotel,"24.6619013, 46.7182059"
AL-MALAZ,الوسط,AL-MALAZ,Othaim Markets,تجاري,Not available,"24.663308, 46.718444"
AL-MALAZ,الوسط,AL-MALAZ,Durrat Riyadh Apartments,تجاري,Not available,"24.6641735, 46.7239882"
AL-MALAZ,الوسط,AL-MALAZ,Rukn Al Sultan Furnished Apartments in Malaz,تجاري,Not available,"24.662817, 46.7243184"
AL-MALAZ,الوسط,AL-MALAZ,Golden Dion Malaz,تجاري,Not available,"24.6736319, 46.7280183"
AL-AMAL,الوسط,AL-MALAZ,Capital Hotel,تجاري,Hotel,"24.6416267, 46.7212141"
AL-AMAL,الوسط,AL-MALAZ,Al-Arouba Hotel - Al Batha,تجاري,Hotel,"24.6417126, 46.7178291"
AL-AMAL,الوسط,AL-MALAZ,Asia Hotel,تجاري,Hotel,"24.642408, 46.7178712"
AL-AMAL,الوسط,AL-MALAZ,Tulip Inn,تجاري,Not available,"24.6436245, 46.7171478"
AL-AMAL,الوسط,AL-MALAZ,Al Rajhi Residences 1,تجاري,Residential units,"24.6445314, 46.716775"
AL-AMAL,الوسط,AL-MALAZ,Al Rajhi Residences 2,تجاري,Residential units,"24.6441974, 46.716708"
AL-AMAL,الوسط,AL-MALAZ,Al Rajhi Residences 3,تجاري,Residential units,"24.6439366, 46.7168823"
AL-AMAL,الوسط,AL-MALAZ,Al Rajhi Residences 3,تجاري,Residential units,"24.6434026, 46.7171961"
AL-AMAL,الوسط,AL-MALAZ,"Al Rajhi Commercial Center for Tours, Spare Parts, and Maintenance",تجاري,Commercial center,"24.6450756, 46.7165284"
AL-AMAL,الوسط,AL-MALAZ,"Al Hamra Palace, Markets Branch",تجاري,Not available,"24.6457092, 46.7159239"
AL-AMAL,الوسط,AL-MALAZ,Nesto Hypermarket,تجاري,Hypermarket,"24.6469764, 46.7167205"
AL-AMAL,الوسط,AL-MALAZ,Electron Commercial Center,تجاري,Commercial center,"24.6463387, 46.7166755"
AL-AMAL,الوسط,AL-MALAZ,Villagio Mall,تجاري,Commercial center,"24.6462975, 46.7170881"
AZ-ZAHRAA,الوسط,AL-MALAZ,Carrefour Market Malaz,تجاري,Not available,"24.6808985, 46.736024"
AZ-ZAHRAA,الوسط,AL-MALAZ,Park Inn by Radisson Riyadh,تجاري,Not available,"24.690666, 46.7322064"
AZ-ZAHRAA,الوسط,AL-MALAZ,Riyadh Bank,تجاري,Bank,"24.6850667, 46.7254452"
JAREER,الوسط,AL-MALAZ,Andalus Market,تجاري,Not available,"24.6703494, 46.7521785"
JAREER,الوسط,AL-MALAZ,Saudi National Bank,تجاري,Bank,"24.6815501, 46.7413926"
AL-WOROUD,الوسط,AL-OLAYA,Dom Al Arab Suites,تجاري,Not available,"24.7207503, 46.6904092"
AL-WOROUD,الوسط,AL-OLAYA,Ashbouna Hotel Suites,تجاري,Hotel,"24.7151497, 46.6747597"
AS-SULAIMANYAH,الوسط,AL-MALAZ,Uswl 4 Residential Units,تجاري,Residential units,"24.6855434, 46.7071696"
AS-SULAIMANYAH,الوسط,AL-MALAZ,Hospitality for Hotel Suites,تجاري,Hotel,"24.6845614, 46.703791"
AS-SULAIMANYAH,الوسط,AL-MALAZ,Durrat Safana Residential Units Hotel,تجاري,Hotel,"24.6831115, 46.7007521"
AS-SULAIMANYAH,الوسط,AL-MALAZ,Layann Residential Units,تجاري,Residential units,"24.6789023, 46.7022276"
AL-OLAYA,الوسط,AL-MALAZ,Al Mahaydib Al Olaya Khurais,تجاري,Not available,"24.6802463, 46.6935806"
AL-WOROUD,الوسط,AL-OLAYA,Saudi Investment Bank,تجاري,Bank,"24.730177, 46.687918"
AL-WOROUD,الوسط,AL-OLAYA,Alawwal Bank,تجاري,Bank,"24.727307, 46.6895078"
AL-WOROUD,الوسط,AL-OLAYA,"Saudi French Bank, Al Olaya Branch",تجاري,Bank,"24.7140249, 46.6753906"
AL-WOROUD,الوسط,AL-OLAYA,Al Olaya Mall,تجاري,Commercial center,"24.7144693, 46.6737996"
AL-WOROUD,الوسط,AL-OLAYA,Le Méridien Hotel,تجاري,Hotel,"24.728723, 46.6679483"
AL-WOROUD,الوسط,AL-OLAYA,Bank Albilad Branch,تجاري,Bank,"24.7308308, 46.6731523"
AL-WOROUD,الوسط,AL-OLAYA,Saudi National Bank,تجاري,Bank,"24.7344801, 46.6813903"
AL-WOROUD,الوسط,AL-OLAYA,Al Olaya View,تجاري,Not available,"24.7139181, 46.6721613"
AL-WOROUD,الوسط,AL-OLAYA,Abaya Mall,تجاري,Commercial center,"24.7178987, 46.6723992"
AL-WOROUD,الوسط,AL-OLAYA,Andalus Commercial Center,تجاري,Commercial center,"24.7190834, 46.6714806"
AL-FUTAH,الوسط,AL-MALAZ,Al Rajhi Bank,تجاري,Bank,"24.6385913, 46.7142624"
AL-FUTAH,الوسط,AL-MALAZ,Al Batha Commercial Center,تجاري,Commercial center,"24.639678, 46.7172242"
AS-SULAIMANYAH,الوسط,AL-MALAZ,Riyadh Petroleum,تجاري,Not available,"24.6816188, 46.7009389"
AS-SULAIMANYAH,الوسط,AL-MALAZ,Wyndham Garden Riyadh,تجاري,Not available,"24.6841066, 46.7095368"
AL-OLAYA,الوسط,AL-MALAZ,Crowne Plaza Gulf Hotel,تجاري,Hotel,"24.676724, 46.6942366"
AL-OLAYA,الوسط,AL-MALAZ,Budl Khurais Hotel,تجاري,Hotel,"24.6801696, 46.6932212"
AZ-ZAHRAA,الوسط,AL-MALAZ,Riyad Bank,تجاري,Bank,"24.68552763, 46.73333109"
AZ-ZAHRAA,الوسط,AL-MALAZ,Alinma Bank,تجاري,Bank,"24.69220591, 46.72405592"
AS-SAFA,الوسط,AL-MALAZ,,تجاري,Not available,"24.66741194, 46.78219397"
AS-SAFA,الوسط,AL-MALAZ,,تجاري,Not available,"24.67824727, 46.77549446"
AS-SINAIYAH,الوسط,AL-MALAZ,Riyad Bank,تجاري,Bank,"24.64505725, 46.73830203"
AS-SINAIYAH,الوسط,AL-MALAZ,SNB AlAhli,تجاري,Not available,"24.63969276, 46.73755962"
AS-SINAIYAH,الوسط,AL-MALAZ,ANB Bank,تجاري,Bank,"24.64031158, 46.74965926"
AS-SINAIYAH,الوسط,AL-MALAZ,Al Rajhi  Bank,تجاري,Bank,"24.63600383, 46.73757374"
AS-SINAIYAH,الوسط,AL-MALAZ,Bank AlBilad,تجاري,Bank,"24.63927833, 46.73909175"
AL-FARUQ,الوسط,AL-MALAZ,CommercialPN,تجاري,Not available,"24.6659054, 46.7846034"
AL-FARUQ,الوسط,AL-MALAZ,CommercialPN,تجاري,Not available,"24.6658965, 46.7841152"
AL-FARUQ,الوسط,AL-MALAZ,CommercialPN,تجاري,Not available,"24.6644843, 46.785226"
AL-FARUQ,الوسط,AL-MALAZ,CommercialPN,تجاري,Not available,"24.6631465, 46.7860538"
AL-FARUQ,الوسط,AL-MALAZ,CommercialPN,تجاري,Not available,"24.662334, 46.7864178"
AL-FARUQ,الوسط,AL-MALAZ,CommercialPN,تجاري,Not available,"24.6620526, 46.786554"
AL-FARUQ,الوسط,AL-MALAZ,CommercialPN,تجاري,Not available,"24.661434, 46.7853913"
AL-FARUQ,الوسط,AL-MALAZ,CommercialPN,تجاري,Not available,"24.6611275, 46.7846443"
AL-FARUQ,الوسط,AL-MALAZ,CommercialPN,تجاري,Not available,"24.659251, 46.787358"
AL-FARUQ,الوسط,AL-MALAZ,CommercialPN,تجاري,Not available,"24.6584819, 46.7856896"
AL-FARUQ,الوسط,AL-MALAZ,CommercialPN,تجاري,Not available,"24.6578261, 46.7888007"
AL-FARUQ,الوسط,AL-MALAZ,CommercialPN,تجاري,Not available,"24.6583938, 46.7885466"
AL-FARUQ,الوسط,AL-MALAZ,CommercialPN,تجاري,Not available,"24.6563678, 46.7895886"
AR-RABWAH,الوسط,AL-MALAZ,CommercialPN,تجاري,Not available,"24.686484, 46.746944"
AR-RABWAH,الوسط,AL-MALAZ,CommercialPN,تجاري,Not available,"24.693928, 46.770064"
AR-RABWAH,الوسط,AL-MALAZ,CommercialPN,تجاري,Not available,"24.688549, 46.753167"
AR-RABWAH,الوسط,AL-MALAZ,CommercialPN,تجاري,Not available,"24.680423, 46.776066"
AR-RABWAH,الوسط,AL-MALAZ,CommercialPN,تجاري,Not available,"24.692705, 46.732556"
AR-RABWAH,الوسط,AL-MALAZ,CommercialPN,تجاري,Not available,"24.688585, 46.77513"
AR-RABWAH,الوسط,AL-MALAZ,CommercialPN,تجاري,Not available,"24.688547, 46.752483"
AR-RABWAH,الوسط,AL-MALAZ,CommercialPN,تجاري,Not available,"24.68674, 46.746759"
